year,month,brand,powertrain,count
2016,1,ALFA ROMEO,Diesel,8
2016,1,ALFA ROMEO,Petrol,52
2016,1,ALPINA,Diesel,4
2016,1,ALPINA,Petrol,2
2016,1,ASTON MARTIN,Petrol,15
2016,1,AUDI,CNG,4
2016,1,AUDI,Diesel,537
2016,1,AUDI,PHEV,10
2016,1,AUDI,Petrol,378
2016,1,BENTLEY,Petrol,14
2016,1,BMW,BEV,10
2016,1,BMW,Diesel,1159
2016,1,BMW,Hybrid (Petrol),18
2016,1,BMW,PHEV,23
2016,1,BMW,Petrol,523
2016,1,CADILLAC,Petrol,12
2016,1,CHEVROLET,Diesel,3
2016,1,CHEVROLET,Petrol,6
2016,1,CITROEN,BEV,1
2016,1,CITROEN,Diesel,190
2016,1,CITROEN,Hybrid (Diesel),5
2016,1,CITROEN,Petrol,418
2016,1,DACIA,Diesel,67
2016,1,DACIA,Petrol,396
2016,1,FERRARI,Hybrid (Petrol),1
2016,1,FERRARI,Petrol,22
2016,1,FIAT,CNG,12
2016,1,FIAT,Diesel,99
2016,1,FIAT,Petrol,482
2016,1,FORD,Diesel,400
2016,1,FORD,Petrol,331
2016,1,FORD-CNG-TECHNIK,Hybrid (Petrol),5
2016,1,FORD-CNG-TECHNIK,PHEV,8
2016,1,HONDA,Diesel,99
2016,1,HONDA,Petrol,222
2016,1,HYUNDAI,Diesel,450
2016,1,HYUNDAI,Petrol,318
2016,1,INFINITI,Diesel,12
2016,1,INFINITI,Hybrid (Petrol),3
2016,1,INFINITI,Petrol,1
2016,1,JAGUAR,Diesel,21
2016,1,JAGUAR,Petrol,21
2016,1,JEEP,Diesel,188
2016,1,JEEP,Petrol,37
2016,1,KIA,BEV,12
2016,1,KIA,Diesel,92
2016,1,KIA,Hybrid (Petrol),1
2016,1,KIA,Petrol,108
2016,1,LAMBORGHINI,Petrol,5
2016,1,LANCIA,CNG,1
2016,1,LANCIA,Petrol,12
2016,1,LAND ROVER,Diesel,173
2016,1,LAND ROVER,Hybrid (Diesel),3
2016,1,LAND ROVER,Petrol,53
2016,1,LEXUS,Hybrid (Petrol),59
2016,1,LEXUS,Petrol,4
2016,1,LOTUS,Petrol,6
2016,1,MASERATI,Diesel,9
2016,1,MASERATI,Petrol,27
2016,1,MAZDA,Diesel,162
2016,1,MAZDA,Petrol,448
2016,1,MC LAREN,Petrol,3
2016,1,MERCEDES-AMG,Petrol,44
2016,1,MERCEDES-BENZ,BEV,10
2016,1,MERCEDES-BENZ,Diesel,979
2016,1,MERCEDES-BENZ,Hybrid (Diesel),1
2016,1,MERCEDES-BENZ,Hybrid (Petrol),76
2016,1,MERCEDES-BENZ,PHEV,3
2016,1,MERCEDES-BENZ,Petrol,840
2016,1,MICRO COMPACT CAR,Petrol,1
2016,1,MINI,Diesel,28
2016,1,MINI,Petrol,254
2016,1,MITSUBISHI,BEV,1
2016,1,MITSUBISHI,Diesel,87
2016,1,MITSUBISHI,PHEV,20
2016,1,MITSUBISHI,Petrol,117
2016,1,NISSAN,BEV,16
2016,1,NISSAN,Diesel,215
2016,1,NISSAN,Petrol,301
2016,1,OPEL,CNG,1
2016,1,OPEL,Diesel,167
2016,1,OPEL,Petrol,553
2016,1,PEUGEOT,BEV,5
2016,1,PEUGEOT,Diesel,158
2016,1,PEUGEOT,Hybrid (Diesel),44
2016,1,PEUGEOT,Petrol,576
2016,1,PORSCHE,Diesel,54
2016,1,PORSCHE,Hybrid (Petrol),15
2016,1,PORSCHE,Petrol,202
2016,1,RENAULT,BEV,29
2016,1,RENAULT,Diesel,421
2016,1,RENAULT,Petrol,622
2016,1,ROLLS ROYCE,Petrol,3
2016,1,SEAT,CNG,3
2016,1,SEAT,Diesel,234
2016,1,SEAT,Petrol,337
2016,1,SKODA,CNG,8
2016,1,SKODA,Diesel,772
2016,1,SKODA,Petrol,729
2016,1,SMART,Petrol,226
2016,1,SSANGYONG,Diesel,52
2016,1,SSANGYONG,Petrol,11
2016,1,SUBARU,Diesel,27
2016,1,SUBARU,Petrol,188
2016,1,SUZUKI,Diesel,82
2016,1,SUZUKI,Petrol,401
2016,1,TESLA,BEV,140
2016,1,TOYOTA,Diesel,47
2016,1,TOYOTA,Hybrid (Petrol),273
2016,1,TOYOTA,Petrol,326
2016,1,UEBRIGE (SIEHE TYP),Diesel,2
2016,1,VOLVO,Diesel,460
2016,1,VOLVO,Diesel PHEV,4
2016,1,VOLVO,PHEV,63
2016,1,VOLVO,Petrol,134
2016,1,VW,BEV,10
2016,1,VW,CNG,10
2016,1,VW,Diesel,1202
2016,1,VW,PHEV,12
2016,1,VW,Petrol,1166
2016,2,ALFA ROMEO,Diesel,5
2016,2,ALFA ROMEO,Petrol,69
2016,2,ALPINA,Diesel,2
2016,2,ALPINA,Petrol,5
2016,2,ASTON MARTIN,Petrol,9
2016,2,AUDI,CNG,1
2016,2,AUDI,Diesel,577
2016,2,AUDI,PHEV,17
2016,2,AUDI,Petrol,545
2016,2,BENTLEY,Petrol,9
2016,2,BMW,BEV,11
2016,2,BMW,Diesel,1098
2016,2,BMW,Hybrid (Petrol),9
2016,2,BMW,PHEV,75
2016,2,BMW,Petrol,591
2016,2,CADILLAC,PHEV,2
2016,2,CADILLAC,Petrol,32
2016,2,CHEVROLET,Petrol,9
2016,2,CITROEN,BEV,3
2016,2,CITROEN,Diesel,236
2016,2,CITROEN,Hybrid (Diesel),10
2016,2,CITROEN,Petrol,398
2016,2,DACIA,Diesel,70
2016,2,DACIA,Petrol,275
2016,2,DODGE,Petrol,5
2016,2,FERRARI,Petrol,24
2016,2,FIAT,CNG,33
2016,2,FIAT,Diesel,128
2016,2,FIAT,Petrol,479
2016,2,FORD,Diesel,478
2016,2,FORD,Petrol,609
2016,2,FORD-CNG-TECHNIK,Hybrid (Petrol),4
2016,2,FORD-CNG-TECHNIK,PHEV,7
2016,2,HONDA,Diesel,74
2016,2,HONDA,Petrol,271
2016,2,HYUNDAI,Diesel,459
2016,2,HYUNDAI,Petrol,311
2016,2,INFINITI,Diesel,22
2016,2,INFINITI,Hybrid (Petrol),1
2016,2,INFINITI,Petrol,2
2016,2,JAGUAR,Diesel,22
2016,2,JAGUAR,Petrol,31
2016,2,JEEP,Diesel,170
2016,2,JEEP,Petrol,26
2016,2,KIA,BEV,7
2016,2,KIA,Diesel,128
2016,2,KIA,Petrol,159
2016,2,LAMBORGHINI,Petrol,6
2016,2,LANCIA,Petrol,5
2016,2,LAND ROVER,Diesel,316
2016,2,LAND ROVER,Hybrid (Diesel),1
2016,2,LAND ROVER,Petrol,102
2016,2,LEXUS,Hybrid (Petrol),75
2016,2,LEXUS,Petrol,10
2016,2,LOTUS,Petrol,8
2016,2,MASERATI,Diesel,11
2016,2,MASERATI,Petrol,52
2016,2,MAZDA,Diesel,164
2016,2,MAZDA,Petrol,537
2016,2,MC LAREN,Petrol,5
2016,2,MERCEDES-AMG,Petrol,48
2016,2,MERCEDES-BENZ,BEV,13
2016,2,MERCEDES-BENZ,Diesel,805
2016,2,MERCEDES-BENZ,Hybrid (Diesel),1
2016,2,MERCEDES-BENZ,Hybrid (Petrol),19
2016,2,MERCEDES-BENZ,PHEV,1
2016,2,MERCEDES-BENZ,Petrol,720
2016,2,MINI,Diesel,26
2016,2,MINI,Petrol,280
2016,2,MITSUBISHI,BEV,5
2016,2,MITSUBISHI,Diesel,108
2016,2,MITSUBISHI,PHEV,18
2016,2,MITSUBISHI,Petrol,102
2016,2,MORGAN,Petrol,1
2016,2,NISSAN,BEV,11
2016,2,NISSAN,Diesel,270
2016,2,NISSAN,Petrol,458
2016,2,OPEL,CNG,4
2016,2,OPEL,Diesel,196
2016,2,OPEL,PHEV,2
2016,2,OPEL,Petrol,711
2016,2,PEUGEOT,Diesel,219
2016,2,PEUGEOT,Hybrid (Diesel),50
2016,2,PEUGEOT,Petrol,632
2016,2,PORSCHE,Diesel,69
2016,2,PORSCHE,Hybrid (Petrol),5
2016,2,PORSCHE,Petrol,248
2016,2,RENAULT,BEV,21
2016,2,RENAULT,Diesel,489
2016,2,RENAULT,Petrol,678
2016,2,ROLLS ROYCE,Petrol,4
2016,2,SEAT,CNG,9
2016,2,SEAT,Diesel,253
2016,2,SEAT,Petrol,445
2016,2,SKODA,CNG,4
2016,2,SKODA,Diesel,835
2016,2,SKODA,Petrol,799
2016,2,SMART,Petrol,253
2016,2,SSANGYONG,Diesel,47
2016,2,SSANGYONG,Petrol,17
2016,2,SUBARU,Diesel,51
2016,2,SUBARU,Petrol,305
2016,2,SUZUKI,Diesel,63
2016,2,SUZUKI,Petrol,453
2016,2,TESLA,BEV,61
2016,2,TOYOTA,Diesel,52
2016,2,TOYOTA,Hybrid (Petrol),373
2016,2,TOYOTA,LPG,1
2016,2,TOYOTA,Petrol,345
2016,2,VOLVO,Diesel,368
2016,2,VOLVO,Diesel PHEV,4
2016,2,VOLVO,PHEV,41
2016,2,VOLVO,Petrol,112
2016,2,VW,BEV,6
2016,2,VW,CNG,11
2016,2,VW,Diesel,1286
2016,2,VW,Hybrid (Petrol),1
2016,2,VW,PHEV,29
2016,2,VW,Petrol,1448
2016,3,ALFA ROMEO,Diesel,2
2016,3,ALFA ROMEO,Petrol,70
2016,3,ALPINA,Diesel,2
2016,3,ALPINA,Petrol,6
2016,3,ASTON MARTIN,Petrol,13
2016,3,AUDI,CNG,2
2016,3,AUDI,Diesel,814
2016,3,AUDI,PHEV,25
2016,3,AUDI,Petrol,843
2016,3,BENTLEY,Petrol,10
2016,3,BMW,BEV,7
2016,3,BMW,Diesel,1328
2016,3,BMW,Hybrid (Petrol),6
2016,3,BMW,PHEV,33
2016,3,BMW,Petrol,797
2016,3,BUGATTI,Petrol,1
2016,3,CADILLAC,Petrol,27
2016,3,CHEVROLET,Petrol,22
2016,3,CITROEN,BEV,2
2016,3,CITROEN,Diesel,255
2016,3,CITROEN,Hybrid (Diesel),9
2016,3,CITROEN,Petrol,544
2016,3,DACIA,Diesel,84
2016,3,DACIA,Petrol,461
2016,3,DODGE,Petrol,14
2016,3,FERRARI,Hybrid (Petrol),4
2016,3,FERRARI,Petrol,38
2016,3,FIAT,CNG,19
2016,3,FIAT,Diesel,101
2016,3,FIAT,Petrol,494
2016,3,FISKER,PHEV,1
2016,3,FORD,Diesel,506
2016,3,FORD,Petrol,616
2016,3,FORD-CNG-TECHNIK,Hybrid (Petrol),12
2016,3,FORD-CNG-TECHNIK,PHEV,10
2016,3,GMC,Petrol,1
2016,3,HONDA,Diesel,166
2016,3,HONDA,Petrol,506
2016,3,HYUNDAI,Diesel,498
2016,3,HYUNDAI,Petrol,381
2016,3,INFINITI,Diesel,105
2016,3,INFINITI,Hybrid (Petrol),3
2016,3,INFINITI,Petrol,43
2016,3,JAGUAR,Diesel,53
2016,3,JAGUAR,Petrol,80
2016,3,JEEP,Diesel,193
2016,3,JEEP,Petrol,35
2016,3,KIA,BEV,12
2016,3,KIA,Diesel,159
2016,3,KIA,Petrol,257
2016,3,LAMBORGHINI,Petrol,10
2016,3,LANCIA,Petrol,19
2016,3,LAND ROVER,Diesel,294
2016,3,LAND ROVER,Hybrid (Diesel),5
2016,3,LAND ROVER,Petrol,114
2016,3,LEXUS,Hybrid (Petrol),71
2016,3,LEXUS,Petrol,12
2016,3,LOTUS,Petrol,8
2016,3,MASERATI,Diesel,10
2016,3,MASERATI,Petrol,36
2016,3,MAZDA,Diesel,272
2016,3,MAZDA,Petrol,923
2016,3,MC LAREN,Petrol,7
2016,3,MERCEDES-AMG,Petrol,54
2016,3,MERCEDES-BENZ,BEV,5
2016,3,MERCEDES-BENZ,Diesel,974
2016,3,MERCEDES-BENZ,Hybrid (Diesel),1
2016,3,MERCEDES-BENZ,Hybrid (Petrol),22
2016,3,MERCEDES-BENZ,PHEV,3
2016,3,MERCEDES-BENZ,Petrol,1078
2016,3,MINI,Diesel,41
2016,3,MINI,Petrol,350
2016,3,MITSUBISHI,BEV,18
2016,3,MITSUBISHI,Diesel,132
2016,3,MITSUBISHI,PHEV,33
2016,3,MITSUBISHI,Petrol,216
2016,3,MORGAN,Petrol,1
2016,3,NISSAN,BEV,52
2016,3,NISSAN,Diesel,361
2016,3,NISSAN,Petrol,420
2016,3,OPEL,CNG,10
2016,3,OPEL,Diesel,218
2016,3,OPEL,PHEV,5
2016,3,OPEL,Petrol,1207
2016,3,PEUGEOT,BEV,5
2016,3,PEUGEOT,Diesel,238
2016,3,PEUGEOT,Hybrid (Diesel),46
2016,3,PEUGEOT,Petrol,750
2016,3,PORSCHE,Diesel,72
2016,3,PORSCHE,Hybrid (Petrol),19
2016,3,PORSCHE,Petrol,365
2016,3,RENAULT,BEV,53
2016,3,RENAULT,Diesel,444
2016,3,RENAULT,Petrol,644
2016,3,SEAT,CNG,10
2016,3,SEAT,Diesel,281
2016,3,SEAT,Petrol,441
2016,3,SECMA,BEV,1
2016,3,SKODA,CNG,1
2016,3,SKODA,Diesel,931
2016,3,SKODA,Petrol,955
2016,3,SMART,BEV,2
2016,3,SMART,Petrol,354
2016,3,SSANGYONG,Diesel,47
2016,3,SSANGYONG,Petrol,26
2016,3,STIMBO,BEV,1
2016,3,SUBARU,Diesel,94
2016,3,SUBARU,Petrol,575
2016,3,SUZUKI,Diesel,115
2016,3,SUZUKI,Petrol,592
2016,3,TAZZARI,BEV,4
2016,3,TESLA,BEV,243
2016,3,TOYOTA,Diesel,68
2016,3,TOYOTA,Hybrid (Petrol),553
2016,3,TOYOTA,PHEV,1
2016,3,TOYOTA,Petrol,571
2016,3,UEBRIGE (SIEHE TYP),Diesel,1
2016,3,UEBRIGE (SIEHE TYP),Petrol,1
2016,3,VOLVO,Diesel,408
2016,3,VOLVO,Diesel PHEV,17
2016,3,VOLVO,PHEV,27
2016,3,VOLVO,Petrol,135
2016,3,VW,BEV,11
2016,3,VW,CNG,13
2016,3,VW,Diesel,1477
2016,3,VW,Hybrid (Petrol),1
2016,3,VW,PHEV,72
2016,3,VW,Petrol,1863
2016,4,ALFA ROMEO,Diesel,2
2016,4,ALFA ROMEO,Petrol,87
2016,4,ALPINA,Diesel,2
2016,4,ALPINA,Petrol,5
2016,4,ASTON MARTIN,Petrol,10
2016,4,AUDI,CNG,2
2016,4,AUDI,Diesel,883
2016,4,AUDI,Hybrid (Petrol),1
2016,4,AUDI,PHEV,37
2016,4,AUDI,Petrol,822
2016,4,BENTLEY,Petrol,24
2016,4,BMW,BEV,5
2016,4,BMW,Diesel,1356
2016,4,BMW,Hybrid (Petrol),12
2016,4,BMW,PHEV,34
2016,4,BMW,Petrol,926
2016,4,CADILLAC,Petrol,18
2016,4,CATERHAM,Petrol,3
2016,4,CHEVROLET,Petrol,22
2016,4,CITROEN,BEV,9
2016,4,CITROEN,Diesel,285
2016,4,CITROEN,Hybrid (Diesel),3
2016,4,CITROEN,Petrol,586
2016,4,CITROEN-DANGEL,Diesel,2
2016,4,DACIA,Diesel,109
2016,4,DACIA,Petrol,507
2016,4,DODGE,Petrol,12
2016,4,FERRARI,Hybrid (Petrol),2
2016,4,FERRARI,Petrol,54
2016,4,FIAT,CNG,25
2016,4,FIAT,Diesel,133
2016,4,FIAT,Petrol,610
2016,4,FORD,Diesel,510
2016,4,FORD,Petrol,592
2016,4,FORD-CNG-TECHNIK,Hybrid (Petrol),3
2016,4,FORD-CNG-TECHNIK,PHEV,4
2016,4,FORD-CNG-TECHNIK,Petrol,31
2016,4,HONDA,Diesel,135
2016,4,HONDA,Hybrid (Petrol),1
2016,4,HONDA,Petrol,343
2016,4,HYUNDAI,Diesel,563
2016,4,HYUNDAI,Petrol,428
2016,4,INFINITI,Diesel,47
2016,4,INFINITI,Petrol,14
2016,4,JAGUAR,Diesel,61
2016,4,JAGUAR,Petrol,40
2016,4,JEEP,Diesel,208
2016,4,JEEP,Petrol,63
2016,4,KIA,BEV,11
2016,4,KIA,Diesel,194
2016,4,KIA,Petrol,352
2016,4,LAMBORGHINI,Petrol,16
2016,4,LANCIA,CNG,2
2016,4,LANCIA,Petrol,1
2016,4,LAND ROVER,Diesel,195
2016,4,LAND ROVER,Hybrid (Diesel),1
2016,4,LAND ROVER,Petrol,76
2016,4,LEXUS,Hybrid (Petrol),60
2016,4,LEXUS,Petrol,9
2016,4,LOTUS,Petrol,9
2016,4,MASERATI,Diesel,6
2016,4,MASERATI,Petrol,50
2016,4,MAZDA,Diesel,202
2016,4,MAZDA,Petrol,694
2016,4,MC LAREN,Petrol,8
2016,4,MERCEDES-AMG,Petrol,56
2016,4,MERCEDES-BENZ,BEV,11
2016,4,MERCEDES-BENZ,Diesel,1035
2016,4,MERCEDES-BENZ,Hybrid (Diesel),2
2016,4,MERCEDES-BENZ,Hybrid (Petrol),19
2016,4,MERCEDES-BENZ,PHEV,2
2016,4,MERCEDES-BENZ,Petrol,1142
2016,4,MINI,Diesel,40
2016,4,MINI,Petrol,453
2016,4,MITSUBISHI,BEV,12
2016,4,MITSUBISHI,Diesel,156
2016,4,MITSUBISHI,PHEV,19
2016,4,MITSUBISHI,Petrol,205
2016,4,NISSAN,BEV,35
2016,4,NISSAN,Diesel,168
2016,4,NISSAN,Petrol,281
2016,4,OPEL,Diesel,198
2016,4,OPEL,PHEV,4
2016,4,OPEL,Petrol,801
2016,4,PEUGEOT,BEV,5
2016,4,PEUGEOT,Diesel,187
2016,4,PEUGEOT,Hybrid (Diesel),60
2016,4,PEUGEOT,Petrol,697
2016,4,PORSCHE,Diesel,113
2016,4,PORSCHE,Hybrid (Petrol),12
2016,4,PORSCHE,Petrol,358
2016,4,RENAULT,BEV,41
2016,4,RENAULT,Diesel,616
2016,4,RENAULT,Petrol,845
2016,4,ROLLS ROYCE,Petrol,5
2016,4,ROVER,Diesel,1
2016,4,SEAT,CNG,9
2016,4,SEAT,Diesel,375
2016,4,SEAT,Petrol,435
2016,4,SKODA,CNG,7
2016,4,SKODA,Diesel,1093
2016,4,SKODA,Petrol,895
2016,4,SMART,Petrol,237
2016,4,SSANGYONG,Diesel,71
2016,4,SSANGYONG,Petrol,17
2016,4,SUBARU,Diesel,129
2016,4,SUBARU,Petrol,589
2016,4,SUZUKI,Diesel,148
2016,4,SUZUKI,Hybrid (Petrol),13
2016,4,SUZUKI,Petrol,680
2016,4,TESLA,BEV,84
2016,4,TOYO-KOGYO,Hybrid (Petrol),1
2016,4,TOYOTA,Diesel,52
2016,4,TOYOTA,Hybrid (Petrol),476
2016,4,TOYOTA,Petrol,359
2016,4,VOLVO,Diesel,406
2016,4,VOLVO,Diesel PHEV,5
2016,4,VOLVO,PHEV,27
2016,4,VOLVO,Petrol,124
2016,4,VW,BEV,9
2016,4,VW,CNG,22
2016,4,VW,Diesel,1491
2016,4,VW,Hybrid (Petrol),1
2016,4,VW,PHEV,60
2016,4,VW,Petrol,1767
2016,5,ABARTH,Petrol,1
2016,5,ALFA ROMEO,Diesel,8
2016,5,ALFA ROMEO,Petrol,110
2016,5,ALPINA,Diesel,2
2016,5,ALPINA,Petrol,3
2016,5,ASTON MARTIN,Petrol,17
2016,5,AUDI,CNG,4
2016,5,AUDI,Diesel,803
2016,5,AUDI,PHEV,23
2016,5,AUDI,Petrol,702
2016,5,BENTLEY,Petrol,20
2016,5,BMW,BEV,18
2016,5,BMW,Diesel,1086
2016,5,BMW,Hybrid (Petrol),16
2016,5,BMW,PHEV,37
2016,5,BMW,Petrol,913
2016,5,CADILLAC,PHEV,1
2016,5,CADILLAC,Petrol,10
2016,5,CATERHAM,Petrol,6
2016,5,CHEVROLET,Diesel,1
2016,5,CHEVROLET,Petrol,19
2016,5,CHRYSLER,Petrol,1
2016,5,CITROEN,BEV,6
2016,5,CITROEN,Diesel,229
2016,5,CITROEN,Hybrid (Diesel),10
2016,5,CITROEN,Petrol,496
2016,5,DACIA,Diesel,110
2016,5,DACIA,Petrol,442
2016,5,DODGE,Petrol,14
2016,5,FERRARI,Hybrid (Petrol),4
2016,5,FERRARI,Petrol,41
2016,5,FIAT,CNG,37
2016,5,FIAT,Diesel,96
2016,5,FIAT,Petrol,599
2016,5,FORD,Diesel,525
2016,5,FORD,Petrol,624
2016,5,FORD ECONOLINE,Petrol,1
2016,5,FORD-CNG-TECHNIK,Hybrid (Petrol),1
2016,5,FORD-CNG-TECHNIK,PHEV,3
2016,5,FORD-CNG-TECHNIK,Petrol,26
2016,5,HONDA,Diesel,102
2016,5,HONDA,Hybrid (Petrol),1
2016,5,HONDA,Petrol,339
2016,5,HYUNDAI,Diesel,554
2016,5,HYUNDAI,Petrol,329
2016,5,INFINITI,Diesel,14
2016,5,INFINITI,Hybrid (Petrol),2
2016,5,INFINITI,Petrol,31
2016,5,JAGUAR,Diesel,111
2016,5,JAGUAR,Petrol,57
2016,5,JEEP,Diesel,300
2016,5,JEEP,Petrol,67
2016,5,KIA,BEV,9
2016,5,KIA,Diesel,232
2016,5,KIA,Petrol,244
2016,5,LAMBORGHINI,Petrol,9
2016,5,LANCIA,CNG,1
2016,5,LANCIA,Petrol,5
2016,5,LAND ROVER,Diesel,201
2016,5,LAND ROVER,Hybrid (Diesel),4
2016,5,LAND ROVER,Petrol,107
2016,5,LEXUS,Hybrid (Petrol),63
2016,5,LEXUS,Petrol,11
2016,5,LOTUS,Petrol,15
2016,5,MASERATI,Diesel,8
2016,5,MASERATI,Petrol,58
2016,5,MAZDA,Diesel,180
2016,5,MAZDA,Petrol,451
2016,5,MC LAREN,Hybrid (Petrol),1
2016,5,MC LAREN,Petrol,12
2016,5,MERCEDES-AMG,Petrol,43
2016,5,MERCEDES-BENZ,BEV,13
2016,5,MERCEDES-BENZ,Diesel,868
2016,5,MERCEDES-BENZ,Hybrid (Diesel),1
2016,5,MERCEDES-BENZ,Hybrid (Petrol),7
2016,5,MERCEDES-BENZ,PHEV,2
2016,5,MERCEDES-BENZ,Petrol,886
2016,5,MINI,Diesel,44
2016,5,MINI,Petrol,457
2016,5,MITSUBISHI,BEV,3
2016,5,MITSUBISHI,Diesel,98
2016,5,MITSUBISHI,PHEV,27
2016,5,MITSUBISHI,Petrol,209
2016,5,MORGAN,Petrol,1
2016,5,NISSAN,BEV,11
2016,5,NISSAN,Diesel,151
2016,5,NISSAN,Petrol,267
2016,5,OPEL,CNG,2
2016,5,OPEL,Diesel,241
2016,5,OPEL,PHEV,5
2016,5,OPEL,Petrol,850
2016,5,PEUGEOT,BEV,1
2016,5,PEUGEOT,Diesel,166
2016,5,PEUGEOT,Hybrid (Diesel),35
2016,5,PEUGEOT,Petrol,631
2016,5,PORSCHE,Diesel,84
2016,5,PORSCHE,Hybrid (Petrol),17
2016,5,PORSCHE,Petrol,313
2016,5,RENAULT,BEV,40
2016,5,RENAULT,Diesel,441
2016,5,RENAULT,Petrol,495
2016,5,ROLLS ROYCE,Petrol,9
2016,5,SAAB,Petrol,1
2016,5,SEAT,CNG,15
2016,5,SEAT,Diesel,306
2016,5,SEAT,Petrol,429
2016,5,SKODA,CNG,5
2016,5,SKODA,Diesel,891
2016,5,SKODA,Petrol,887
2016,5,SMART,BEV,1
2016,5,SMART,Petrol,219
2016,5,SSANGYONG,Diesel,74
2016,5,SSANGYONG,Petrol,18
2016,5,SUBARU,Diesel,68
2016,5,SUBARU,Petrol,393
2016,5,SUZUKI,Diesel,101
2016,5,SUZUKI,Hybrid (Petrol),34
2016,5,SUZUKI,Petrol,507
2016,5,TESLA,BEV,59
2016,5,TOYOTA,Diesel,58
2016,5,TOYOTA,Hybrid (Petrol),481
2016,5,TOYOTA,LPG,1
2016,5,TOYOTA,Petrol,309
2016,5,VOLVO,Diesel,428
2016,5,VOLVO,Diesel PHEV,8
2016,5,VOLVO,PHEV,45
2016,5,VOLVO,Petrol,145
2016,5,VW,BEV,13
2016,5,VW,CNG,13
2016,5,VW,Diesel,1574
2016,5,VW,Hybrid (Petrol),1
2016,5,VW,PHEV,22
2016,5,VW,Petrol,1910
2016,5,VW-MAN,Diesel,1
2016,6,AB KAWASAKI,Diesel,1
2016,6,ALFA ROMEO,Diesel,55
2016,6,ALFA ROMEO,Petrol,79
2016,6,ALPINA,Diesel,3
2016,6,ALPINA,Petrol,3
2016,6,ASTON MARTIN,Petrol,10
2016,6,AUDI,CNG,4
2016,6,AUDI,Diesel,1013
2016,6,AUDI,PHEV,6
2016,6,AUDI,Petrol,807
2016,6,BENTLEY,Petrol,16
2016,6,BMW,BEV,21
2016,6,BMW,Diesel,1389
2016,6,BMW,Hybrid (Petrol),31
2016,6,BMW,PHEV,58
2016,6,BMW,Petrol,850
2016,6,CADILLAC,Petrol,17
2016,6,CATERHAM,Petrol,7
2016,6,CHEVROLET,PHEV,1
2016,6,CHEVROLET,Petrol,21
2016,6,CHRYSLER,Petrol,1
2016,6,CITROEN,BEV,14
2016,6,CITROEN,Diesel,340
2016,6,CITROEN,Hybrid (Diesel),5
2016,6,CITROEN,Petrol,644
2016,6,DACIA,Diesel,165
2016,6,DACIA,Petrol,517
2016,6,DODGE,Petrol,21
2016,6,DS,Petrol,5
2016,6,FERRARI,Hybrid (Petrol),1
2016,6,FERRARI,Petrol,44
2016,6,FIAT,CNG,43
2016,6,FIAT,Diesel,122
2016,6,FIAT,Petrol,706
2016,6,FORD,Diesel,593
2016,6,FORD,Petrol,548
2016,6,FORD-CNG-TECHNIK,Hybrid (Petrol),3
2016,6,FORD-CNG-TECHNIK,PHEV,2
2016,6,FORD-CNG-TECHNIK,Petrol,39
2016,6,HONDA,Diesel,133
2016,6,HONDA,Petrol,361
2016,6,HYUNDAI,Diesel,467
2016,6,HYUNDAI,Petrol,310
2016,6,INFINITI,Diesel,33
2016,6,INFINITI,Hybrid (Petrol),1
2016,6,INFINITI,Petrol,29
2016,6,JAGUAR,Diesel,139
2016,6,JAGUAR,Petrol,64
2016,6,JEEP,Diesel,239
2016,6,JEEP,Petrol,58
2016,6,KIA,BEV,17
2016,6,KIA,Diesel,266
2016,6,KIA,Petrol,296
2016,6,LAMBORGHINI,Petrol,14
2016,6,LANCIA,Petrol,16
2016,6,LAND ROVER,Diesel,256
2016,6,LAND ROVER,Hybrid (Diesel),4
2016,6,LAND ROVER,Petrol,145
2016,6,LEXUS,Hybrid (Petrol),36
2016,6,LEXUS,Petrol,9
2016,6,LOTUS,Petrol,11
2016,6,MASERATI,Diesel,12
2016,6,MASERATI,Petrol,63
2016,6,MAZDA,Diesel,474
2016,6,MAZDA,Petrol,592
2016,6,MC LAREN,Petrol,10
2016,6,MERCEDES-AMG,Petrol,42
2016,6,MERCEDES-BENZ,BEV,17
2016,6,MERCEDES-BENZ,Diesel,1076
2016,6,MERCEDES-BENZ,Hybrid (Petrol),40
2016,6,MERCEDES-BENZ,PHEV,9
2016,6,MERCEDES-BENZ,Petrol,1075
2016,6,MERCEDES-BENZ-WEINSBERG,Diesel,1
2016,6,MINI,Diesel,67
2016,6,MINI,Petrol,505
2016,6,MITSUBISHI,BEV,7
2016,6,MITSUBISHI,Diesel,168
2016,6,MITSUBISHI,PHEV,37
2016,6,MITSUBISHI,Petrol,308
2016,6,MORGAN,Petrol,3
2016,6,NISSAN,BEV,23
2016,6,NISSAN,Diesel,236
2016,6,NISSAN,Petrol,302
2016,6,OPEL,CNG,3
2016,6,OPEL,Diesel,375
2016,6,OPEL,PHEV,1
2016,6,OPEL,Petrol,1257
2016,6,PEUGEOT,BEV,5
2016,6,PEUGEOT,Diesel,205
2016,6,PEUGEOT,Hybrid (Diesel),39
2016,6,PEUGEOT,Petrol,755
2016,6,PGO,Petrol,1
2016,6,PORSCHE,Diesel,71
2016,6,PORSCHE,Hybrid (Petrol),14
2016,6,PORSCHE,Petrol,291
2016,6,RENAULT,BEV,35
2016,6,RENAULT,Diesel,730
2016,6,RENAULT,Petrol,739
2016,6,ROLLS ROYCE,Petrol,7
2016,6,SEAT,CNG,16
2016,6,SEAT,Diesel,399
2016,6,SEAT,Petrol,567
2016,6,SKODA,CNG,9
2016,6,SKODA,Diesel,936
2016,6,SKODA,Petrol,1006
2016,6,SMART,Petrol,282
2016,6,SSANGYONG,Diesel,115
2016,6,SSANGYONG,Petrol,18
2016,6,SUBARU,Diesel,86
2016,6,SUBARU,Petrol,655
2016,6,SUZUKI,Diesel,151
2016,6,SUZUKI,Hybrid (Petrol),55
2016,6,SUZUKI,Petrol,551
2016,6,TESLA,BEV,212
2016,6,TOYOTA,Diesel,50
2016,6,TOYOTA,Hybrid (Petrol),516
2016,6,TOYOTA,Petrol,388
2016,6,UEBRIGE (SIEHE TYP),Diesel,1
2016,6,VOLVO,Diesel,471
2016,6,VOLVO,Diesel PHEV,6
2016,6,VOLVO,PHEV,42
2016,6,VOLVO,Petrol,146
2016,6,VW,BEV,9
2016,6,VW,CNG,23
2016,6,VW,Diesel,1713
2016,6,VW,Hybrid (Petrol),2
2016,6,VW,PHEV,28
2016,6,VW,Petrol,2123
2016,7,ALFA ROMEO,Diesel,39
2016,7,ALFA ROMEO,Petrol,65
2016,7,ALPINA,Diesel,2
2016,7,ALPINA,Petrol,2
2016,7,ASTON MARTIN,Petrol,6
2016,7,AUDI,Diesel,998
2016,7,AUDI,Diesel PHEV,12
2016,7,AUDI,PHEV,43
2016,7,AUDI,Petrol,693
2016,7,BENTLEY,Petrol,21
2016,7,BMW,BEV,3
2016,7,BMW,Diesel,1226
2016,7,BMW,Hybrid (Petrol),14
2016,7,BMW,PHEV,35
2016,7,BMW,Petrol,706
2016,7,CADILLAC,PHEV,1
2016,7,CADILLAC,Petrol,7
2016,7,CATERHAM,Petrol,2
2016,7,CHEVROLET,Petrol,28
2016,7,CITROEN,BEV,12
2016,7,CITROEN,Diesel,220
2016,7,CITROEN,Hybrid (Diesel),3
2016,7,CITROEN,Petrol,558
2016,7,DACIA,Diesel,221
2016,7,DACIA,Petrol,963
2016,7,DODGE,Petrol,13
2016,7,DONKERVOORT,Petrol,1
2016,7,DS,Petrol,3
2016,7,FERRARI,Petrol,32
2016,7,FIAT,CNG,22
2016,7,FIAT,Diesel,124
2016,7,FIAT,Petrol,510
2016,7,FORD,Diesel,554
2016,7,FORD,Petrol,573
2016,7,FORD-CNG-TECHNIK,BEV,2
2016,7,FORD-CNG-TECHNIK,Hybrid (Petrol),6
2016,7,FORD-CNG-TECHNIK,PHEV,5
2016,7,FORD-CNG-TECHNIK,Petrol,23
2016,7,HONDA,Diesel,96
2016,7,HONDA,Petrol,200
2016,7,HYUNDAI,Diesel,345
2016,7,HYUNDAI,Petrol,254
2016,7,INFINITI,Diesel,49
2016,7,INFINITI,Petrol,40
2016,7,JAGUAR,Diesel,102
2016,7,JAGUAR,Petrol,54
2016,7,JEEP,Diesel,225
2016,7,JEEP,Petrol,68
2016,7,KIA,BEV,6
2016,7,KIA,Diesel,181
2016,7,KIA,Petrol,250
2016,7,LAMBORGHINI,Petrol,10
2016,7,LANCIA,Petrol,7
2016,7,LAND ROVER,Diesel,214
2016,7,LAND ROVER,Hybrid (Diesel),4
2016,7,LAND ROVER,Petrol,89
2016,7,LEXUS,Hybrid (Petrol),62
2016,7,LEXUS,Petrol,6
2016,7,LOTUS,Petrol,4
2016,7,MASERATI,Diesel,16
2016,7,MASERATI,Petrol,24
2016,7,MAZDA,Diesel,420
2016,7,MAZDA,Petrol,464
2016,7,MC LAREN,Petrol,4
2016,7,MERCEDES-AMG,Petrol,45
2016,7,MERCEDES-BENZ,BEV,12
2016,7,MERCEDES-BENZ,Diesel,851
2016,7,MERCEDES-BENZ,Hybrid (Petrol),50
2016,7,MERCEDES-BENZ,Petrol,853
2016,7,MINI,Diesel,33
2016,7,MINI,Petrol,484
2016,7,MITSUBISHI,BEV,5
2016,7,MITSUBISHI,Diesel,159
2016,7,MITSUBISHI,PHEV,61
2016,7,MITSUBISHI,Petrol,132
2016,7,MORGAN,Petrol,2
2016,7,NISSAN,BEV,7
2016,7,NISSAN,Diesel,214
2016,7,NISSAN,Petrol,219
2016,7,OPEL,CNG,2
2016,7,OPEL,Diesel,206
2016,7,OPEL,PHEV,4
2016,7,OPEL,Petrol,738
2016,7,PEUGEOT,BEV,4
2016,7,PEUGEOT,Diesel,189
2016,7,PEUGEOT,Hybrid (Diesel),29
2016,7,PEUGEOT,Petrol,626
2016,7,PORSCHE,Diesel,45
2016,7,PORSCHE,Hybrid (Petrol),11
2016,7,PORSCHE,Petrol,278
2016,7,RENAULT,BEV,25
2016,7,RENAULT,Diesel,498
2016,7,RENAULT,Petrol,652
2016,7,ROLLS ROYCE,Petrol,5
2016,7,SEAT,CNG,13
2016,7,SEAT,Diesel,426
2016,7,SEAT,Petrol,393
2016,7,SKODA,CNG,22
2016,7,SKODA,Diesel,745
2016,7,SKODA,Petrol,946
2016,7,SMART,Petrol,249
2016,7,SSANGYONG,Diesel,58
2016,7,SSANGYONG,Petrol,17
2016,7,SUBARU,Diesel,34
2016,7,SUBARU,Petrol,303
2016,7,SUZUKI,Diesel,79
2016,7,SUZUKI,Hybrid (Petrol),56
2016,7,SUZUKI,Petrol,383
2016,7,TESLA,BEV,50
2016,7,TOYOTA,Diesel,35
2016,7,TOYOTA,Hybrid (Petrol),463
2016,7,TOYOTA,Petrol,304
2016,7,VOLVO,Diesel,383
2016,7,VOLVO,Diesel PHEV,8
2016,7,VOLVO,PHEV,28
2016,7,VOLVO,Petrol,130
2016,7,VW,BEV,6
2016,7,VW,CNG,6
2016,7,VW,Diesel,1538
2016,7,VW,Hybrid (Petrol),1
2016,7,VW,PHEV,36
2016,7,VW,Petrol,1976
2016,8,ALFA ROMEO,Diesel,59
2016,8,ALFA ROMEO,Petrol,90
2016,8,ALPINA,Diesel,3
2016,8,ALPINA,Petrol,1
2016,8,ASTON MARTIN,Petrol,5
2016,8,AUDI,CNG,6
2016,8,AUDI,Diesel,776
2016,8,AUDI,Diesel PHEV,6
2016,8,AUDI,PHEV,6
2016,8,AUDI,Petrol,644
2016,8,AUSTIN,Petrol,1
2016,8,BENTLEY,Petrol,16
2016,8,BMW,BEV,30
2016,8,BMW,Diesel,1038
2016,8,BMW,Hybrid (Petrol),10
2016,8,BMW,PHEV,73
2016,8,BMW,Petrol,715
2016,8,CADILLAC,Petrol,7
2016,8,CATERHAM,Petrol,3
2016,8,CHEVROLET,Diesel,1
2016,8,CHEVROLET,Petrol,33
2016,8,CHRYSLER,Petrol,2
2016,8,CITROEN,BEV,6
2016,8,CITROEN,Diesel,138
2016,8,CITROEN,Hybrid (Diesel),1
2016,8,CITROEN,Petrol,302
2016,8,DACIA,Diesel,127
2016,8,DACIA,Petrol,549
2016,8,DODGE,Petrol,12
2016,8,DS,Petrol,4
2016,8,FERRARI,Petrol,23
2016,8,FIAT,CNG,25
2016,8,FIAT,Diesel,135
2016,8,FIAT,Petrol,483
2016,8,FORD,Diesel,507
2016,8,FORD,Petrol,473
2016,8,FORD-CNG-TECHNIK,Hybrid (Petrol),2
2016,8,FORD-CNG-TECHNIK,PHEV,5
2016,8,FORD-CNG-TECHNIK,Petrol,30
2016,8,HONDA,Diesel,97
2016,8,HONDA,Petrol,215
2016,8,HYUNDAI,Diesel,280
2016,8,HYUNDAI,Petrol,245
2016,8,INFINITI,Diesel,22
2016,8,INFINITI,Hybrid (Petrol),1
2016,8,INFINITI,Petrol,10
2016,8,JAGUAR,Diesel,122
2016,8,JAGUAR,Petrol,55
2016,8,JEEP,Diesel,176
2016,8,JEEP,Petrol,65
2016,8,KIA,BEV,10
2016,8,KIA,Diesel,144
2016,8,KIA,Petrol,199
2016,8,LAMBORGHINI,Petrol,10
2016,8,LANCIA,Petrol,2
2016,8,LAND ROVER,Diesel,141
2016,8,LAND ROVER,Petrol,61
2016,8,LEXUS,Hybrid (Petrol),99
2016,8,LEXUS,Petrol,8
2016,8,LOTUS,Petrol,9
2016,8,MASERATI,Diesel,24
2016,8,MASERATI,Petrol,43
2016,8,MAZDA,Diesel,269
2016,8,MAZDA,Petrol,394
2016,8,MC LAREN,Petrol,10
2016,8,MERCEDES-AMG,Petrol,49
2016,8,MERCEDES-BENZ,BEV,32
2016,8,MERCEDES-BENZ,CNG,1
2016,8,MERCEDES-BENZ,Diesel,763
2016,8,MERCEDES-BENZ,Hybrid (Diesel),2
2016,8,MERCEDES-BENZ,Hybrid (Petrol),38
2016,8,MERCEDES-BENZ,PHEV,1
2016,8,MERCEDES-BENZ,Petrol,1033
2016,8,MINI,Diesel,27
2016,8,MINI,Petrol,329
2016,8,MITSUBISHI,BEV,4
2016,8,MITSUBISHI,Diesel,95
2016,8,MITSUBISHI,PHEV,22
2016,8,MITSUBISHI,Petrol,78
2016,8,MORGAN,Petrol,2
2016,8,NISSAN,BEV,10
2016,8,NISSAN,Diesel,177
2016,8,NISSAN,Petrol,204
2016,8,OPEL,CNG,6
2016,8,OPEL,Diesel,190
2016,8,OPEL,PHEV,4
2016,8,OPEL,Petrol,799
2016,8,PAGANI,Petrol,1
2016,8,PEUGEOT,BEV,4
2016,8,PEUGEOT,Diesel,152
2016,8,PEUGEOT,Hybrid (Diesel),16
2016,8,PEUGEOT,Petrol,483
2016,8,PORSCHE,Diesel,78
2016,8,PORSCHE,Hybrid (Petrol),17
2016,8,PORSCHE,Petrol,241
2016,8,RADICAL SPORTSCARS,Petrol,1
2016,8,RENAULT,BEV,36
2016,8,RENAULT,Diesel,405
2016,8,RENAULT,Petrol,461
2016,8,ROLLS ROYCE,Petrol,6
2016,8,ROOS,Petrol,1
2016,8,SEAT,CNG,10
2016,8,SEAT,Diesel,456
2016,8,SEAT,Petrol,464
2016,8,SECMA,Petrol,1
2016,8,SKODA,CNG,2
2016,8,SKODA,Diesel,590
2016,8,SKODA,Petrol,692
2016,8,SMART,Petrol,159
2016,8,SSANGYONG,Diesel,51
2016,8,SSANGYONG,Petrol,25
2016,8,SUBARU,Diesel,14
2016,8,SUBARU,Petrol,353
2016,8,SUZUKI,Diesel,59
2016,8,SUZUKI,Hybrid (Petrol),22
2016,8,SUZUKI,Petrol,325
2016,8,TESLA,BEV,120
2016,8,TOYOTA,Diesel,67
2016,8,TOYOTA,Hybrid (Petrol),414
2016,8,TOYOTA,Petrol,226
2016,8,UEBRIGE (SIEHE TYP),Diesel,1
2016,8,UEBRIGE (SIEHE TYP),Petrol,2
2016,8,VOLVO,Diesel,162
2016,8,VOLVO,Diesel PHEV,7
2016,8,VOLVO,PHEV,18
2016,8,VOLVO,Petrol,62
2016,8,VW,BEV,6
2016,8,VW,CNG,3
2016,8,VW,Diesel,1277
2016,8,VW,Hybrid (Petrol),1
2016,8,VW,PHEV,25
2016,8,VW,Petrol,1436
2016,9,ALFA ROMEO,Diesel,62
2016,9,ALFA ROMEO,Petrol,87
2016,9,ALPINA,Diesel,2
2016,9,ALPINA,Petrol,5
2016,9,ASTON MARTIN,Petrol,7
2016,9,AUDI,CNG,10
2016,9,AUDI,Diesel,794
2016,9,AUDI,Diesel PHEV,3
2016,9,AUDI,PHEV,29
2016,9,AUDI,Petrol,656
2016,9,BENTLEY,Petrol,24
2016,9,BMW,BEV,35
2016,9,BMW,Diesel,1166
2016,9,BMW,Hybrid (Petrol),15
2016,9,BMW,PHEV,81
2016,9,BMW,Petrol,716
2016,9,CADILLAC,Petrol,32
2016,9,CHEVROLET,Diesel,1
2016,9,CHEVROLET,Petrol,18
2016,9,CITROEN,BEV,15
2016,9,CITROEN,Diesel,141
2016,9,CITROEN,Hybrid (Diesel),3
2016,9,CITROEN,Petrol,499
2016,9,DACIA,Diesel,111
2016,9,DACIA,Petrol,421
2016,9,DODGE,Petrol,17
2016,9,DS,Petrol,2
2016,9,FERRARI,Petrol,21
2016,9,FIAT,CNG,10
2016,9,FIAT,Diesel,98
2016,9,FIAT,Petrol,660
2016,9,FORD,Diesel,639
2016,9,FORD,Petrol,463
2016,9,FORD-CNG-TECHNIK,PHEV,11
2016,9,FORD-CNG-TECHNIK,Petrol,27
2016,9,GMC,Petrol,1
2016,9,HONDA,Diesel,113
2016,9,HONDA,Petrol,214
2016,9,HYUNDAI,Diesel,360
2016,9,HYUNDAI,Petrol,319
2016,9,INFINITI,Diesel,17
2016,9,INFINITI,Hybrid (Petrol),4
2016,9,INFINITI,Petrol,9
2016,9,JAGUAR,Diesel,97
2016,9,JAGUAR,Petrol,76
2016,9,JEEP,Diesel,172
2016,9,JEEP,Petrol,47
2016,9,KIA,BEV,9
2016,9,KIA,Diesel,185
2016,9,KIA,Hybrid (Petrol),63
2016,9,KIA,Petrol,293
2016,9,KTM,Petrol,1
2016,9,LADA,Petrol,1
2016,9,LAMBORGHINI,Petrol,4
2016,9,LANCIA,CNG,6
2016,9,LANCIA,Petrol,2
2016,9,LAND ROVER,Diesel,170
2016,9,LAND ROVER,Hybrid (Diesel),2
2016,9,LAND ROVER,Petrol,93
2016,9,LEXUS,Hybrid (Petrol),79
2016,9,LEXUS,Petrol,6
2016,9,LOTUS,Petrol,9
2016,9,MASERATI,Diesel,22
2016,9,MASERATI,Petrol,48
2016,9,MAZDA,Diesel,230
2016,9,MAZDA,Petrol,655
2016,9,MC LAREN,Petrol,8
2016,9,MERCEDES-AMG,Petrol,47
2016,9,MERCEDES-BENZ,BEV,18
2016,9,MERCEDES-BENZ,Diesel,929
2016,9,MERCEDES-BENZ,Hybrid (Diesel),2
2016,9,MERCEDES-BENZ,Hybrid (Petrol),42
2016,9,MERCEDES-BENZ,PHEV,2
2016,9,MERCEDES-BENZ,Petrol,1104
2016,9,MICRO COMPACT CAR,Petrol,1
2016,9,MINI,Diesel,56
2016,9,MINI,Petrol,424
2016,9,MITSUBISHI,BEV,5
2016,9,MITSUBISHI,Diesel,129
2016,9,MITSUBISHI,PHEV,19
2016,9,MITSUBISHI,Petrol,148
2016,9,MORGAN,Petrol,1
2016,9,MUSTANG,Petrol,2
2016,9,NISSAN,BEV,8
2016,9,NISSAN,Diesel,177
2016,9,NISSAN,Petrol,217
2016,9,OPEL,CNG,2
2016,9,OPEL,Diesel,294
2016,9,OPEL,PHEV,3
2016,9,OPEL,Petrol,896
2016,9,PEUGEOT,BEV,2
2016,9,PEUGEOT,Diesel,170
2016,9,PEUGEOT,Hybrid (Diesel),27
2016,9,PEUGEOT,Petrol,603
2016,9,PORSCHE,Diesel,89
2016,9,PORSCHE,Hybrid (Petrol),16
2016,9,PORSCHE,Petrol,209
2016,9,RELIANT,Petrol,1
2016,9,RENAULT,BEV,38
2016,9,RENAULT,Diesel,308
2016,9,RENAULT,Petrol,745
2016,9,ROLLS ROYCE,Petrol,3
2016,9,SEAT,CNG,5
2016,9,SEAT,Diesel,458
2016,9,SEAT,Petrol,359
2016,9,SECMA,Petrol,1
2016,9,SKODA,CNG,14
2016,9,SKODA,Diesel,895
2016,9,SKODA,Petrol,923
2016,9,SMART,Petrol,227
2016,9,SSANGYONG,Diesel,60
2016,9,SSANGYONG,Petrol,16
2016,9,SUBARU,Diesel,41
2016,9,SUBARU,Petrol,431
2016,9,SUZUKI,Diesel,96
2016,9,SUZUKI,Hybrid (Petrol),11
2016,9,SUZUKI,Petrol,466
2016,9,TESLA,BEV,316
2016,9,TOYOTA,Diesel,39
2016,9,TOYOTA,Hybrid (Petrol),664
2016,9,TOYOTA,Petrol,285
2016,9,UEBRIGE (SIEHE TYP),Petrol,1
2016,9,VOLVO,Diesel,339
2016,9,VOLVO,Diesel PHEV,8
2016,9,VOLVO,PHEV,29
2016,9,VOLVO,Petrol,194
2016,9,VW,BEV,7
2016,9,VW,CNG,37
2016,9,VW,Diesel,1481
2016,9,VW,LPG,1
2016,9,VW,PHEV,38
2016,9,VW,Petrol,1815
2016,10,AB KAWASAKI,Diesel,1
2016,10,ALFA ROMEO,Diesel,43
2016,10,ALFA ROMEO,Petrol,104
2016,10,ALPINA,Diesel,2
2016,10,ALPINA,Petrol,1
2016,10,ASTON MARTIN,Petrol,9
2016,10,AUDI,CNG,1
2016,10,AUDI,Diesel,760
2016,10,AUDI,Diesel PHEV,5
2016,10,AUDI,Hybrid (Diesel),2
2016,10,AUDI,Hybrid (Petrol),1
2016,10,AUDI,PHEV,14
2016,10,AUDI,Petrol,765
2016,10,BENTLEY,Petrol,19
2016,10,BMW,BEV,43
2016,10,BMW,Diesel,1000
2016,10,BMW,Hybrid (Petrol),22
2016,10,BMW,PHEV,40
2016,10,BMW,Petrol,578
2016,10,CADILLAC,Petrol,17
2016,10,CATERHAM,Petrol,1
2016,10,CHEVROLET,Diesel,2
2016,10,CHEVROLET,Petrol,18
2016,10,CITROEN,BEV,5
2016,10,CITROEN,Diesel,281
2016,10,CITROEN,Hybrid (Diesel),3
2016,10,CITROEN,Petrol,430
2016,10,DACIA,Diesel,60
2016,10,DACIA,Petrol,366
2016,10,DODGE,Petrol,4
2016,10,DS,Petrol,6
2016,10,FERRARI,Hybrid (Petrol),1
2016,10,FERRARI,Petrol,17
2016,10,FIAT,CNG,15
2016,10,FIAT,Diesel,109
2016,10,FIAT,Petrol,686
2016,10,FORD,Diesel,431
2016,10,FORD,Petrol,352
2016,10,FORD-CNG-TECHNIK,PHEV,3
2016,10,FORD-CNG-TECHNIK,Petrol,58
2016,10,GMC,Petrol,1
2016,10,HONDA,Diesel,121
2016,10,HONDA,Hybrid (Petrol),1
2016,10,HONDA,Petrol,219
2016,10,HYUNDAI,BEV,1
2016,10,HYUNDAI,Diesel,398
2016,10,HYUNDAI,Hybrid (Petrol),15
2016,10,HYUNDAI,Hydrogen,10
2016,10,HYUNDAI,Petrol,309
2016,10,INFINITI,Diesel,19
2016,10,INFINITI,Hybrid (Petrol),1
2016,10,INFINITI,Petrol,23
2016,10,JAGUAR,Diesel,70
2016,10,JAGUAR,Petrol,79
2016,10,JEEP,Diesel,216
2016,10,JEEP,Petrol,48
2016,10,KIA,BEV,7
2016,10,KIA,Diesel,157
2016,10,KIA,Hybrid (Petrol),42
2016,10,KIA,Petrol,223
2016,10,LAMBORGHINI,Petrol,4
2016,10,LANCIA,Petrol,1
2016,10,LAND ROVER,Diesel,227
2016,10,LAND ROVER,Petrol,96
2016,10,LEXUS,Hybrid (Petrol),46
2016,10,LEXUS,Petrol,3
2016,10,LOTUS,Petrol,1
2016,10,MASERATI,Diesel,30
2016,10,MASERATI,Petrol,64
2016,10,MAZDA,Diesel,127
2016,10,MAZDA,Petrol,514
2016,10,MC LAREN,Petrol,7
2016,10,MERCEDES-AMG,Petrol,40
2016,10,MERCEDES-BENZ,BEV,14
2016,10,MERCEDES-BENZ,CNG,3
2016,10,MERCEDES-BENZ,Diesel,809
2016,10,MERCEDES-BENZ,Hybrid (Petrol),54
2016,10,MERCEDES-BENZ,Petrol,859
2016,10,MINI,Diesel,40
2016,10,MINI,Petrol,403
2016,10,MITSUBISHI,BEV,1
2016,10,MITSUBISHI,Diesel,141
2016,10,MITSUBISHI,PHEV,30
2016,10,MITSUBISHI,Petrol,106
2016,10,MORGAN,Petrol,2
2016,10,NISSAN,BEV,8
2016,10,NISSAN,Diesel,131
2016,10,NISSAN,Petrol,244
2016,10,OPEL,CNG,2
2016,10,OPEL,Diesel,183
2016,10,OPEL,PHEV,3
2016,10,OPEL,Petrol,658
2016,10,PEUGEOT,Diesel,200
2016,10,PEUGEOT,Hybrid (Diesel),19
2016,10,PEUGEOT,Petrol,540
2016,10,PORSCHE,Diesel,66
2016,10,PORSCHE,Hybrid (Petrol),19
2016,10,PORSCHE,Petrol,195
2016,10,RENAULT,BEV,36
2016,10,RENAULT,Diesel,291
2016,10,RENAULT,Petrol,489
2016,10,ROLLS ROYCE,Petrol,1
2016,10,SEAT,CNG,14
2016,10,SEAT,Diesel,365
2016,10,SEAT,Petrol,460
2016,10,SKODA,CNG,20
2016,10,SKODA,Diesel,847
2016,10,SKODA,Petrol,783
2016,10,SMART,Petrol,224
2016,10,SSANGYONG,Diesel,72
2016,10,SSANGYONG,Petrol,19
2016,10,SUBARU,Diesel,37
2016,10,SUBARU,Petrol,252
2016,10,SUZUKI,Diesel,79
2016,10,SUZUKI,Hybrid (Petrol),9
2016,10,SUZUKI,Petrol,621
2016,10,TESLA,BEV,79
2016,10,TOYOTA,Diesel,62
2016,10,TOYOTA,Hybrid (Petrol),503
2016,10,TOYOTA,Petrol,207
2016,10,UEBRIGE (SIEHE TYP),Petrol,1
2016,10,VOLVO,Diesel,451
2016,10,VOLVO,Diesel PHEV,11
2016,10,VOLVO,PHEV,17
2016,10,VOLVO,Petrol,164
2016,10,VW,BEV,4
2016,10,VW,CNG,95
2016,10,VW,Diesel,1277
2016,10,VW,PHEV,20
2016,10,VW,Petrol,1739
2016,11,ALFA ROMEO,Diesel,36
2016,11,ALFA ROMEO,Hybrid (Petrol),1
2016,11,ALFA ROMEO,Petrol,151
2016,11,ALPINA,Diesel,2
2016,11,ALPINA,Petrol,3
2016,11,ASTON MARTIN,Petrol,10
2016,11,AUDI,CNG,1
2016,11,AUDI,Diesel,942
2016,11,AUDI,Diesel PHEV,1
2016,11,AUDI,PHEV,12
2016,11,AUDI,Petrol,1010
2016,11,BENTLEY,Petrol,22
2016,11,BMW,BEV,13
2016,11,BMW,Diesel,1262
2016,11,BMW,Hybrid (Petrol),9
2016,11,BMW,PHEV,29
2016,11,BMW,Petrol,676
2016,11,BUGATTI,Petrol,1
2016,11,CADILLAC,Petrol,24
2016,11,CHEVROLET,Petrol,10
2016,11,CITROEN,BEV,1
2016,11,CITROEN,Diesel,175
2016,11,CITROEN,Hybrid (Diesel),4
2016,11,CITROEN,Petrol,460
2016,11,DACIA,Diesel,116
2016,11,DACIA,Petrol,466
2016,11,DODGE,Petrol,10
2016,11,DS,Petrol,2
2016,11,FERRARI,Petrol,17
2016,11,FIAT,CNG,12
2016,11,FIAT,Diesel,148
2016,11,FIAT,Petrol,589
2016,11,FORD,Diesel,562
2016,11,FORD,Petrol,469
2016,11,FORD-CNG-TECHNIK,Hybrid (Petrol),1
2016,11,FORD-CNG-TECHNIK,PHEV,7
2016,11,FORD-CNG-TECHNIK,Petrol,72
2016,11,HONDA,Diesel,136
2016,11,HONDA,Petrol,198
2016,11,HYUNDAI,BEV,1
2016,11,HYUNDAI,Diesel,367
2016,11,HYUNDAI,Hybrid (Petrol),67
2016,11,HYUNDAI,Petrol,306
2016,11,INFINITI,Diesel,25
2016,11,INFINITI,Hybrid (Petrol),6
2016,11,INFINITI,Petrol,8
2016,11,JAGUAR,Diesel,89
2016,11,JAGUAR,Petrol,60
2016,11,JEEP,Diesel,193
2016,11,JEEP,Petrol,85
2016,11,JUMBOLINO,BEV,1
2016,11,KIA,BEV,4
2016,11,KIA,Diesel,161
2016,11,KIA,Hybrid (Petrol),16
2016,11,KIA,Petrol,260
2016,11,KTM,Petrol,1
2016,11,LAMBORGHINI,Petrol,8
2016,11,LANCIA,Petrol,2
2016,11,LAND ROVER,Diesel,225
2016,11,LAND ROVER,Hybrid (Diesel),2
2016,11,LAND ROVER,Petrol,124
2016,11,LEXUS,Hybrid (Petrol),48
2016,11,LEXUS,Petrol,4
2016,11,LOTUS,Petrol,3
2016,11,MASERATI,Diesel,23
2016,11,MASERATI,Petrol,56
2016,11,MAZDA,Diesel,181
2016,11,MAZDA,Petrol,453
2016,11,MC LAREN,Petrol,8
2016,11,MERCEDES-AMG,Petrol,58
2016,11,MERCEDES-BENZ,BEV,9
2016,11,MERCEDES-BENZ,Diesel,977
2016,11,MERCEDES-BENZ,Hybrid (Petrol),70
2016,11,MERCEDES-BENZ,Petrol,924
2016,11,MINI,Diesel,56
2016,11,MINI,Petrol,449
2016,11,MITSUBISHI,BEV,2
2016,11,MITSUBISHI,Diesel,116
2016,11,MITSUBISHI,PHEV,23
2016,11,MITSUBISHI,Petrol,124
2016,11,MORGAN,Petrol,1
2016,11,NISSAN,BEV,12
2016,11,NISSAN,Diesel,118
2016,11,NISSAN,Petrol,252
2016,11,OPEL,CNG,2
2016,11,OPEL,Diesel,215
2016,11,OPEL,Petrol,683
2016,11,PEUGEOT,BEV,3
2016,11,PEUGEOT,Diesel,214
2016,11,PEUGEOT,Hybrid (Diesel),13
2016,11,PEUGEOT,Petrol,594
2016,11,PORSCHE,Diesel,66
2016,11,PORSCHE,Hybrid (Petrol),17
2016,11,PORSCHE,Petrol,251
2016,11,RENAULT,BEV,26
2016,11,RENAULT,Diesel,382
2016,11,RENAULT,Petrol,766
2016,11,ROLLS ROYCE,Petrol,1
2016,11,SEAT,CNG,13
2016,11,SEAT,Diesel,408
2016,11,SEAT,Petrol,519
2016,11,SKODA,CNG,27
2016,11,SKODA,Diesel,833
2016,11,SKODA,Petrol,847
2016,11,SMART,Petrol,167
2016,11,SSANGYONG,Diesel,62
2016,11,SSANGYONG,Petrol,6
2016,11,STIMBO,BEV,1
2016,11,SUBARU,Diesel,42
2016,11,SUBARU,Petrol,319
2016,11,SUZUKI,Diesel,76
2016,11,SUZUKI,Hybrid (Petrol),4
2016,11,SUZUKI,Petrol,644
2016,11,TESLA,BEV,98
2016,11,TOYOTA,Diesel,51
2016,11,TOYOTA,Hybrid (Petrol),552
2016,11,TOYOTA,Petrol,291
2016,11,UEBRIGE (SIEHE TYP),Diesel,2
2016,11,UEBRIGE (SIEHE TYP),Petrol,1
2016,11,VOLVO,Diesel,439
2016,11,VOLVO,Diesel PHEV,22
2016,11,VOLVO,PHEV,30
2016,11,VOLVO,Petrol,219
2016,11,VW,BEV,3
2016,11,VW,CNG,34
2016,11,VW,Diesel,1723
2016,11,VW,PHEV,36
2016,11,VW,Petrol,2017
2016,12,ALFA ROMEO,Diesel,59
2016,12,ALFA ROMEO,Petrol,164
2016,12,ALPINA,Diesel,7
2016,12,ALPINA,Petrol,3
2016,12,ASTON MARTIN,Petrol,16
2016,12,AUDI,CNG,2
2016,12,AUDI,Diesel,1202
2016,12,AUDI,Diesel PHEV,7
2016,12,AUDI,PHEV,18
2016,12,AUDI,Petrol,1307
2016,12,BENTLEY,Petrol,27
2016,12,BMW,BEV,127
2016,12,BMW,Diesel,1714
2016,12,BMW,Hybrid (Petrol),18
2016,12,BMW,PHEV,53
2016,12,BMW,Petrol,830
2016,12,BUGATTI,Petrol,1
2016,12,CADILLAC,PHEV,7
2016,12,CADILLAC,Petrol,15
2016,12,CATERHAM,Petrol,5
2016,12,CHEVROLET,Petrol,33
2016,12,CHRYSLER,Petrol,3
2016,12,CITROEN,BEV,2
2016,12,CITROEN,Diesel,365
2016,12,CITROEN,Hybrid (Diesel),4
2016,12,CITROEN,Petrol,716
2016,12,DACIA,Diesel,157
2016,12,DACIA,Petrol,637
2016,12,DODGE,Petrol,38
2016,12,DS,Petrol,7
2016,12,FERRARI,Hybrid (Petrol),1
2016,12,FERRARI,Petrol,25
2016,12,FIAT,CNG,34
2016,12,FIAT,Diesel,210
2016,12,FIAT,Petrol,675
2016,12,FORD,Diesel,555
2016,12,FORD,Petrol,661
2016,12,FORD-CNG-TECHNIK,Hybrid (Petrol),2
2016,12,FORD-CNG-TECHNIK,PHEV,5
2016,12,FORD-CNG-TECHNIK,Petrol,88
2016,12,HONDA,Diesel,241
2016,12,HONDA,Petrol,168
2016,12,HYUNDAI,BEV,28
2016,12,HYUNDAI,Diesel,323
2016,12,HYUNDAI,Hybrid (Petrol),56
2016,12,HYUNDAI,Petrol,325
2016,12,INFINITI,Diesel,17
2016,12,INFINITI,Petrol,6
2016,12,JAGUAR,Diesel,183
2016,12,JAGUAR,Petrol,105
2016,12,JEEP,Diesel,244
2016,12,JEEP,Petrol,146
2016,12,JUMBOLINO,BEV,2
2016,12,KIA,BEV,67
2016,12,KIA,Diesel,252
2016,12,KIA,Hybrid (Petrol),14
2016,12,KIA,Petrol,380
2016,12,LADA,Petrol,8
2016,12,LAMBORGHINI,Petrol,3
2016,12,LANCIA,Petrol,2
2016,12,LAND ROVER,Diesel,275
2016,12,LAND ROVER,Petrol,163
2016,12,LEXUS,Hybrid (Petrol),77
2016,12,LEXUS,Petrol,2
2016,12,LOTUS,Petrol,12
2016,12,MASERATI,Diesel,29
2016,12,MASERATI,Petrol,64
2016,12,MAZDA,Diesel,205
2016,12,MAZDA,Petrol,1164
2016,12,MC LAREN,Petrol,3
2016,12,MERCEDES-AMG,Petrol,43
2016,12,MERCEDES-BENZ,BEV,8
2016,12,MERCEDES-BENZ,Diesel,1067
2016,12,MERCEDES-BENZ,Hybrid (Petrol),51
2016,12,MERCEDES-BENZ,PHEV,4
2016,12,MERCEDES-BENZ,Petrol,943
2016,12,MERCEDES-BENZ-HYMER,Diesel,1
2016,12,MINI,Diesel,27
2016,12,MINI,Petrol,398
2016,12,MITSUBISHI,BEV,2
2016,12,MITSUBISHI,Diesel,233
2016,12,MITSUBISHI,PHEV,22
2016,12,MITSUBISHI,Petrol,112
2016,12,MORGAN,Petrol,5
2016,12,NISSAN,BEV,18
2016,12,NISSAN,Diesel,203
2016,12,NISSAN,Petrol,251
2016,12,OPEL,Diesel,217
2016,12,OPEL,PHEV,2
2016,12,OPEL,Petrol,1280
2016,12,PEUGEOT,Diesel,323
2016,12,PEUGEOT,Hybrid (Diesel),14
2016,12,PEUGEOT,Petrol,659
2016,12,PORSCHE,Diesel,68
2016,12,PORSCHE,Hybrid (Petrol),33
2016,12,PORSCHE,Petrol,216
2016,12,RENAULT,BEV,28
2016,12,RENAULT,Diesel,606
2016,12,RENAULT,Petrol,1170
2016,12,ROLLS ROYCE,Petrol,4
2016,12,SEAT,CNG,10
2016,12,SEAT,Diesel,548
2016,12,SEAT,Petrol,653
2016,12,SKODA,CNG,17
2016,12,SKODA,Diesel,1003
2016,12,SKODA,Petrol,1091
2016,12,SMART,Petrol,170
2016,12,SSANGYONG,Diesel,56
2016,12,SSANGYONG,Petrol,11
2016,12,SUBARU,Diesel,84
2016,12,SUBARU,Petrol,351
2016,12,SUZUKI,Diesel,118
2016,12,SUZUKI,Hybrid (Petrol),9
2016,12,SUZUKI,Petrol,656
2016,12,TESLA,BEV,243
2016,12,TOYOTA,Diesel,69
2016,12,TOYOTA,Hybrid (Petrol),551
2016,12,TOYOTA,LPG,1
2016,12,TOYOTA,Petrol,370
2016,12,UEBRIGE (SIEHE TYP),Petrol,1
2016,12,VOLVO,Diesel,529
2016,12,VOLVO,Diesel PHEV,11
2016,12,VOLVO,PHEV,31
2016,12,VOLVO,Petrol,215
2016,12,VW,BEV,16
2016,12,VW,CNG,34
2016,12,VW,Diesel,2240
2016,12,VW,PHEV,37
2016,12,VW,Petrol,3798
2017,1,ALFA ROMEO,Diesel,23
2017,1,ALFA ROMEO,Petrol,140
2017,1,ALPINA,Diesel,3
2017,1,ALPINA,Petrol,3
2017,1,ASTON MARTIN,Petrol,11
2017,1,AUDI,Diesel,735
2017,1,AUDI,Diesel PHEV,4
2017,1,AUDI,PHEV,5
2017,1,AUDI,Petrol,455
2017,1,BENTLEY,Petrol,20
2017,1,BMW,BEV,74
2017,1,BMW,Diesel,893
2017,1,BMW,Hybrid (Petrol),12
2017,1,BMW,PHEV,35
2017,1,BMW,Petrol,514
2017,1,CADILLAC,Petrol,16
2017,1,CHEVROLET,Petrol,19
2017,1,CITROEN,BEV,3
2017,1,CITROEN,Diesel,120
2017,1,CITROEN,Hybrid (Diesel),2
2017,1,CITROEN,Petrol,326
2017,1,DACIA,Diesel,75
2017,1,DACIA,Petrol,462
2017,1,DODGE,Petrol,6
2017,1,DS,Petrol,1
2017,1,FERRARI,Hybrid (Petrol),1
2017,1,FERRARI,Petrol,24
2017,1,FIAT,CNG,21
2017,1,FIAT,Diesel,136
2017,1,FIAT,Petrol,621
2017,1,FORD,Diesel,340
2017,1,FORD,Petrol,367
2017,1,FORD-CNG-TECHNIK,Hybrid (Petrol),1
2017,1,FORD-CNG-TECHNIK,PHEV,3
2017,1,FORD-CNG-TECHNIK,Petrol,39
2017,1,HONDA,Diesel,67
2017,1,HONDA,Petrol,148
2017,1,HYUNDAI,BEV,7
2017,1,HYUNDAI,Diesel,256
2017,1,HYUNDAI,Hybrid (Petrol),11
2017,1,HYUNDAI,Petrol,245
2017,1,INFINITI,Diesel,11
2017,1,INFINITI,Petrol,7
2017,1,JAGUAR,Diesel,67
2017,1,JAGUAR,Petrol,36
2017,1,JEEP,Diesel,145
2017,1,JEEP,Petrol,27
2017,1,KIA,BEV,1
2017,1,KIA,Diesel,101
2017,1,KIA,Hybrid (Petrol),11
2017,1,KIA,Petrol,113
2017,1,LADA,Petrol,1
2017,1,LAMBORGHINI,Petrol,2
2017,1,LANCIA,Petrol,1
2017,1,LAND ROVER,Diesel,192
2017,1,LAND ROVER,Petrol,86
2017,1,LEXUS,Hybrid (Petrol),56
2017,1,LEXUS,Petrol,6
2017,1,LOTUS,Petrol,2
2017,1,MASERATI,Diesel,32
2017,1,MASERATI,Petrol,44
2017,1,MAZDA,Diesel,106
2017,1,MAZDA,Petrol,279
2017,1,MC LAREN,Petrol,7
2017,1,MERCEDES-AMG,Petrol,30
2017,1,MERCEDES-BENZ,BEV,8
2017,1,MERCEDES-BENZ,Diesel,909
2017,1,MERCEDES-BENZ,Hybrid (Petrol),38
2017,1,MERCEDES-BENZ,PHEV,1
2017,1,MERCEDES-BENZ,Petrol,866
2017,1,MERCEDES-BENZ-HYMER,Diesel,1
2017,1,MINI,Diesel,29
2017,1,MINI,Petrol,274
2017,1,MITSUBISHI,BEV,1
2017,1,MITSUBISHI,Diesel,95
2017,1,MITSUBISHI,PHEV,39
2017,1,MITSUBISHI,Petrol,84
2017,1,MORGAN,Petrol,1
2017,1,NISSAN,BEV,23
2017,1,NISSAN,Diesel,199
2017,1,NISSAN,Petrol,246
2017,1,OPEL,CNG,1
2017,1,OPEL,Diesel,137
2017,1,OPEL,Petrol,563
2017,1,PEUGEOT,BEV,3
2017,1,PEUGEOT,Diesel,233
2017,1,PEUGEOT,Hybrid (Diesel),7
2017,1,PEUGEOT,Petrol,445
2017,1,PORSCHE,Diesel,71
2017,1,PORSCHE,Hybrid (Petrol),4
2017,1,PORSCHE,Petrol,246
2017,1,RENAULT,BEV,71
2017,1,RENAULT,Diesel,285
2017,1,RENAULT,Petrol,435
2017,1,ROLLS ROYCE,Petrol,4
2017,1,SEAT,CNG,4
2017,1,SEAT,Diesel,424
2017,1,SEAT,Petrol,478
2017,1,SKODA,CNG,12
2017,1,SKODA,Diesel,713
2017,1,SKODA,Petrol,650
2017,1,SMART,Petrol,175
2017,1,SSANGYONG,Diesel,38
2017,1,SSANGYONG,Petrol,6
2017,1,SUBARU,Diesel,29
2017,1,SUBARU,Petrol,257
2017,1,SUZUKI,Diesel,23
2017,1,SUZUKI,Hybrid (Petrol),6
2017,1,SUZUKI,Petrol,486
2017,1,TESLA,BEV,104
2017,1,TOYOTA,Diesel,71
2017,1,TOYOTA,Hybrid (Petrol),348
2017,1,TOYOTA,LPG,1
2017,1,TOYOTA,Petrol,268
2017,1,VOLVO,Diesel,440
2017,1,VOLVO,Diesel PHEV,9
2017,1,VOLVO,PHEV,37
2017,1,VOLVO,Petrol,191
2017,1,VW,BEV,6
2017,1,VW,CNG,8
2017,1,VW,Diesel,1070
2017,1,VW,PHEV,10
2017,1,VW,Petrol,861
2017,2,AB KAWASAKI,Diesel,1
2017,2,ALFA ROMEO,Diesel,29
2017,2,ALFA ROMEO,Petrol,188
2017,2,ALPINA,Diesel,1
2017,2,ASTON MARTIN,Petrol,20
2017,2,AUDI,CNG,2
2017,2,AUDI,Diesel,536
2017,2,AUDI,Diesel PHEV,2
2017,2,AUDI,PHEV,2
2017,2,AUDI,Petrol,563
2017,2,BENTLEY,Diesel,3
2017,2,BENTLEY,Petrol,15
2017,2,BMW,BEV,20
2017,2,BMW,Diesel,1164
2017,2,BMW,Hybrid (Petrol),8
2017,2,BMW,PHEV,56
2017,2,BMW,Petrol,560
2017,2,CADILLAC,Petrol,22
2017,2,CATERHAM,Petrol,1
2017,2,CHEVROLET,Petrol,27
2017,2,CHRYSLER,Petrol,2
2017,2,CITROEN,BEV,4
2017,2,CITROEN,Diesel,173
2017,2,CITROEN,Hybrid (Diesel),2
2017,2,CITROEN,Petrol,423
2017,2,DACIA,Diesel,136
2017,2,DACIA,Petrol,527
2017,2,DODGE,Petrol,12
2017,2,DS,Petrol,3
2017,2,FERRARI,Hybrid (Petrol),1
2017,2,FERRARI,Petrol,34
2017,2,FIAT,CNG,27
2017,2,FIAT,Diesel,136
2017,2,FIAT,Petrol,601
2017,2,FORD,Diesel,508
2017,2,FORD,Petrol,463
2017,2,FORD-CNG-TECHNIK,BEV,1
2017,2,FORD-CNG-TECHNIK,Hybrid (Petrol),2
2017,2,FORD-CNG-TECHNIK,PHEV,1
2017,2,FORD-CNG-TECHNIK,Petrol,29
2017,2,HONDA,Diesel,53
2017,2,HONDA,Hybrid (Petrol),2
2017,2,HONDA,Petrol,151
2017,2,HYUNDAI,BEV,2
2017,2,HYUNDAI,Diesel,348
2017,2,HYUNDAI,Hybrid (Petrol),6
2017,2,HYUNDAI,Petrol,300
2017,2,INFINITI,Diesel,22
2017,2,INFINITI,Petrol,8
2017,2,JAGUAR,Diesel,33
2017,2,JAGUAR,Petrol,23
2017,2,JEEP,Diesel,175
2017,2,JEEP,Petrol,90
2017,2,KIA,BEV,7
2017,2,KIA,Diesel,92
2017,2,KIA,Hybrid (Petrol),19
2017,2,KIA,Petrol,143
2017,2,LADA,Petrol,1
2017,2,LAMBORGHINI,Petrol,4
2017,2,LAND ROVER,Diesel,158
2017,2,LAND ROVER,Petrol,75
2017,2,LEXUS,Hybrid (Petrol),35
2017,2,LEXUS,Petrol,4
2017,2,LOTUS,Petrol,3
2017,2,MASERATI,Diesel,28
2017,2,MASERATI,Petrol,63
2017,2,MAZDA,Diesel,273
2017,2,MAZDA,Petrol,462
2017,2,MC LAREN,Petrol,2
2017,2,MERCEDES-AMG,Petrol,37
2017,2,MERCEDES-BENZ,BEV,11
2017,2,MERCEDES-BENZ,CNG,1
2017,2,MERCEDES-BENZ,Diesel,931
2017,2,MERCEDES-BENZ,Hybrid (Petrol),38
2017,2,MERCEDES-BENZ,Petrol,1012
2017,2,MINI,Diesel,52
2017,2,MINI,Petrol,377
2017,2,MITSUBISHI,BEV,2
2017,2,MITSUBISHI,Diesel,108
2017,2,MITSUBISHI,PHEV,27
2017,2,MITSUBISHI,Petrol,96
2017,2,NISSAN,BEV,16
2017,2,NISSAN,Diesel,434
2017,2,NISSAN,Petrol,278
2017,2,OPEL,CNG,1
2017,2,OPEL,Diesel,148
2017,2,OPEL,Petrol,957
2017,2,PEUGEOT,BEV,2
2017,2,PEUGEOT,Diesel,240
2017,2,PEUGEOT,Hybrid (Diesel),15
2017,2,PEUGEOT,Petrol,564
2017,2,PORSCHE,Diesel,43
2017,2,PORSCHE,Hybrid (Petrol),7
2017,2,PORSCHE,Petrol,173
2017,2,PRINOTH,Diesel,1
2017,2,RENAULT,BEV,82
2017,2,RENAULT,Diesel,389
2017,2,RENAULT,Petrol,681
2017,2,ROLLS ROYCE,Petrol,3
2017,2,ROVER,Diesel,1
2017,2,SEAT,CNG,10
2017,2,SEAT,Diesel,407
2017,2,SEAT,Petrol,523
2017,2,SECMA,Petrol,1
2017,2,SKODA,CNG,5
2017,2,SKODA,Diesel,698
2017,2,SKODA,Petrol,770
2017,2,SMART,Petrol,196
2017,2,SSANGYONG,Diesel,74
2017,2,SSANGYONG,Petrol,14
2017,2,STIMBO,BEV,1
2017,2,SUBARU,Diesel,28
2017,2,SUBARU,Petrol,327
2017,2,SUZUKI,Diesel,18
2017,2,SUZUKI,Hybrid (Petrol),18
2017,2,SUZUKI,Petrol,444
2017,2,TESLA,BEV,48
2017,2,TOYOTA,Diesel,67
2017,2,TOYOTA,Hybrid (Petrol),467
2017,2,TOYOTA,Petrol,305
2017,2,VOLVO,Diesel,410
2017,2,VOLVO,Diesel PHEV,7
2017,2,VOLVO,PHEV,21
2017,2,VOLVO,Petrol,152
2017,2,VW,BEV,4
2017,2,VW,CNG,6
2017,2,VW,Diesel,1019
2017,2,VW,PHEV,6
2017,2,VW,Petrol,1159
2017,3,ALFA ROMEO,Diesel,58
2017,3,ALFA ROMEO,Petrol,268
2017,3,ALPINA,Diesel,1
2017,3,ALPINA,Petrol,5
2017,3,ALVIS,Petrol,1
2017,3,ASTON MARTIN,Petrol,31
2017,3,AUDI,CNG,2
2017,3,AUDI,Diesel,910
2017,3,AUDI,Diesel PHEV,2
2017,3,AUDI,PHEV,4
2017,3,AUDI,Petrol,981
2017,3,BENTLEY,Diesel,2
2017,3,BENTLEY,Petrol,32
2017,3,BMW,BEV,39
2017,3,BMW,Diesel,1168
2017,3,BMW,Hybrid (Petrol),16
2017,3,BMW,PHEV,62
2017,3,BMW,Petrol,883
2017,3,CADILLAC,Petrol,27
2017,3,CATERHAM,Petrol,2
2017,3,CHEVROLET,Petrol,50
2017,3,CHRYSLER,Petrol,2
2017,3,CITROEN,BEV,3
2017,3,CITROEN,Diesel,195
2017,3,CITROEN,Hybrid (Diesel),2
2017,3,CITROEN,Petrol,508
2017,3,DACIA,Diesel,180
2017,3,DACIA,Petrol,538
2017,3,DODGE,Diesel,1
2017,3,DODGE,Petrol,20
2017,3,DS,Petrol,3
2017,3,FERRARI,Hybrid (Petrol),2
2017,3,FERRARI,Petrol,41
2017,3,FIAT,CNG,10
2017,3,FIAT,Diesel,135
2017,3,FIAT,Petrol,850
2017,3,FORD,Diesel,646
2017,3,FORD,Petrol,635
2017,3,FORD-CNG-TECHNIK,Hybrid (Petrol),1
2017,3,FORD-CNG-TECHNIK,PHEV,23
2017,3,FORD-CNG-TECHNIK,Petrol,38
2017,3,HONDA,Diesel,87
2017,3,HONDA,Hybrid (Petrol),3
2017,3,HONDA,Petrol,556
2017,3,HYUNDAI,BEV,6
2017,3,HYUNDAI,Diesel,437
2017,3,HYUNDAI,Hybrid (Petrol),17
2017,3,HYUNDAI,Petrol,425
2017,3,INFINITI,Diesel,29
2017,3,INFINITI,Hybrid (Petrol),2
2017,3,INFINITI,Petrol,13
2017,3,JAGUAR,Diesel,117
2017,3,JAGUAR,Petrol,72
2017,3,JEEP,Diesel,225
2017,3,JEEP,Petrol,59
2017,3,KIA,BEV,5
2017,3,KIA,Diesel,137
2017,3,KIA,Hybrid (Petrol),22
2017,3,KIA,Petrol,199
2017,3,LADA,Petrol,2
2017,3,LAMBORGHINI,Petrol,14
2017,3,LANCIA,Petrol,1
2017,3,LAND ROVER,Diesel,299
2017,3,LAND ROVER,Petrol,127
2017,3,LEXUS,Hybrid (Petrol),52
2017,3,LEXUS,Petrol,2
2017,3,LOTUS,Petrol,17
2017,3,MASERATI,Diesel,28
2017,3,MASERATI,Petrol,83
2017,3,MAZDA,Diesel,168
2017,3,MAZDA,Petrol,590
2017,3,MC LAREN,Petrol,4
2017,3,MERCEDES-AMG,Petrol,39
2017,3,MERCEDES-BENZ,BEV,9
2017,3,MERCEDES-BENZ,Diesel,1129
2017,3,MERCEDES-BENZ,Hybrid (Petrol),45
2017,3,MERCEDES-BENZ,PHEV,1
2017,3,MERCEDES-BENZ,Petrol,1247
2017,3,MINI,Diesel,30
2017,3,MINI,Petrol,426
2017,3,MITSUBISHI,BEV,6
2017,3,MITSUBISHI,Diesel,144
2017,3,MITSUBISHI,PHEV,22
2017,3,MITSUBISHI,Petrol,185
2017,3,MORGAN,Petrol,2
2017,3,NISSAN,BEV,36
2017,3,NISSAN,Diesel,535
2017,3,NISSAN,Petrol,459
2017,3,OPEL,CNG,3
2017,3,OPEL,Diesel,251
2017,3,OPEL,Petrol,1167
2017,3,PEUGEOT,BEV,1
2017,3,PEUGEOT,Diesel,253
2017,3,PEUGEOT,Hybrid (Diesel),5
2017,3,PEUGEOT,Petrol,718
2017,3,PORSCHE,Diesel,93
2017,3,PORSCHE,Hybrid (Petrol),15
2017,3,PORSCHE,Petrol,330
2017,3,RENAULT,BEV,51
2017,3,RENAULT,Diesel,418
2017,3,RENAULT,Petrol,778
2017,3,ROLLS ROYCE,Petrol,2
2017,3,SEAT,CNG,10
2017,3,SEAT,Diesel,432
2017,3,SEAT,Petrol,655
2017,3,SKODA,CNG,26
2017,3,SKODA,Diesel,932
2017,3,SKODA,Petrol,950
2017,3,SMART,Petrol,245
2017,3,SSANGYONG,Diesel,45
2017,3,SSANGYONG,Petrol,9
2017,3,SUBARU,Diesel,53
2017,3,SUBARU,Petrol,558
2017,3,SUZUKI,Diesel,29
2017,3,SUZUKI,Hybrid (Petrol),36
2017,3,SUZUKI,Petrol,815
2017,3,TESLA,BEV,404
2017,3,TOYOTA,Diesel,61
2017,3,TOYOTA,Hybrid (Petrol),620
2017,3,TOYOTA,PHEV,2
2017,3,TOYOTA,Petrol,497
2017,3,UEBRIGE (SIEHE TYP),Petrol,1
2017,3,VOLVO,Diesel,412
2017,3,VOLVO,Diesel PHEV,5
2017,3,VOLVO,PHEV,18
2017,3,VOLVO,Petrol,201
2017,3,VW,BEV,11
2017,3,VW,CNG,11
2017,3,VW,Diesel,1261
2017,3,VW,PHEV,19
2017,3,VW,Petrol,1815
2017,4,ALFA ROMEO,Diesel,57
2017,4,ALFA ROMEO,Petrol,225
2017,4,ALPINA,Diesel,1
2017,4,ALPINA,Petrol,2
2017,4,ASTON MARTIN,Petrol,17
2017,4,AUDI,Diesel,723
2017,4,AUDI,Diesel PHEV,4
2017,4,AUDI,PHEV,13
2017,4,AUDI,Petrol,903
2017,4,BENTLEY,Diesel,7
2017,4,BENTLEY,Petrol,22
2017,4,BMW,BEV,32
2017,4,BMW,Diesel,1105
2017,4,BMW,Hybrid (Petrol),7
2017,4,BMW,PHEV,50
2017,4,BMW,Petrol,643
2017,4,CADILLAC,Petrol,18
2017,4,CATERHAM,Petrol,4
2017,4,CHEVROLET,Diesel,1
2017,4,CHEVROLET,Petrol,41
2017,4,CHRYSLER,Petrol,2
2017,4,CITROEN,BEV,6
2017,4,CITROEN,Diesel,184
2017,4,CITROEN,Hybrid (Diesel),2
2017,4,CITROEN,Petrol,499
2017,4,DACIA,Diesel,207
2017,4,DACIA,Petrol,484
2017,4,DODGE,Diesel,1
2017,4,DODGE,Petrol,20
2017,4,DS,Diesel,1
2017,4,DS,Petrol,2
2017,4,FERRARI,Hybrid (Petrol),3
2017,4,FERRARI,Petrol,40
2017,4,FIAT,CNG,25
2017,4,FIAT,Diesel,99
2017,4,FIAT,Petrol,655
2017,4,FORD,Diesel,500
2017,4,FORD,Petrol,550
2017,4,FORD-CNG-TECHNIK,PHEV,1
2017,4,FORD-CNG-TECHNIK,Petrol,28
2017,4,HONDA,Diesel,51
2017,4,HONDA,Hybrid (Petrol),1
2017,4,HONDA,Petrol,193
2017,4,HYUNDAI,BEV,7
2017,4,HYUNDAI,Diesel,376
2017,4,HYUNDAI,Hybrid (Petrol),14
2017,4,HYUNDAI,Petrol,410
2017,4,INFINITI,Diesel,33
2017,4,INFINITI,Hybrid (Petrol),4
2017,4,INFINITI,Petrol,27
2017,4,JAGUAR,Diesel,66
2017,4,JAGUAR,Petrol,32
2017,4,JEEP,Diesel,204
2017,4,JEEP,Petrol,54
2017,4,KIA,BEV,6
2017,4,KIA,Diesel,126
2017,4,KIA,Hybrid (Petrol),25
2017,4,KIA,Petrol,178
2017,4,KTM,Petrol,1
2017,4,LADA,Petrol,1
2017,4,LAMBORGHINI,Petrol,15
2017,4,LANCIA,Petrol,1
2017,4,LAND ROVER,Diesel,169
2017,4,LAND ROVER,Petrol,81
2017,4,LEXUS,Hybrid (Petrol),39
2017,4,LEXUS,Petrol,6
2017,4,LOTUS,Petrol,11
2017,4,MASERATI,Diesel,27
2017,4,MASERATI,Petrol,62
2017,4,MAZDA,Diesel,110
2017,4,MAZDA,Petrol,475
2017,4,MC LAREN,Petrol,8
2017,4,MERCEDES-AMG,Petrol,53
2017,4,MERCEDES-BENZ,BEV,10
2017,4,MERCEDES-BENZ,CNG,1
2017,4,MERCEDES-BENZ,Diesel,1030
2017,4,MERCEDES-BENZ,Hybrid (Petrol),53
2017,4,MERCEDES-BENZ,Petrol,1150
2017,4,MINI,Diesel,55
2017,4,MINI,Petrol,424
2017,4,MITSUBISHI,BEV,9
2017,4,MITSUBISHI,Diesel,99
2017,4,MITSUBISHI,PHEV,37
2017,4,MITSUBISHI,Petrol,142
2017,4,MORGAN,Petrol,2
2017,4,NISSAN,BEV,8
2017,4,NISSAN,Diesel,174
2017,4,NISSAN,Petrol,217
2017,4,OPEL,BEV,8
2017,4,OPEL,CNG,1
2017,4,OPEL,Diesel,135
2017,4,OPEL,LPG,1
2017,4,OPEL,Petrol,1008
2017,4,PEUGEOT,BEV,8
2017,4,PEUGEOT,Diesel,231
2017,4,PEUGEOT,Hybrid (Diesel),3
2017,4,PEUGEOT,Petrol,593
2017,4,PEUGEOT-DANGEL,Diesel,1
2017,4,PORSCHE,Diesel,66
2017,4,PORSCHE,Hybrid (Petrol),13
2017,4,PORSCHE,Petrol,278
2017,4,RENAULT,BEV,16
2017,4,RENAULT,Diesel,386
2017,4,RENAULT,Petrol,603
2017,4,ROLLS ROYCE,Petrol,2
2017,4,SEAT,CNG,3
2017,4,SEAT,Diesel,439
2017,4,SEAT,Petrol,628
2017,4,SKODA,CNG,13
2017,4,SKODA,Diesel,760
2017,4,SKODA,Petrol,809
2017,4,SMART,Petrol,200
2017,4,SSANGYONG,Diesel,50
2017,4,SSANGYONG,Petrol,4
2017,4,SUBARU,Diesel,34
2017,4,SUBARU,Petrol,367
2017,4,SUZUKI,Diesel,38
2017,4,SUZUKI,Hybrid (Petrol),57
2017,4,SUZUKI,Petrol,708
2017,4,TESLA,BEV,86
2017,4,TOYOTA,Diesel,49
2017,4,TOYOTA,Hybrid (Petrol),558
2017,4,TOYOTA,PHEV,9
2017,4,TOYOTA,Petrol,408
2017,4,UEBRIGE (SIEHE TYP),Diesel,1
2017,4,VOLVO,Diesel,424
2017,4,VOLVO,Diesel PHEV,6
2017,4,VOLVO,PHEV,22
2017,4,VOLVO,Petrol,178
2017,4,VW,BEV,24
2017,4,VW,CNG,2
2017,4,VW,Diesel,1455
2017,4,VW,Hybrid (Petrol),1
2017,4,VW,PHEV,24
2017,4,VW,Petrol,1669
2017,5,ALFA ROMEO,Diesel,70
2017,5,ALFA ROMEO,Petrol,269
2017,5,ALPINA,Diesel,1
2017,5,ALPINA,Petrol,2
2017,5,ASTON MARTIN,Petrol,27
2017,5,AUDI,CNG,1
2017,5,AUDI,Diesel,788
2017,5,AUDI,Diesel PHEV,2
2017,5,AUDI,PHEV,37
2017,5,AUDI,Petrol,933
2017,5,BENTLEY,Diesel,2
2017,5,BENTLEY,Petrol,21
2017,5,BMW,BEV,45
2017,5,BMW,Diesel,1180
2017,5,BMW,Hybrid (Petrol),5
2017,5,BMW,PHEV,83
2017,5,BMW,Petrol,947
2017,5,CADILLAC,Petrol,19
2017,5,CATERHAM,Petrol,3
2017,5,CHEVROLET,Petrol,30
2017,5,CHRYSLER,Petrol,4
2017,5,CITROEN,BEV,5
2017,5,CITROEN,Diesel,178
2017,5,CITROEN,Hybrid (Diesel),4
2017,5,CITROEN,Petrol,473
2017,5,CITROEN-DANGEL,Diesel,1
2017,5,DACIA,Diesel,184
2017,5,DACIA,Petrol,594
2017,5,DODGE,Petrol,19
2017,5,DS,Diesel,1
2017,5,DS,Petrol,7
2017,5,FERRARI,Hybrid (Petrol),4
2017,5,FERRARI,Petrol,35
2017,5,FIAT,CNG,17
2017,5,FIAT,Diesel,118
2017,5,FIAT,Petrol,822
2017,5,FORD,Diesel,595
2017,5,FORD,Petrol,594
2017,5,FORD-CNG-TECHNIK,BEV,2
2017,5,FORD-CNG-TECHNIK,PHEV,1
2017,5,FORD-CNG-TECHNIK,Petrol,31
2017,5,HONDA,Diesel,112
2017,5,HONDA,Hybrid (Petrol),1
2017,5,HONDA,Petrol,290
2017,5,HYUNDAI,BEV,5
2017,5,HYUNDAI,Diesel,370
2017,5,HYUNDAI,Hybrid (Petrol),24
2017,5,HYUNDAI,Petrol,352
2017,5,INFINITI,Diesel,10
2017,5,INFINITI,Hybrid (Petrol),1
2017,5,INFINITI,Petrol,13
2017,5,JAGUAR,Diesel,75
2017,5,JAGUAR,Petrol,40
2017,5,JEEP,Diesel,241
2017,5,JEEP,Petrol,61
2017,5,KIA,BEV,5
2017,5,KIA,Diesel,120
2017,5,KIA,Hybrid (Petrol),15
2017,5,KIA,Petrol,109
2017,5,LADA,Petrol,1
2017,5,LAMBORGHINI,Petrol,8
2017,5,LAND ROVER,Diesel,199
2017,5,LAND ROVER,Petrol,75
2017,5,LEXUS,Hybrid (Petrol),31
2017,5,LEXUS,Petrol,3
2017,5,LOTUS,Petrol,10
2017,5,MASERATI,Diesel,37
2017,5,MASERATI,Petrol,44
2017,5,MAZDA,Diesel,190
2017,5,MAZDA,Petrol,488
2017,5,MC LAREN,Petrol,5
2017,5,MERCEDES-AMG,Petrol,46
2017,5,MERCEDES-BENZ,BEV,13
2017,5,MERCEDES-BENZ,Diesel,1044
2017,5,MERCEDES-BENZ,Hybrid (Diesel),2
2017,5,MERCEDES-BENZ,Hybrid (Petrol),45
2017,5,MERCEDES-BENZ,PHEV,3
2017,5,MERCEDES-BENZ,Petrol,1321
2017,5,MINI,Diesel,65
2017,5,MINI,Hybrid (Petrol),2
2017,5,MINI,Petrol,528
2017,5,MITSUBISHI,BEV,6
2017,5,MITSUBISHI,Diesel,81
2017,5,MITSUBISHI,PHEV,21
2017,5,MITSUBISHI,Petrol,166
2017,5,MORGAN,Petrol,2
2017,5,NISSAN,BEV,16
2017,5,NISSAN,Diesel,211
2017,5,NISSAN,Petrol,237
2017,5,OPEL,CNG,3
2017,5,OPEL,Diesel,161
2017,5,OPEL,PHEV,1
2017,5,OPEL,Petrol,968
2017,5,PEUGEOT,BEV,3
2017,5,PEUGEOT,Diesel,308
2017,5,PEUGEOT,Hybrid (Diesel),8
2017,5,PEUGEOT,Petrol,724
2017,5,PORSCHE,Diesel,76
2017,5,PORSCHE,Hybrid (Petrol),23
2017,5,PORSCHE,Petrol,344
2017,5,RENAULT,BEV,24
2017,5,RENAULT,Diesel,374
2017,5,RENAULT,Hybrid (Diesel),6
2017,5,RENAULT,Petrol,720
2017,5,ROLLS ROYCE,Petrol,4
2017,5,SEAT,CNG,6
2017,5,SEAT,Diesel,427
2017,5,SEAT,Petrol,598
2017,5,SECMA,Petrol,1
2017,5,SKODA,CNG,21
2017,5,SKODA,Diesel,887
2017,5,SKODA,Petrol,935
2017,5,SMART,Petrol,207
2017,5,SSANGYONG,Diesel,83
2017,5,SSANGYONG,Petrol,6
2017,5,SUBARU,Diesel,36
2017,5,SUBARU,Petrol,364
2017,5,SUZUKI,Diesel,30
2017,5,SUZUKI,Hybrid (Petrol),129
2017,5,SUZUKI,Petrol,708
2017,5,TESLA,BEV,114
2017,5,TOYOTA,Diesel,59
2017,5,TOYOTA,Hybrid (Petrol),512
2017,5,TOYOTA,PHEV,20
2017,5,TOYOTA,Petrol,329
2017,5,UEBRIGE (SIEHE TYP),Diesel,1
2017,5,VOLVO,Diesel,452
2017,5,VOLVO,Diesel PHEV,4
2017,5,VOLVO,PHEV,14
2017,5,VOLVO,Petrol,176
2017,5,VW,BEV,16
2017,5,VW,CNG,7
2017,5,VW,Diesel,1422
2017,5,VW,PHEV,40
2017,5,VW,Petrol,2031
2017,6,AB KAWASAKI,Diesel,1
2017,6,ALFA ROMEO,Diesel,91
2017,6,ALFA ROMEO,Petrol,247
2017,6,ALPINA,Diesel,1
2017,6,ALPINA,Petrol,1
2017,6,ASTON MARTIN,Petrol,16
2017,6,AUDI,CNG,1
2017,6,AUDI,Diesel,777
2017,6,AUDI,Diesel PHEV,6
2017,6,AUDI,Hybrid (Petrol),14
2017,6,AUDI,PHEV,12
2017,6,AUDI,Petrol,916
2017,6,BENTLEY,Diesel,4
2017,6,BENTLEY,Petrol,20
2017,6,BMW,BEV,27
2017,6,BMW,Diesel,1903
2017,6,BMW,Hybrid (Petrol),13
2017,6,BMW,PHEV,65
2017,6,BMW,Petrol,972
2017,6,CADILLAC,Petrol,26
2017,6,CATERHAM,Petrol,5
2017,6,CHEVROLET,Petrol,63
2017,6,CHRYSLER,Petrol,1
2017,6,CITROEN,BEV,5
2017,6,CITROEN,Diesel,255
2017,6,CITROEN,Hybrid (Diesel),2
2017,6,CITROEN,Petrol,660
2017,6,CITROEN-DANGEL,Diesel,3
2017,6,DACIA,Diesel,180
2017,6,DACIA,Petrol,737
2017,6,DODGE,Petrol,13
2017,6,DS,Petrol,4
2017,6,FERRARI,Hybrid (Petrol),4
2017,6,FERRARI,Petrol,40
2017,6,FIAT,CNG,9
2017,6,FIAT,Diesel,161
2017,6,FIAT,Petrol,913
2017,6,FORD,Diesel,783
2017,6,FORD,Petrol,649
2017,6,FORD-CNG-TECHNIK,BEV,2
2017,6,FORD-CNG-TECHNIK,Hybrid (Petrol),2
2017,6,FORD-CNG-TECHNIK,PHEV,5
2017,6,FORD-CNG-TECHNIK,Petrol,26
2017,6,HONDA,Diesel,89
2017,6,HONDA,Hybrid (Petrol),1
2017,6,HONDA,Petrol,270
2017,6,HYUNDAI,BEV,8
2017,6,HYUNDAI,Diesel,401
2017,6,HYUNDAI,Hybrid (Petrol),14
2017,6,HYUNDAI,Petrol,369
2017,6,INFINITI,Diesel,6
2017,6,INFINITI,Hybrid (Petrol),2
2017,6,INFINITI,Petrol,7
2017,6,JAGUAR,Diesel,91
2017,6,JAGUAR,Petrol,53
2017,6,JEEP,Diesel,218
2017,6,JEEP,Petrol,36
2017,6,KIA,BEV,18
2017,6,KIA,Diesel,152
2017,6,KIA,Hybrid (Petrol),8
2017,6,KIA,Petrol,143
2017,6,LADA,Petrol,1
2017,6,LAMBORGHINI,Petrol,9
2017,6,LANCIA,Petrol,1
2017,6,LAND ROVER,Diesel,189
2017,6,LAND ROVER,Petrol,86
2017,6,LEXUS,Hybrid (Petrol),41
2017,6,LEXUS,Petrol,4
2017,6,LOTUS,Petrol,9
2017,6,MASERATI,Diesel,31
2017,6,MASERATI,Petrol,59
2017,6,MAZDA,Diesel,309
2017,6,MAZDA,Petrol,519
2017,6,MC LAREN,Petrol,3
2017,6,MERCEDES-ADRIA,Diesel,1
2017,6,MERCEDES-AMG,Petrol,35
2017,6,MERCEDES-BENZ,BEV,9
2017,6,MERCEDES-BENZ,Diesel,1068
2017,6,MERCEDES-BENZ,Hybrid (Petrol),61
2017,6,MERCEDES-BENZ,PHEV,1
2017,6,MERCEDES-BENZ,Petrol,1186
2017,6,MINI,Diesel,34
2017,6,MINI,Hybrid (Petrol),25
2017,6,MINI,PHEV,4
2017,6,MINI,Petrol,537
2017,6,MITSUBISHI,BEV,3
2017,6,MITSUBISHI,Diesel,103
2017,6,MITSUBISHI,PHEV,25
2017,6,MITSUBISHI,Petrol,153
2017,6,MORGAN,Petrol,1
2017,6,NISSAN,BEV,12
2017,6,NISSAN,Diesel,203
2017,6,NISSAN,Petrol,226
2017,6,OPEL,Diesel,304
2017,6,OPEL,Petrol,1386
2017,6,PEUGEOT,Diesel,299
2017,6,PEUGEOT,Hybrid (Diesel),7
2017,6,PEUGEOT,Petrol,711
2017,6,PORSCHE,Diesel,67
2017,6,PORSCHE,Hybrid (Petrol),54
2017,6,PORSCHE,Petrol,346
2017,6,RENAULT,BEV,99
2017,6,RENAULT,Diesel,613
2017,6,RENAULT,Hybrid (Diesel),6
2017,6,RENAULT,Petrol,1022
2017,6,ROLLS ROYCE,Petrol,8
2017,6,SEAT,CNG,10
2017,6,SEAT,Diesel,497
2017,6,SEAT,Petrol,681
2017,6,SKODA,CNG,25
2017,6,SKODA,Diesel,995
2017,6,SKODA,Petrol,957
2017,6,SMART,Petrol,231
2017,6,SSANGYONG,Diesel,76
2017,6,SSANGYONG,Petrol,11
2017,6,SUBARU,Diesel,50
2017,6,SUBARU,Petrol,482
2017,6,SUZUKI,Diesel,30
2017,6,SUZUKI,Hybrid (Petrol),140
2017,6,SUZUKI,Petrol,676
2017,6,TAZZARI,BEV,1
2017,6,TESLA,BEV,292
2017,6,TOYOTA,Diesel,106
2017,6,TOYOTA,Hybrid (Petrol),633
2017,6,TOYOTA,PHEV,13
2017,6,TOYOTA,Petrol,440
2017,6,VOLVO,Diesel,385
2017,6,VOLVO,Diesel PHEV,2
2017,6,VOLVO,PHEV,13
2017,6,VOLVO,Petrol,173
2017,6,VW,BEV,16
2017,6,VW,CNG,8
2017,6,VW,Diesel,1641
2017,6,VW,PHEV,22
2017,6,VW,Petrol,2091
2017,7,ALFA ROMEO,Diesel,77
2017,7,ALFA ROMEO,Petrol,208
2017,7,ALPINA,Diesel,1
2017,7,ALPINA,Petrol,2
2017,7,ASTON MARTIN,Petrol,15
2017,7,AUDI,CNG,3
2017,7,AUDI,Diesel,646
2017,7,AUDI,Diesel PHEV,4
2017,7,AUDI,Hybrid (Petrol),24
2017,7,AUDI,PHEV,12
2017,7,AUDI,Petrol,914
2017,7,BENTLEY,Diesel,7
2017,7,BENTLEY,Petrol,23
2017,7,BMW,BEV,27
2017,7,BMW,Diesel,1010
2017,7,BMW,Hybrid (Petrol),6
2017,7,BMW,PHEV,57
2017,7,BMW,Petrol,706
2017,7,BMW/ALPINA,Diesel,1
2017,7,BUGATTI,Petrol,1
2017,7,CADILLAC,Petrol,12
2017,7,CATERHAM,Petrol,2
2017,7,CHEVROLET,Petrol,31
2017,7,CHRYSLER,Petrol,3
2017,7,CITROEN,BEV,4
2017,7,CITROEN,Diesel,201
2017,7,CITROEN,Hybrid (Diesel),3
2017,7,CITROEN,Petrol,440
2017,7,CITROEN-DANGEL,Diesel,6
2017,7,DACIA,Diesel,213
2017,7,DACIA,Petrol,696
2017,7,DODGE,Petrol,18
2017,7,DS,Diesel,7
2017,7,DS,Petrol,4
2017,7,FERRARI,Petrol,29
2017,7,FIAT,CNG,42
2017,7,FIAT,Diesel,92
2017,7,FIAT,Petrol,718
2017,7,FORD,Diesel,628
2017,7,FORD,Petrol,495
2017,7,FORD-CNG-TECHNIK,BEV,1
2017,7,FORD-CNG-TECHNIK,Petrol,32
2017,7,HONDA,Diesel,48
2017,7,HONDA,Hybrid (Petrol),1
2017,7,HONDA,Petrol,150
2017,7,HYUNDAI,BEV,6
2017,7,HYUNDAI,Diesel,327
2017,7,HYUNDAI,Hybrid (Petrol),5
2017,7,HYUNDAI,Hydrogen,1
2017,7,HYUNDAI,PHEV,1
2017,7,HYUNDAI,Petrol,257
2017,7,INFINITI,Diesel,7
2017,7,INFINITI,Petrol,8
2017,7,JAGUAR,Diesel,81
2017,7,JAGUAR,Petrol,43
2017,7,JEEP,Diesel,275
2017,7,JEEP,Petrol,57
2017,7,KIA,BEV,8
2017,7,KIA,Diesel,97
2017,7,KIA,Hybrid (Petrol),4
2017,7,KIA,Petrol,61
2017,7,LADA,Petrol,1
2017,7,LAMBORGHINI,Petrol,10
2017,7,LAND ROVER,Diesel,248
2017,7,LAND ROVER,Hybrid (Diesel),1
2017,7,LAND ROVER,Petrol,158
2017,7,LEXUS,Hybrid (Petrol),45
2017,7,LEXUS,Petrol,5
2017,7,LOTUS,Petrol,9
2017,7,MASERATI,Diesel,29
2017,7,MASERATI,Petrol,47
2017,7,MAZDA,Diesel,99
2017,7,MAZDA,Petrol,578
2017,7,MC LAREN,Petrol,8
2017,7,MERCEDES-AMG,Petrol,34
2017,7,MERCEDES-BENZ,BEV,10
2017,7,MERCEDES-BENZ,CNG,1
2017,7,MERCEDES-BENZ,Diesel,946
2017,7,MERCEDES-BENZ,Hybrid (Petrol),37
2017,7,MERCEDES-BENZ,PHEV,1
2017,7,MERCEDES-BENZ,Petrol,1144
2017,7,MINI,Diesel,34
2017,7,MINI,Hybrid (Petrol),21
2017,7,MINI,PHEV,7
2017,7,MINI,Petrol,421
2017,7,MITSUBISHI,BEV,3
2017,7,MITSUBISHI,Diesel,66
2017,7,MITSUBISHI,PHEV,16
2017,7,MITSUBISHI,Petrol,109
2017,7,MORGAN,Petrol,3
2017,7,NISSAN,BEV,7
2017,7,NISSAN,CNG,1
2017,7,NISSAN,Diesel,201
2017,7,NISSAN,Petrol,175
2017,7,OPEL,CNG,2
2017,7,OPEL,Diesel,163
2017,7,OPEL,Petrol,838
2017,7,PEUGEOT,BEV,1
2017,7,PEUGEOT,Diesel,282
2017,7,PEUGEOT,Hybrid (Diesel),2
2017,7,PEUGEOT,Petrol,630
2017,7,PEUGEOT-DANGEL,Diesel,1
2017,7,PORSCHE,Diesel,49
2017,7,PORSCHE,Hybrid (Petrol),31
2017,7,PORSCHE,Petrol,223
2017,7,RENAULT,BEV,80
2017,7,RENAULT,Diesel,556
2017,7,RENAULT,Hybrid (Diesel),2
2017,7,RENAULT,Petrol,641
2017,7,ROLLS ROYCE,Petrol,3
2017,7,SEAT,CNG,6
2017,7,SEAT,Diesel,397
2017,7,SEAT,Petrol,490
2017,7,SKODA,CNG,27
2017,7,SKODA,Diesel,627
2017,7,SKODA,Petrol,939
2017,7,SMART,Petrol,189
2017,7,SSANGYONG,Diesel,45
2017,7,SSANGYONG,Petrol,10
2017,7,SUBARU,Diesel,13
2017,7,SUBARU,Petrol,197
2017,7,SUZUKI,Diesel,15
2017,7,SUZUKI,Hybrid (Petrol),63
2017,7,SUZUKI,Petrol,405
2017,7,TESLA,BEV,98
2017,7,TOYOTA,Diesel,73
2017,7,TOYOTA,Hybrid (Petrol),415
2017,7,TOYOTA,PHEV,6
2017,7,TOYOTA,Petrol,203
2017,7,VOLVO,Diesel,352
2017,7,VOLVO,PHEV,51
2017,7,VOLVO,Petrol,187
2017,7,VW,BEV,9
2017,7,VW,CNG,5
2017,7,VW,Diesel,1297
2017,7,VW,PHEV,22
2017,7,VW,Petrol,1756
2017,8,ALFA ROMEO,Diesel,80
2017,8,ALFA ROMEO,Petrol,163
2017,8,ALPINA,Diesel,2
2017,8,ALPINA,Petrol,2
2017,8,ASTON MARTIN,Petrol,20
2017,8,AUDI,CNG,5
2017,8,AUDI,Diesel,683
2017,8,AUDI,Diesel PHEV,6
2017,8,AUDI,Hybrid (Diesel),2
2017,8,AUDI,Hybrid (Petrol),30
2017,8,AUDI,PHEV,6
2017,8,AUDI,Petrol,896
2017,8,BENTLEY,Diesel,4
2017,8,BENTLEY,Petrol,17
2017,8,BMW,BEV,18
2017,8,BMW,Diesel,913
2017,8,BMW,Hybrid (Petrol),13
2017,8,BMW,PHEV,75
2017,8,BMW,Petrol,743
2017,8,BUGATTI,Petrol,1
2017,8,CADILLAC,Petrol,3
2017,8,CATERHAM,Petrol,4
2017,8,CHEVROLET,Petrol,14
2017,8,CHRYSLER,Petrol,1
2017,8,CITROEN,BEV,8
2017,8,CITROEN,Diesel,181
2017,8,CITROEN,Hybrid (Diesel),3
2017,8,CITROEN,Petrol,401
2017,8,CITROEN-DANGEL,Diesel,6
2017,8,DACIA,Diesel,157
2017,8,DACIA,Petrol,497
2017,8,DODGE,Petrol,21
2017,8,DS,Diesel,2
2017,8,DS,Petrol,6
2017,8,FERRARI,Hybrid (Petrol),1
2017,8,FERRARI,Petrol,31
2017,8,FIAT,CNG,13
2017,8,FIAT,Diesel,161
2017,8,FIAT,Petrol,697
2017,8,FORD,Diesel,573
2017,8,FORD,Petrol,456
2017,8,FORD-CNG-TECHNIK,BEV,1
2017,8,FORD-CNG-TECHNIK,Hybrid (Petrol),1
2017,8,FORD-CNG-TECHNIK,PHEV,5
2017,8,FORD-CNG-TECHNIK,Petrol,37
2017,8,HONDA,Diesel,41
2017,8,HONDA,Petrol,249
2017,8,HYUNDAI,BEV,8
2017,8,HYUNDAI,Diesel,191
2017,8,HYUNDAI,Hybrid (Petrol),5
2017,8,HYUNDAI,PHEV,32
2017,8,HYUNDAI,Petrol,325
2017,8,INFINITI,Diesel,6
2017,8,INFINITI,Hybrid (Petrol),1
2017,8,INFINITI,Petrol,14
2017,8,IVECO,Diesel,2
2017,8,JAGUAR,Diesel,38
2017,8,JAGUAR,Petrol,46
2017,8,JEEP,Diesel,168
2017,8,JEEP,Petrol,47
2017,8,KIA,BEV,11
2017,8,KIA,Diesel,99
2017,8,KIA,Hybrid (Petrol),26
2017,8,KIA,Petrol,230
2017,8,LADA,Petrol,1
2017,8,LAMBORGHINI,Petrol,8
2017,8,LAND ROVER,Diesel,134
2017,8,LAND ROVER,Petrol,70
2017,8,LEXUS,Hybrid (Petrol),39
2017,8,LEXUS,Petrol,5
2017,8,LINCOLN,Petrol,1
2017,8,LOTUS,Petrol,14
2017,8,MASERATI,Diesel,18
2017,8,MASERATI,Petrol,30
2017,8,MAZDA,Diesel,102
2017,8,MAZDA,Petrol,568
2017,8,MC LAREN,Petrol,5
2017,8,MERCEDES-AMG,Petrol,52
2017,8,MERCEDES-BENZ,BEV,14
2017,8,MERCEDES-BENZ,Diesel,924
2017,8,MERCEDES-BENZ,Hybrid (Petrol),55
2017,8,MERCEDES-BENZ,PHEV,5
2017,8,MERCEDES-BENZ,Petrol,1184
2017,8,MINI,Diesel,17
2017,8,MINI,Hybrid (Petrol),14
2017,8,MINI,PHEV,10
2017,8,MINI,Petrol,364
2017,8,MITSUBISHI,BEV,8
2017,8,MITSUBISHI,Diesel,84
2017,8,MITSUBISHI,PHEV,35
2017,8,MITSUBISHI,Petrol,98
2017,8,NISSAN,BEV,22
2017,8,NISSAN,Diesel,285
2017,8,NISSAN,Petrol,239
2017,8,OPEL,BEV,44
2017,8,OPEL,CNG,2
2017,8,OPEL,Diesel,123
2017,8,OPEL,Petrol,763
2017,8,PEUGEOT,Diesel,219
2017,8,PEUGEOT,Hybrid (Diesel),2
2017,8,PEUGEOT,Petrol,566
2017,8,PORSCHE,Diesel,30
2017,8,PORSCHE,Hybrid (Petrol),29
2017,8,PORSCHE,Petrol,188
2017,8,RENAULT,BEV,106
2017,8,RENAULT,Diesel,462
2017,8,RENAULT,Hybrid (Diesel),6
2017,8,RENAULT,Petrol,577
2017,8,ROLLS ROYCE,Petrol,2
2017,8,ROVER,Diesel,1
2017,8,SAAB,Petrol,1
2017,8,SEAT,CNG,6
2017,8,SEAT,Diesel,328
2017,8,SEAT,Petrol,525
2017,8,SKODA,CNG,21
2017,8,SKODA,Diesel,577
2017,8,SKODA,Petrol,958
2017,8,SMART,BEV,1
2017,8,SMART,Petrol,150
2017,8,SSANGYONG,Diesel,66
2017,8,SSANGYONG,Petrol,7
2017,8,STIMBO,BEV,1
2017,8,SUBARU,Diesel,24
2017,8,SUBARU,Petrol,274
2017,8,SUZUKI,Diesel,12
2017,8,SUZUKI,Hybrid (Petrol),75
2017,8,SUZUKI,Petrol,457
2017,8,TESLA,BEV,61
2017,8,TOYOTA,Diesel,40
2017,8,TOYOTA,Hybrid (Petrol),470
2017,8,TOYOTA,PHEV,11
2017,8,TOYOTA,Petrol,214
2017,8,VOLVO,Diesel,182
2017,8,VOLVO,Diesel PHEV,2
2017,8,VOLVO,PHEV,37
2017,8,VOLVO,Petrol,127
2017,8,VW,BEV,21
2017,8,VW,CNG,15
2017,8,VW,Diesel,965
2017,8,VW,PHEV,21
2017,8,VW,Petrol,1457
2017,9,ALFA ROMEO,Diesel,52
2017,9,ALFA ROMEO,Petrol,221
2017,9,ALPINA,Petrol,2
2017,9,ASTON MARTIN,Petrol,11
2017,9,AUDI,CNG,3
2017,9,AUDI,Diesel,611
2017,9,AUDI,Diesel PHEV,6
2017,9,AUDI,Hybrid (Petrol),38
2017,9,AUDI,PHEV,7
2017,9,AUDI,Petrol,929
2017,9,BENTLEY,Diesel,3
2017,9,BENTLEY,Petrol,14
2017,9,BMW,BEV,49
2017,9,BMW,Diesel,918
2017,9,BMW,Hybrid (Petrol),13
2017,9,BMW,PHEV,58
2017,9,BMW,Petrol,745
2017,9,CADILLAC,Petrol,10
2017,9,CATERHAM,Petrol,1
2017,9,CHEVROLET,Diesel,1
2017,9,CHEVROLET,Petrol,22
2017,9,CHRYSLER,Petrol,3
2017,9,CITROEN,BEV,3
2017,9,CITROEN,Diesel,121
2017,9,CITROEN,Hybrid (Diesel),1
2017,9,CITROEN,Petrol,387
2017,9,CITROEN-DANGEL,Diesel,1
2017,9,DACIA,Diesel,146
2017,9,DACIA,Petrol,354
2017,9,DODGE,Diesel,1
2017,9,DODGE,Petrol,20
2017,9,DS,Petrol,3
2017,9,FERRARI,Petrol,16
2017,9,FIAT,CNG,6
2017,9,FIAT,Diesel,88
2017,9,FIAT,Petrol,711
2017,9,FORD,Diesel,440
2017,9,FORD,Petrol,547
2017,9,FORD-CNG-TECHNIK,Hybrid (Petrol),1
2017,9,FORD-CNG-TECHNIK,PHEV,10
2017,9,FORD-CNG-TECHNIK,Petrol,26
2017,9,HONDA,Diesel,94
2017,9,HONDA,Hybrid (Petrol),1
2017,9,HONDA,Petrol,242
2017,9,HYUNDAI,BEV,21
2017,9,HYUNDAI,Diesel,296
2017,9,HYUNDAI,Hybrid (Petrol),18
2017,9,HYUNDAI,PHEV,12
2017,9,HYUNDAI,Petrol,315
2017,9,INFINITI,Diesel,4
2017,9,INFINITI,Petrol,4
2017,9,JAGUAR,Diesel,30
2017,9,JAGUAR,Petrol,38
2017,9,JEEP,Diesel,241
2017,9,JEEP,Petrol,82
2017,9,KIA,BEV,9
2017,9,KIA,Diesel,116
2017,9,KIA,Hybrid (Petrol),29
2017,9,KIA,Petrol,207
2017,9,LAMBORGHINI,Petrol,5
2017,9,LAND ROVER,Diesel,195
2017,9,LAND ROVER,Petrol,71
2017,9,LEXUS,Hybrid (Petrol),53
2017,9,LEXUS,Petrol,2
2017,9,LINCOLN,Petrol,1
2017,9,LOTUS,Petrol,5
2017,9,MASERATI,Diesel,12
2017,9,MASERATI,Petrol,41
2017,9,MAZDA,Diesel,186
2017,9,MAZDA,Petrol,447
2017,9,MC LAREN,Petrol,7
2017,9,MERCEDES-AMG,Petrol,39
2017,9,MERCEDES-BENZ,BEV,11
2017,9,MERCEDES-BENZ,Diesel,880
2017,9,MERCEDES-BENZ,Hybrid (Petrol),57
2017,9,MERCEDES-BENZ,PHEV,1
2017,9,MERCEDES-BENZ,Petrol,1161
2017,9,MINI,Diesel,21
2017,9,MINI,Hybrid (Petrol),16
2017,9,MINI,PHEV,8
2017,9,MINI,Petrol,392
2017,9,MITSUBISHI,Diesel,80
2017,9,MITSUBISHI,PHEV,30
2017,9,MITSUBISHI,Petrol,112
2017,9,MORGAN,Petrol,2
2017,9,NISSAN,BEV,14
2017,9,NISSAN,Diesel,268
2017,9,NISSAN,Petrol,208
2017,9,OPEL,BEV,33
2017,9,OPEL,CNG,1
2017,9,OPEL,Diesel,166
2017,9,OPEL,Petrol,1082
2017,9,PEUGEOT,Diesel,184
2017,9,PEUGEOT,Hybrid (Diesel),6
2017,9,PEUGEOT,Petrol,562
2017,9,PORSCHE,Diesel,44
2017,9,PORSCHE,Hybrid (Petrol),37
2017,9,PORSCHE,Petrol,202
2017,9,RENAULT,BEV,44
2017,9,RENAULT,Diesel,424
2017,9,RENAULT,Hybrid (Diesel),6
2017,9,RENAULT,Petrol,552
2017,9,ROLLS ROYCE,Petrol,3
2017,9,SEAT,CNG,5
2017,9,SEAT,Diesel,337
2017,9,SEAT,Petrol,481
2017,9,SKODA,CNG,29
2017,9,SKODA,Diesel,753
2017,9,SKODA,Petrol,972
2017,9,SMART,Petrol,183
2017,9,SSANGYONG,Diesel,52
2017,9,SSANGYONG,Petrol,9
2017,9,SUBARU,Diesel,42
2017,9,SUBARU,Petrol,439
2017,9,SUZUKI,Diesel,31
2017,9,SUZUKI,Hybrid (Petrol),112
2017,9,SUZUKI,Petrol,590
2017,9,TESLA,BEV,338
2017,9,TOYOTA,Diesel,41
2017,9,TOYOTA,Hybrid (Petrol),628
2017,9,TOYOTA,PHEV,19
2017,9,TOYOTA,Petrol,222
2017,9,UEBRIGE (SIEHE TYP),Petrol,1
2017,9,VOLVO,Diesel,303
2017,9,VOLVO,Hybrid (Petrol),1
2017,9,VOLVO,PHEV,41
2017,9,VOLVO,Petrol,155
2017,9,VW,BEV,28
2017,9,VW,CNG,16
2017,9,VW,Diesel,1155
2017,9,VW,Hybrid (Diesel),1
2017,9,VW,PHEV,25
2017,9,VW,Petrol,1600
2017,10,ALFA ROMEO,Diesel,46
2017,10,ALFA ROMEO,Petrol,203
2017,10,ALPINA,Diesel,3
2017,10,ASTON MARTIN,Petrol,15
2017,10,AUDI,CNG,13
2017,10,AUDI,Diesel,627
2017,10,AUDI,Diesel PHEV,3
2017,10,AUDI,Hybrid (Petrol),56
2017,10,AUDI,PHEV,16
2017,10,AUDI,Petrol,1045
2017,10,BENTLEY,Diesel,1
2017,10,BENTLEY,Petrol,12
2017,10,BMW,BEV,30
2017,10,BMW,Diesel,916
2017,10,BMW,Hybrid (Petrol),13
2017,10,BMW,PHEV,44
2017,10,BMW,Petrol,694
2017,10,CADILLAC,Petrol,25
2017,10,CATERHAM,Petrol,3
2017,10,CHEVROLET,Petrol,16
2017,10,CHRYSLER,Petrol,1
2017,10,CITROEN,BEV,6
2017,10,CITROEN,Diesel,150
2017,10,CITROEN,Hybrid (Diesel),2
2017,10,CITROEN,Petrol,473
2017,10,CITROEN-DANGEL,Diesel,1
2017,10,DACIA,Diesel,144
2017,10,DACIA,Petrol,469
2017,10,DODGE,Petrol,16
2017,10,DS,Diesel,2
2017,10,DS,Petrol,5
2017,10,FERRARI,Petrol,23
2017,10,FIAT,CNG,15
2017,10,FIAT,Diesel,143
2017,10,FIAT,Petrol,769
2017,10,FORD,Diesel,507
2017,10,FORD,Petrol,570
2017,10,FORD-CNG-TECHNIK,Petrol,27
2017,10,HONDA,Diesel,74
2017,10,HONDA,Petrol,331
2017,10,HYUNDAI,BEV,21
2017,10,HYUNDAI,Diesel,308
2017,10,HYUNDAI,Hybrid (Petrol),12
2017,10,HYUNDAI,PHEV,9
2017,10,HYUNDAI,Petrol,333
2017,10,INFINITI,Diesel,6
2017,10,INFINITI,Hybrid (Petrol),2
2017,10,INFINITI,Petrol,7
2017,10,JAGUAR,Diesel,78
2017,10,JAGUAR,Petrol,50
2017,10,JEEP,Diesel,264
2017,10,JEEP,Petrol,72
2017,10,KIA,BEV,8
2017,10,KIA,Diesel,82
2017,10,KIA,Hybrid (Petrol),22
2017,10,KIA,PHEV,14
2017,10,KIA,Petrol,261
2017,10,LADA,Petrol,1
2017,10,LAMBORGHINI,Petrol,8
2017,10,LAND ROVER,Diesel,194
2017,10,LAND ROVER,Petrol,105
2017,10,LEXUS,Hybrid (Petrol),46
2017,10,LEXUS,Petrol,3
2017,10,LOTUS,Petrol,4
2017,10,MASERATI,Diesel,14
2017,10,MASERATI,Petrol,59
2017,10,MAZDA,Diesel,117
2017,10,MAZDA,Petrol,470
2017,10,MC LAREN,Petrol,11
2017,10,MERCEDES-AMG,Petrol,34
2017,10,MERCEDES-BENZ,BEV,6
2017,10,MERCEDES-BENZ,Diesel,802
2017,10,MERCEDES-BENZ,Hybrid (Diesel),1
2017,10,MERCEDES-BENZ,Hybrid (Petrol),52
2017,10,MERCEDES-BENZ,PHEV,1
2017,10,MERCEDES-BENZ,Petrol,915
2017,10,MINI,Diesel,33
2017,10,MINI,Hybrid (Petrol),12
2017,10,MINI,PHEV,7
2017,10,MINI,Petrol,429
2017,10,MITSUBISHI,BEV,1
2017,10,MITSUBISHI,Diesel,109
2017,10,MITSUBISHI,PHEV,12
2017,10,MITSUBISHI,Petrol,107
2017,10,MORGAN,Petrol,1
2017,10,NISSAN,BEV,11
2017,10,NISSAN,Diesel,241
2017,10,NISSAN,Petrol,244
2017,10,OPEL,BEV,57
2017,10,OPEL,CNG,1
2017,10,OPEL,Diesel,241
2017,10,OPEL,Petrol,1025
2017,10,PEUGEOT,BEV,1
2017,10,PEUGEOT,Diesel,187
2017,10,PEUGEOT,Hybrid (Diesel),2
2017,10,PEUGEOT,Petrol,570
2017,10,PEUGEOT-DANGEL,Diesel,1
2017,10,PORSCHE,Diesel,47
2017,10,PORSCHE,Hybrid (Petrol),18
2017,10,PORSCHE,Petrol,162
2017,10,RADICAL SPORTSCARS,Petrol,1
2017,10,RENAULT,BEV,67
2017,10,RENAULT,Diesel,334
2017,10,RENAULT,Hybrid (Diesel),5
2017,10,RENAULT,Petrol,503
2017,10,ROLLS ROYCE,Petrol,4
2017,10,ROVER,Petrol,1
2017,10,SEAT,CNG,40
2017,10,SEAT,Diesel,322
2017,10,SEAT,Petrol,638
2017,10,SKODA,CNG,21
2017,10,SKODA,Diesel,614
2017,10,SKODA,Petrol,909
2017,10,SMART,Petrol,190
2017,10,SSANGYONG,Diesel,53
2017,10,SSANGYONG,Petrol,6
2017,10,SUBARU,Diesel,22
2017,10,SUBARU,Petrol,339
2017,10,SUZUKI,Diesel,22
2017,10,SUZUKI,Hybrid (Petrol),105
2017,10,SUZUKI,Petrol,673
2017,10,TESLA,BEV,136
2017,10,TOYOTA,Diesel,76
2017,10,TOYOTA,Hybrid (Petrol),509
2017,10,TOYOTA,PHEV,5
2017,10,TOYOTA,Petrol,276
2017,10,VOLVO,Diesel,318
2017,10,VOLVO,Diesel PHEV,2
2017,10,VOLVO,PHEV,58
2017,10,VOLVO,Petrol,185
2017,10,VW,BEV,12
2017,10,VW,CNG,12
2017,10,VW,Diesel,1224
2017,10,VW,PHEV,27
2017,10,VW,Petrol,1501
2017,11,ALFA ROMEO,Diesel,151
2017,11,ALFA ROMEO,Petrol,194
2017,11,ALPINA,Diesel,1
2017,11,ALPINA,Petrol,8
2017,11,ASTON MARTIN,Petrol,19
2017,11,AUDI,CNG,12
2017,11,AUDI,Diesel,593
2017,11,AUDI,Diesel PHEV,5
2017,11,AUDI,Hybrid (Diesel),14
2017,11,AUDI,Hybrid (Petrol),56
2017,11,AUDI,PHEV,32
2017,11,AUDI,Petrol,1076
2017,11,BENTLEY,Diesel,3
2017,11,BENTLEY,Petrol,15
2017,11,BMW,BEV,319
2017,11,BMW,Diesel,1009
2017,11,BMW,Hybrid (Petrol),11
2017,11,BMW,PHEV,58
2017,11,BMW,Petrol,697
2017,11,CADILLAC,Petrol,23
2017,11,CATERHAM,Petrol,2
2017,11,CHEVROLET,Petrol,21
2017,11,CHRYSLER,Petrol,3
2017,11,CITROEN,BEV,5
2017,11,CITROEN,Diesel,102
2017,11,CITROEN,Hybrid (Diesel),1
2017,11,CITROEN,Petrol,524
2017,11,DACIA,Diesel,131
2017,11,DACIA,Petrol,716
2017,11,DODGE,Petrol,10
2017,11,DS,Diesel,2
2017,11,DS,Petrol,6
2017,11,FERRARI,Hybrid (Petrol),2
2017,11,FERRARI,Petrol,19
2017,11,FIAT,CNG,11
2017,11,FIAT,Diesel,90
2017,11,FIAT,Petrol,677
2017,11,FORD,Diesel,480
2017,11,FORD,Petrol,747
2017,11,FORD ECONOLINE,Diesel,1
2017,11,FORD-CNG-TECHNIK,Hybrid (Petrol),3
2017,11,FORD-CNG-TECHNIK,Petrol,32
2017,11,HONDA,Diesel,72
2017,11,HONDA,Hybrid (Petrol),1
2017,11,HONDA,Petrol,311
2017,11,HYUNDAI,BEV,56
2017,11,HYUNDAI,Diesel,267
2017,11,HYUNDAI,Hybrid (Petrol),4
2017,11,HYUNDAI,PHEV,17
2017,11,HYUNDAI,Petrol,423
2017,11,INFINITI,Diesel,6
2017,11,INFINITI,Hybrid (Petrol),1
2017,11,INFINITI,Petrol,5
2017,11,JAGUAR,Diesel,47
2017,11,JAGUAR,Petrol,27
2017,11,JEEP,Diesel,272
2017,11,JEEP,Petrol,90
2017,11,JUMBOLINO,BEV,2
2017,11,KIA,BEV,6
2017,11,KIA,Diesel,81
2017,11,KIA,Hybrid (Petrol),17
2017,11,KIA,PHEV,19
2017,11,KIA,Petrol,299
2017,11,LAMBORGHINI,Petrol,4
2017,11,LAND ROVER,Diesel,220
2017,11,LAND ROVER,Petrol,80
2017,11,LEXUS,Hybrid (Petrol),82
2017,11,LEXUS,Petrol,1
2017,11,LOTUS,Petrol,8
2017,11,MASERATI,Diesel,12
2017,11,MASERATI,Petrol,45
2017,11,MAZDA,Diesel,56
2017,11,MAZDA,Petrol,779
2017,11,MC LAREN,Petrol,6
2017,11,MERCEDES-AMG,Petrol,23
2017,11,MERCEDES-BENZ,BEV,2
2017,11,MERCEDES-BENZ,Diesel,800
2017,11,MERCEDES-BENZ,Hybrid (Petrol),49
2017,11,MERCEDES-BENZ,PHEV,2
2017,11,MERCEDES-BENZ,Petrol,1008
2017,11,MINI,Diesel,43
2017,11,MINI,Hybrid (Petrol),15
2017,11,MINI,PHEV,15
2017,11,MINI,Petrol,401
2017,11,MITSUBISHI,Diesel,130
2017,11,MITSUBISHI,PHEV,18
2017,11,MITSUBISHI,Petrol,99
2017,11,MORGAN,Petrol,2
2017,11,NISSAN,BEV,10
2017,11,NISSAN,Diesel,236
2017,11,NISSAN,Petrol,223
2017,11,OPEL,BEV,131
2017,11,OPEL,CNG,1
2017,11,OPEL,Diesel,123
2017,11,OPEL,Petrol,803
2017,11,PAGANI,Petrol,1
2017,11,PEUGEOT,BEV,1
2017,11,PEUGEOT,Diesel,206
2017,11,PEUGEOT,Hybrid (Diesel),5
2017,11,PEUGEOT,Petrol,537
2017,11,PORSCHE,Diesel,59
2017,11,PORSCHE,Hybrid (Petrol),31
2017,11,PORSCHE,Petrol,245
2017,11,QUATTRO,Petrol,1
2017,11,RENAULT,BEV,39
2017,11,RENAULT,Diesel,399
2017,11,RENAULT,Hybrid (Diesel),24
2017,11,RENAULT,Petrol,670
2017,11,ROLLS ROYCE,Petrol,2
2017,11,SEAT,CNG,10
2017,11,SEAT,Diesel,345
2017,11,SEAT,Petrol,780
2017,11,SKODA,CNG,12
2017,11,SKODA,Diesel,929
2017,11,SKODA,Petrol,1006
2017,11,SMART,Petrol,203
2017,11,SSANGYONG,Diesel,54
2017,11,SSANGYONG,Petrol,4
2017,11,SUBARU,Diesel,14
2017,11,SUBARU,Petrol,571
2017,11,SUZUKI,Diesel,15
2017,11,SUZUKI,Hybrid (Petrol),107
2017,11,SUZUKI,Petrol,599
2017,11,TESLA,BEV,107
2017,11,TOYOTA,Diesel,58
2017,11,TOYOTA,Hybrid (Petrol),417
2017,11,TOYOTA,PHEV,4
2017,11,TOYOTA,Petrol,227
2017,11,UEBRIGE (SIEHE TYP),Diesel,1
2017,11,UEBRIGE (SIEHE TYP),Petrol,1
2017,11,VOLVO,Diesel,318
2017,11,VOLVO,Diesel PHEV,3
2017,11,VOLVO,PHEV,74
2017,11,VOLVO,Petrol,255
2017,11,VW,BEV,32
2017,11,VW,CNG,4
2017,11,VW,Diesel,1204
2017,11,VW,PHEV,26
2017,11,VW,Petrol,1745
2017,12,ALFA ROMEO,Diesel,67
2017,12,ALFA ROMEO,Petrol,159
2017,12,ALPINA,Diesel,1
2017,12,ALPINA,Petrol,9
2017,12,ASTON MARTIN,Petrol,15
2017,12,AUDI,CNG,40
2017,12,AUDI,Diesel,993
2017,12,AUDI,Diesel PHEV,14
2017,12,AUDI,Hybrid (Diesel),5
2017,12,AUDI,Hybrid (Petrol),103
2017,12,AUDI,PHEV,112
2017,12,AUDI,Petrol,1627
2017,12,BENTLEY,Diesel,2
2017,12,BENTLEY,Petrol,14
2017,12,BMW,BEV,22
2017,12,BMW,Diesel,1957
2017,12,BMW,Hybrid (Petrol),16
2017,12,BMW,PHEV,94
2017,12,BMW,Petrol,1062
2017,12,CADILLAC,Petrol,16
2017,12,CHEVROLET,Petrol,19
2017,12,CHRYSLER,Petrol,5
2017,12,CITROEN,BEV,2
2017,12,CITROEN,Diesel,142
2017,12,CITROEN,Hybrid (Diesel),3
2017,12,CITROEN,Petrol,488
2017,12,DACIA,Diesel,111
2017,12,DACIA,Petrol,595
2017,12,DODGE,Petrol,64
2017,12,DS,Diesel,3
2017,12,DS,Petrol,1
2017,12,FERRARI,Petrol,6
2017,12,FIAT,CNG,6
2017,12,FIAT,Diesel,122
2017,12,FIAT,Petrol,629
2017,12,FORD,Diesel,536
2017,12,FORD,Petrol,834
2017,12,FORD-CNG-TECHNIK,Petrol,34
2017,12,HONDA,Diesel,65
2017,12,HONDA,Petrol,222
2017,12,HYUNDAI,BEV,43
2017,12,HYUNDAI,Diesel,337
2017,12,HYUNDAI,Hybrid (Petrol),41
2017,12,HYUNDAI,Hydrogen,1
2017,12,HYUNDAI,PHEV,6
2017,12,HYUNDAI,Petrol,491
2017,12,INFINITI,Diesel,12
2017,12,INFINITI,Hybrid (Petrol),2
2017,12,INFINITI,Petrol,6
2017,12,JAGUAR,Diesel,60
2017,12,JAGUAR,Petrol,51
2017,12,JEEP,Diesel,262
2017,12,JEEP,Petrol,94
2017,12,JUMBOLINO,BEV,3
2017,12,JUMBOLINO,Petrol,1
2017,12,KIA,BEV,3
2017,12,KIA,Diesel,130
2017,12,KIA,Hybrid (Petrol),10
2017,12,KIA,PHEV,10
2017,12,KIA,Petrol,224
2017,12,LADA,Petrol,13
2017,12,LAMBORGHINI,Petrol,3
2017,12,LAND ROVER,Diesel,203
2017,12,LAND ROVER,Petrol,125
2017,12,LEXUS,Hybrid (Petrol),129
2017,12,LEXUS,Petrol,1
2017,12,MASERATI,Diesel,17
2017,12,MASERATI,Petrol,54
2017,12,MAZDA,Diesel,102
2017,12,MAZDA,Petrol,402
2017,12,MC LAREN,Petrol,1
2017,12,MERCEDES-AMG,Diesel,1
2017,12,MERCEDES-AMG,Petrol,28
2017,12,MERCEDES-BENZ,BEV,5
2017,12,MERCEDES-BENZ,Diesel,1065
2017,12,MERCEDES-BENZ,Hybrid (Petrol),54
2017,12,MERCEDES-BENZ,PHEV,19
2017,12,MERCEDES-BENZ,Petrol,1176
2017,12,MINI,Diesel,23
2017,12,MINI,Hybrid (Petrol),18
2017,12,MINI,PHEV,18
2017,12,MINI,Petrol,489
2017,12,MITSUBISHI,Diesel,89
2017,12,MITSUBISHI,PHEV,7
2017,12,MITSUBISHI,Petrol,209
2017,12,MORGAN,Petrol,1
2017,12,NISSAN,BEV,6
2017,12,NISSAN,Diesel,261
2017,12,NISSAN,Petrol,219
2017,12,OPEL,BEV,124
2017,12,OPEL,Diesel,150
2017,12,OPEL,Petrol,969
2017,12,PAGANI,Petrol,1
2017,12,PEUGEOT,BEV,2
2017,12,PEUGEOT,Diesel,220
2017,12,PEUGEOT,Hybrid (Diesel),4
2017,12,PEUGEOT,Petrol,640
2017,12,PGO,Petrol,1
2017,12,PORSCHE,Diesel,24
2017,12,PORSCHE,Hybrid (Petrol),31
2017,12,PORSCHE,Petrol,260
2017,12,RENAULT,BEV,63
2017,12,RENAULT,Diesel,373
2017,12,RENAULT,Hybrid (Diesel),5
2017,12,RENAULT,Petrol,917
2017,12,ROLLS ROYCE,Petrol,2
2017,12,ROVER,Diesel,1
2017,12,SEAT,CNG,18
2017,12,SEAT,Diesel,344
2017,12,SEAT,Petrol,754
2017,12,SKODA,CNG,13
2017,12,SKODA,Diesel,961
2017,12,SKODA,Petrol,1065
2017,12,SMART,BEV,2
2017,12,SMART,Petrol,156
2017,12,SSANGYONG,Diesel,78
2017,12,SSANGYONG,Petrol,5
2017,12,STIMBO,BEV,1
2017,12,SUBARU,Diesel,32
2017,12,SUBARU,Petrol,436
2017,12,SUZUKI,Diesel,15
2017,12,SUZUKI,Hybrid (Petrol),56
2017,12,SUZUKI,Petrol,488
2017,12,TESLA,BEV,237
2017,12,TOYOTA,Diesel,75
2017,12,TOYOTA,Hybrid (Petrol),345
2017,12,TOYOTA,PHEV,6
2017,12,TOYOTA,Petrol,203
2017,12,VOLVO,Diesel,660
2017,12,VOLVO,Diesel PHEV,4
2017,12,VOLVO,Hybrid (Petrol),1
2017,12,VOLVO,PHEV,86
2017,12,VOLVO,Petrol,354
2017,12,VW,BEV,28
2017,12,VW,CNG,10
2017,12,VW,Diesel,1629
2017,12,VW,PHEV,24
2017,12,VW,Petrol,2380
2018,1,ALFA ROMEO,Diesel,69
2018,1,ALFA ROMEO,Petrol,214
2018,1,ALPINA,Petrol,9
2018,1,ASTON MARTIN,Petrol,4
2018,1,AUDI,CNG,27
2018,1,AUDI,Diesel,369
2018,1,AUDI,Diesel PHEV,23
2018,1,AUDI,Hybrid (Diesel),3
2018,1,AUDI,Hybrid (Petrol),28
2018,1,AUDI,PHEV,21
2018,1,AUDI,Petrol,555
2018,1,BENTLEY,Diesel,4
2018,1,BENTLEY,Petrol,26
2018,1,BMW,BEV,52
2018,1,BMW,Diesel,1100
2018,1,BMW,Hybrid (Petrol),1
2018,1,BMW,PHEV,50
2018,1,BMW,Petrol,669
2018,1,CADILLAC,Petrol,3
2018,1,CATERHAM,Petrol,1
2018,1,CHEVROLET,Petrol,15
2018,1,CITROEN,BEV,3
2018,1,CITROEN,Diesel,143
2018,1,CITROEN,Petrol,455
2018,1,DACIA,Diesel,122
2018,1,DACIA,Petrol,449
2018,1,DODGE,Petrol,1
2018,1,DS,Diesel,12
2018,1,DS,Petrol,4
2018,1,FERRARI,Petrol,14
2018,1,FIAT,CNG,2
2018,1,FIAT,Diesel,109
2018,1,FIAT,Petrol,586
2018,1,FORD,Diesel,375
2018,1,FORD,Petrol,563
2018,1,FORD-CNG-TECHNIK,Hybrid (Petrol),1
2018,1,FORD-CNG-TECHNIK,Petrol,24
2018,1,HONDA,Diesel,59
2018,1,HONDA,Petrol,215
2018,1,HYUNDAI,BEV,21
2018,1,HYUNDAI,Diesel,201
2018,1,HYUNDAI,Hybrid (Petrol),8
2018,1,HYUNDAI,Hydrogen,20
2018,1,HYUNDAI,PHEV,5
2018,1,HYUNDAI,Petrol,444
2018,1,INFINITI,Diesel,5
2018,1,INFINITI,Hybrid (Petrol),1
2018,1,INFINITI,Petrol,2
2018,1,JAGUAR,Diesel,57
2018,1,JAGUAR,Petrol,59
2018,1,JEEP,Diesel,259
2018,1,JEEP,Petrol,91
2018,1,KIA,BEV,3
2018,1,KIA,Diesel,78
2018,1,KIA,Hybrid (Petrol),18
2018,1,KIA,PHEV,7
2018,1,KIA,Petrol,180
2018,1,LAMBORGHINI,Petrol,6
2018,1,LANCIA,Petrol,1
2018,1,LAND ROVER,Diesel,180
2018,1,LAND ROVER,Petrol,131
2018,1,LEXUS,Hybrid (Petrol),48
2018,1,LEXUS,Petrol,1
2018,1,LOTUS,Petrol,3
2018,1,MASERATI,Diesel,13
2018,1,MASERATI,Petrol,54
2018,1,MAZDA,Diesel,82
2018,1,MAZDA,Petrol,438
2018,1,MC LAREN,Petrol,7
2018,1,MERCEDES-AMG,Petrol,38
2018,1,MERCEDES-BENZ,BEV,2
2018,1,MERCEDES-BENZ,Diesel,850
2018,1,MERCEDES-BENZ,Hybrid (Petrol),31
2018,1,MERCEDES-BENZ,PHEV,1
2018,1,MERCEDES-BENZ,Petrol,917
2018,1,MINI,Diesel,27
2018,1,MINI,Hybrid (Petrol),12
2018,1,MINI,PHEV,8
2018,1,MINI,Petrol,323
2018,1,MITSUBISHI,BEV,4
2018,1,MITSUBISHI,Diesel,69
2018,1,MITSUBISHI,PHEV,18
2018,1,MITSUBISHI,Petrol,146
2018,1,MORGAN,Petrol,1
2018,1,NISSAN,BEV,2
2018,1,NISSAN,Diesel,270
2018,1,NISSAN,Petrol,240
2018,1,OPEL,BEV,86
2018,1,OPEL,CNG,1
2018,1,OPEL,Diesel,98
2018,1,OPEL,Petrol,694
2018,1,PEUGEOT,BEV,2
2018,1,PEUGEOT,Diesel,209
2018,1,PEUGEOT,Hybrid (Diesel),1
2018,1,PEUGEOT,Petrol,490
2018,1,PEUGEOT-DANGEL,Diesel,1
2018,1,PORSCHE,Diesel,16
2018,1,PORSCHE,Hybrid (Petrol),22
2018,1,PORSCHE,Petrol,222
2018,1,RENAULT,BEV,45
2018,1,RENAULT,Diesel,378
2018,1,RENAULT,Hybrid (Diesel),6
2018,1,RENAULT,Petrol,470
2018,1,ROLLS ROYCE,Petrol,3
2018,1,SEAT,CNG,37
2018,1,SEAT,Diesel,313
2018,1,SEAT,Petrol,618
2018,1,SKODA,CNG,16
2018,1,SKODA,Diesel,764
2018,1,SKODA,Petrol,774
2018,1,SMART,Petrol,178
2018,1,SSANGYONG,Diesel,54
2018,1,SSANGYONG,Petrol,9
2018,1,SUBARU,Diesel,10
2018,1,SUBARU,Petrol,339
2018,1,SUZUKI,Diesel,2
2018,1,SUZUKI,Hybrid (Petrol),82
2018,1,SUZUKI,Petrol,425
2018,1,TESLA,BEV,15
2018,1,TOYOTA,Diesel,49
2018,1,TOYOTA,Hybrid (Petrol),426
2018,1,TOYOTA,PHEV,11
2018,1,TOYOTA,Petrol,330
2018,1,UEBRIGE (SIEHE TYP),Diesel,1
2018,1,VOLVO,Diesel,345
2018,1,VOLVO,Diesel PHEV,1
2018,1,VOLVO,PHEV,83
2018,1,VOLVO,Petrol,289
2018,1,VOLVO-T,Petrol,1
2018,1,VW,BEV,11
2018,1,VW,CNG,8
2018,1,VW,Diesel,857
2018,1,VW,PHEV,11
2018,1,VW,Petrol,1486
2018,2,ALFA ROMEO,Diesel,35
2018,2,ALFA ROMEO,Petrol,234
2018,2,ALPINA,Diesel,1
2018,2,ALPINA,Petrol,7
2018,2,ASTON MARTIN,Petrol,9
2018,2,AUDI,CNG,2
2018,2,AUDI,Diesel,539
2018,2,AUDI,Hybrid (Diesel),2
2018,2,AUDI,Hybrid (Petrol),57
2018,2,AUDI,PHEV,2
2018,2,AUDI,Petrol,735
2018,2,BENTLEY,Diesel,1
2018,2,BENTLEY,Petrol,6
2018,2,BMW,BEV,216
2018,2,BMW,Diesel,880
2018,2,BMW,Hybrid (Petrol),11
2018,2,BMW,PHEV,41
2018,2,BMW,Petrol,689
2018,2,CADILLAC,Petrol,8
2018,2,CHEVROLET,Petrol,8
2018,2,CHRYSLER,Petrol,1
2018,2,CITROEN,BEV,3
2018,2,CITROEN,Diesel,111
2018,2,CITROEN,Hybrid (Diesel),1
2018,2,CITROEN,Petrol,404
2018,2,CITROEN-DANGEL,Diesel,1
2018,2,DACIA,Diesel,139
2018,2,DACIA,Petrol,596
2018,2,DODGE,Petrol,11
2018,2,DS,Diesel,13
2018,2,DS,Petrol,5
2018,2,FERRARI,Petrol,28
2018,2,FIAT,CNG,5
2018,2,FIAT,Diesel,86
2018,2,FIAT,Petrol,582
2018,2,FIAT-ABARTH,Petrol,1
2018,2,FORD,Diesel,395
2018,2,FORD,PHEV,1
2018,2,FORD,Petrol,663
2018,2,FORD-CNG-TECHNIK,BEV,15
2018,2,FORD-CNG-TECHNIK,Hybrid (Petrol),7
2018,2,FORD-CNG-TECHNIK,Petrol,23
2018,2,HONDA,Diesel,71
2018,2,HONDA,Petrol,294
2018,2,HYUNDAI,BEV,28
2018,2,HYUNDAI,Diesel,192
2018,2,HYUNDAI,Hybrid (Petrol),7
2018,2,HYUNDAI,PHEV,7
2018,2,HYUNDAI,Petrol,379
2018,2,INFINITI,Diesel,12
2018,2,INFINITI,Petrol,1
2018,2,JAGUAR,Diesel,58
2018,2,JAGUAR,Petrol,52
2018,2,JEEP,Diesel,167
2018,2,JEEP,Petrol,103
2018,2,KIA,Diesel,90
2018,2,KIA,Hybrid (Petrol),20
2018,2,KIA,PHEV,10
2018,2,KIA,Petrol,221
2018,2,LAMBORGHINI,Petrol,8
2018,2,LANCIA,Petrol,2
2018,2,LAND ROVER,Diesel,159
2018,2,LAND ROVER,Hybrid (Diesel),1
2018,2,LAND ROVER,Petrol,100
2018,2,LEXUS,Hybrid (Petrol),36
2018,2,LEXUS,Petrol,1
2018,2,LOTUS,Petrol,4
2018,2,MASERATI,Diesel,8
2018,2,MASERATI,Petrol,47
2018,2,MAZDA,Diesel,82
2018,2,MAZDA,Petrol,441
2018,2,MC LAREN,Petrol,14
2018,2,MERCEDES-AMG,Petrol,39
2018,2,MERCEDES-BENZ,BEV,2
2018,2,MERCEDES-BENZ,Diesel,845
2018,2,MERCEDES-BENZ,Hybrid (Petrol),28
2018,2,MERCEDES-BENZ,PHEV,1
2018,2,MERCEDES-BENZ,Petrol,1087
2018,2,MINI,Diesel,28
2018,2,MINI,Hybrid (Petrol),11
2018,2,MINI,PHEV,11
2018,2,MINI,Petrol,431
2018,2,MITSUBISHI,BEV,3
2018,2,MITSUBISHI,Diesel,60
2018,2,MITSUBISHI,PHEV,24
2018,2,MITSUBISHI,Petrol,207
2018,2,MORGAN,Petrol,2
2018,2,NISSAN,Diesel,193
2018,2,NISSAN,Petrol,229
2018,2,OPEL,BEV,24
2018,2,OPEL,CNG,1
2018,2,OPEL,Diesel,177
2018,2,OPEL,Petrol,834
2018,2,PEUGEOT,BEV,4
2018,2,PEUGEOT,Diesel,183
2018,2,PEUGEOT,Hybrid (Diesel),3
2018,2,PEUGEOT,Petrol,509
2018,2,PORSCHE,Diesel,38
2018,2,PORSCHE,Hybrid (Petrol),24
2018,2,PORSCHE,Petrol,208
2018,2,RENAULT,BEV,64
2018,2,RENAULT,Diesel,357
2018,2,RENAULT,Petrol,549
2018,2,ROLLS ROYCE,Petrol,4
2018,2,ROVER,Petrol,1
2018,2,SEAT,CNG,43
2018,2,SEAT,Diesel,294
2018,2,SEAT,Petrol,694
2018,2,SECMA,Petrol,1
2018,2,SKODA,CNG,40
2018,2,SKODA,Diesel,726
2018,2,SKODA,Petrol,875
2018,2,SMART,Petrol,120
2018,2,SSANGYONG,Diesel,64
2018,2,SSANGYONG,Petrol,7
2018,2,SUBARU,Diesel,16
2018,2,SUBARU,Petrol,320
2018,2,SUZUKI,Diesel,3
2018,2,SUZUKI,Hybrid (Petrol),79
2018,2,SUZUKI,Petrol,436
2018,2,TESLA,BEV,38
2018,2,TOYOTA,Diesel,38
2018,2,TOYOTA,Hybrid (Petrol),406
2018,2,TOYOTA,LPG,2
2018,2,TOYOTA,PHEV,6
2018,2,TOYOTA,Petrol,244
2018,2,UEBRIGE (SIEHE TYP),Diesel,1
2018,2,VOLVO,Diesel,251
2018,2,VOLVO,Diesel PHEV,2
2018,2,VOLVO,PHEV,69
2018,2,VOLVO,Petrol,247
2018,2,VW,BEV,3
2018,2,VW,CNG,9
2018,2,VW,Diesel,693
2018,2,VW,Diesel PHEV,1
2018,2,VW,PHEV,8
2018,2,VW,Petrol,1240
2018,3,ALFA ROMEO,Diesel,53
2018,3,ALFA ROMEO,Petrol,279
2018,3,ALPINA,Petrol,3
2018,3,ALPINE,Petrol,2
2018,3,ASTON MARTIN,Petrol,24
2018,3,AUDI,CNG,2
2018,3,AUDI,Diesel,448
2018,3,AUDI,Diesel PHEV,5
2018,3,AUDI,Hybrid (Diesel),9
2018,3,AUDI,Hybrid (Petrol),92
2018,3,AUDI,PHEV,5
2018,3,AUDI,Petrol,1058
2018,3,BENTLEY,Diesel,2
2018,3,BENTLEY,Petrol,10
2018,3,BMW,BEV,38
2018,3,BMW,Diesel,1132
2018,3,BMW,Hybrid (Petrol),11
2018,3,BMW,PHEV,38
2018,3,BMW,Petrol,835
2018,3,BUGATTI,Petrol,1
2018,3,CADILLAC,Petrol,23
2018,3,CHEVROLET,Petrol,26
2018,3,CHRYSLER,Petrol,1
2018,3,CITROEN,BEV,1
2018,3,CITROEN,Diesel,176
2018,3,CITROEN,Hybrid (Diesel),1
2018,3,CITROEN,Petrol,558
2018,3,CITROEN-DANGEL,Diesel,2
2018,3,DACIA,Diesel,196
2018,3,DACIA,Petrol,572
2018,3,DODGE,Petrol,14
2018,3,DONKERVOORT,Petrol,1
2018,3,DS,Diesel,19
2018,3,DS,Petrol,4
2018,3,FERRARI,Hybrid (Petrol),2
2018,3,FERRARI,Petrol,39
2018,3,FIAT,CNG,2
2018,3,FIAT,Diesel,90
2018,3,FIAT,Petrol,683
2018,3,FORD,Diesel,587
2018,3,FORD,Petrol,946
2018,3,FORD-CNG-TECHNIK,BEV,8
2018,3,FORD-CNG-TECHNIK,Hybrid (Petrol),4
2018,3,FORD-CNG-TECHNIK,Petrol,30
2018,3,HONDA,Diesel,91
2018,3,HONDA,Hybrid (Petrol),1
2018,3,HONDA,Petrol,451
2018,3,HYUNDAI,BEV,24
2018,3,HYUNDAI,Diesel,194
2018,3,HYUNDAI,Hybrid (Petrol),4
2018,3,HYUNDAI,PHEV,5
2018,3,HYUNDAI,Petrol,513
2018,3,INFINITI,Diesel,3
2018,3,INFINITI,Hybrid (Petrol),2
2018,3,INFINITI,Petrol,4
2018,3,JAGUAR,Diesel,99
2018,3,JAGUAR,Petrol,98
2018,3,JEEP,Diesel,247
2018,3,JEEP,Petrol,130
2018,3,KIA,BEV,4
2018,3,KIA,Diesel,105
2018,3,KIA,Hybrid (Petrol),20
2018,3,KIA,PHEV,15
2018,3,KIA,Petrol,370
2018,3,LADA,Petrol,1
2018,3,LAMBORGHINI,Petrol,16
2018,3,LAND ROVER,Diesel,253
2018,3,LAND ROVER,Petrol,191
2018,3,LEXUS,Hybrid (Petrol),48
2018,3,LOTUS,Petrol,9
2018,3,MASERATI,Diesel,8
2018,3,MASERATI,Petrol,50
2018,3,MAZDA,Diesel,92
2018,3,MAZDA,Petrol,506
2018,3,MC LAREN,Petrol,12
2018,3,MERCEDES-AMG,Petrol,49
2018,3,MERCEDES-BENZ,BEV,1
2018,3,MERCEDES-BENZ,Diesel,989
2018,3,MERCEDES-BENZ,Hybrid (Diesel),1
2018,3,MERCEDES-BENZ,Hybrid (Petrol),76
2018,3,MERCEDES-BENZ,PHEV,3
2018,3,MERCEDES-BENZ,Petrol,1295
2018,3,MINI,Diesel,24
2018,3,MINI,Hybrid (Petrol),9
2018,3,MINI,PHEV,13
2018,3,MINI,Petrol,554
2018,3,MITSUBISHI,BEV,8
2018,3,MITSUBISHI,Diesel,219
2018,3,MITSUBISHI,PHEV,28
2018,3,MITSUBISHI,Petrol,216
2018,3,MORGAN,Petrol,3
2018,3,NISSAN,BEV,59
2018,3,NISSAN,Diesel,220
2018,3,NISSAN,Petrol,323
2018,3,OPEL,BEV,18
2018,3,OPEL,CNG,4
2018,3,OPEL,Diesel,211
2018,3,OPEL,Petrol,981
2018,3,PEUGEOT,BEV,3
2018,3,PEUGEOT,Diesel,262
2018,3,PEUGEOT,Hybrid (Diesel),2
2018,3,PEUGEOT,Petrol,695
2018,3,PEUGEOT-DANGEL,Diesel,1
2018,3,PORSCHE,Diesel,7
2018,3,PORSCHE,Hybrid (Petrol),37
2018,3,PORSCHE,Petrol,418
2018,3,RENAULT,BEV,85
2018,3,RENAULT,Diesel,336
2018,3,RENAULT,Hybrid (Diesel),12
2018,3,RENAULT,Petrol,724
2018,3,ROLLS ROYCE,Petrol,2
2018,3,SEAT,CNG,54
2018,3,SEAT,Diesel,225
2018,3,SEAT,Petrol,739
2018,3,SECMA,Petrol,1
2018,3,SKODA,CNG,21
2018,3,SKODA,Diesel,773
2018,3,SKODA,Petrol,970
2018,3,SMART,Petrol,153
2018,3,SSANGYONG,Diesel,65
2018,3,SSANGYONG,Petrol,6
2018,3,SUBARU,Diesel,14
2018,3,SUBARU,Petrol,488
2018,3,SUZUKI,Diesel,4
2018,3,SUZUKI,Hybrid (Petrol),122
2018,3,SUZUKI,Petrol,598
2018,3,TESLA,BEV,331
2018,3,TOYOTA,Diesel,58
2018,3,TOYOTA,Hybrid (Petrol),511
2018,3,TOYOTA,PHEV,12
2018,3,TOYOTA,Petrol,305
2018,3,UEBRIGE (SIEHE TYP),Petrol,1
2018,3,VOLVO,Diesel,377
2018,3,VOLVO,Diesel PHEV,9
2018,3,VOLVO,PHEV,108
2018,3,VOLVO,Petrol,271
2018,3,VW,BEV,92
2018,3,VW,CNG,8
2018,3,VW,Diesel,757
2018,3,VW,PHEV,11
2018,3,VW,Petrol,1756
2018,4,ALFA ROMEO,Diesel,44
2018,4,ALFA ROMEO,Petrol,258
2018,4,ALPINA,Diesel,4
2018,4,ALPINA,Petrol,2
2018,4,ALPINE,Petrol,15
2018,4,ASTON MARTIN,Petrol,19
2018,4,AUDI,CNG,4
2018,4,AUDI,Diesel,476
2018,4,AUDI,Diesel PHEV,2
2018,4,AUDI,Hybrid (Diesel),28
2018,4,AUDI,Hybrid (Petrol),94
2018,4,AUDI,PHEV,5
2018,4,AUDI,Petrol,1132
2018,4,BENTLEY,Diesel,4
2018,4,BENTLEY,Petrol,10
2018,4,BMW,BEV,50
2018,4,BMW,Diesel,1216
2018,4,BMW,Hybrid (Petrol),10
2018,4,BMW,PHEV,46
2018,4,BMW,Petrol,813
2018,4,BUGATTI,Petrol,2
2018,4,CADILLAC,Petrol,18
2018,4,CHEVROLET,Petrol,24
2018,4,CHRYSLER,Hybrid (Petrol),1
2018,4,CITROEN,BEV,5
2018,4,CITROEN,Diesel,97
2018,4,CITROEN,Hybrid (Diesel),1
2018,4,CITROEN,Petrol,497
2018,4,DACIA,Diesel,166
2018,4,DACIA,Petrol,572
2018,4,DODGE,Petrol,15
2018,4,DS,Diesel,17
2018,4,DS,Petrol,11
2018,4,FERRARI,Hybrid (Petrol),3
2018,4,FERRARI,Petrol,46
2018,4,FIAT,CNG,26
2018,4,FIAT,Diesel,137
2018,4,FIAT,Petrol,751
2018,4,FORD,Diesel,386
2018,4,FORD,Petrol,736
2018,4,FORD-CNG-TECHNIK,BEV,1
2018,4,FORD-CNG-TECHNIK,Petrol,59
2018,4,HONDA,Diesel,46
2018,4,HONDA,Petrol,223
2018,4,HYUNDAI,BEV,12
2018,4,HYUNDAI,Diesel,210
2018,4,HYUNDAI,Hybrid (Petrol),16
2018,4,HYUNDAI,PHEV,7
2018,4,HYUNDAI,Petrol,607
2018,4,INFINITI,Diesel,8
2018,4,INFINITI,Petrol,2
2018,4,JAGUAR,Diesel,63
2018,4,JAGUAR,Petrol,66
2018,4,JEEP,Diesel,253
2018,4,JEEP,Petrol,214
2018,4,KIA,BEV,12
2018,4,KIA,Diesel,78
2018,4,KIA,Hybrid (Petrol),27
2018,4,KIA,PHEV,13
2018,4,KIA,Petrol,399
2018,4,LAMBORGHINI,Petrol,16
2018,4,LAND ROVER,Diesel,123
2018,4,LAND ROVER,Hybrid (Petrol),1
2018,4,LAND ROVER,Petrol,142
2018,4,LEXUS,Hybrid (Petrol),49
2018,4,LEXUS,Petrol,4
2018,4,LOTUS,Petrol,15
2018,4,MASERATI,Diesel,3
2018,4,MASERATI,Petrol,59
2018,4,MAZDA,Diesel,58
2018,4,MAZDA,Petrol,440
2018,4,MC LAREN,Petrol,18
2018,4,MERCEDES-AMG,Petrol,55
2018,4,MERCEDES-BENZ,BEV,2
2018,4,MERCEDES-BENZ,Diesel,769
2018,4,MERCEDES-BENZ,Hybrid (Petrol),64
2018,4,MERCEDES-BENZ,PHEV,1
2018,4,MERCEDES-BENZ,Petrol,1205
2018,4,MINI,Diesel,35
2018,4,MINI,Hybrid (Petrol),8
2018,4,MINI,PHEV,6
2018,4,MINI,Petrol,515
2018,4,MITSUBISHI,BEV,11
2018,4,MITSUBISHI,Diesel,56
2018,4,MITSUBISHI,PHEV,28
2018,4,MITSUBISHI,Petrol,226
2018,4,MORGAN,Petrol,1
2018,4,NISSAN,BEV,29
2018,4,NISSAN,Diesel,136
2018,4,NISSAN,Petrol,166
2018,4,OPEL,BEV,8
2018,4,OPEL,CNG,3
2018,4,OPEL,Diesel,181
2018,4,OPEL,Petrol,721
2018,4,PEUGEOT,BEV,1
2018,4,PEUGEOT,Diesel,245
2018,4,PEUGEOT,Petrol,591
2018,4,PEUGEOT-DANGEL,Diesel,1
2018,4,PORSCHE,Hybrid (Petrol),28
2018,4,PORSCHE,Petrol,379
2018,4,RENAULT,BEV,80
2018,4,RENAULT,Diesel,331
2018,4,RENAULT,Hybrid (Diesel),1
2018,4,RENAULT,Petrol,1054
2018,4,ROLLS ROYCE,Petrol,6
2018,4,ROOS,Petrol,4
2018,4,SEAT,CNG,89
2018,4,SEAT,Diesel,282
2018,4,SEAT,Petrol,734
2018,4,SECMA,Petrol,1
2018,4,SKODA,CNG,12
2018,4,SKODA,Diesel,595
2018,4,SKODA,Petrol,792
2018,4,SMART,BEV,1
2018,4,SMART,Petrol,154
2018,4,SSANGYONG,Diesel,60
2018,4,SSANGYONG,Petrol,13
2018,4,SUBARU,Diesel,14
2018,4,SUBARU,Petrol,457
2018,4,SUZUKI,Diesel,2
2018,4,SUZUKI,Hybrid (Petrol),137
2018,4,SUZUKI,Petrol,680
2018,4,TESLA,BEV,57
2018,4,TOYOTA,Diesel,58
2018,4,TOYOTA,Hybrid (Petrol),642
2018,4,TOYOTA,Hydrogen,2
2018,4,TOYOTA,PHEV,9
2018,4,TOYOTA,Petrol,258
2018,4,VOLVO,Diesel,251
2018,4,VOLVO,Diesel PHEV,3
2018,4,VOLVO,PHEV,57
2018,4,VOLVO,Petrol,311
2018,4,VW,BEV,8
2018,4,VW,CNG,12
2018,4,VW,Diesel,1046
2018,4,VW,PHEV,13
2018,4,VW,Petrol,1741
2018,5,ALFA ROMEO,Diesel,86
2018,5,ALFA ROMEO,Petrol,386
2018,5,ALPINA,Diesel,1
2018,5,ALPINA,Petrol,7
2018,5,ALPINE,Petrol,29
2018,5,ASTON MARTIN,Petrol,18
2018,5,AUDI,CNG,6
2018,5,AUDI,Diesel,451
2018,5,AUDI,Diesel PHEV,1
2018,5,AUDI,Hybrid (Diesel),5
2018,5,AUDI,Hybrid (Petrol),92
2018,5,AUDI,PHEV,12
2018,5,AUDI,Petrol,1144
2018,5,BENTLEY,Diesel,2
2018,5,BENTLEY,Petrol,14
2018,5,BMW,BEV,34
2018,5,BMW,Diesel,1215
2018,5,BMW,Hybrid (Petrol),6
2018,5,BMW,PHEV,59
2018,5,BMW,Petrol,916
2018,5,BUGATTI,Petrol,1
2018,5,CADILLAC,Petrol,12
2018,5,CATERHAM,Petrol,1
2018,5,CHEVROLET,Petrol,28
2018,5,CHRYSLER,Petrol,3
2018,5,CITROEN,BEV,2
2018,5,CITROEN,Diesel,121
2018,5,CITROEN,Hybrid (Diesel),2
2018,5,CITROEN,Petrol,460
2018,5,CITROEN-DANGEL,Diesel,1
2018,5,DACIA,Diesel,221
2018,5,DACIA,Petrol,582
2018,5,DODGE,Petrol,17
2018,5,DS,Diesel,13
2018,5,DS,Petrol,38
2018,5,FERRARI,Petrol,42
2018,5,FIAT,CNG,5
2018,5,FIAT,Diesel,133
2018,5,FIAT,Petrol,753
2018,5,FORD,Diesel,461
2018,5,FORD,Petrol,785
2018,5,FORD-CNG-TECHNIK,BEV,1
2018,5,FORD-CNG-TECHNIK,Hybrid (Petrol),32
2018,5,FORD-CNG-TECHNIK,Petrol,30
2018,5,HONDA,Diesel,58
2018,5,HONDA,Petrol,208
2018,5,HYUNDAI,BEV,3
2018,5,HYUNDAI,Diesel,145
2018,5,HYUNDAI,Hybrid (Petrol),10
2018,5,HYUNDAI,PHEV,7
2018,5,HYUNDAI,Petrol,462
2018,5,INFINITI,Diesel,10
2018,5,INFINITI,Hybrid (Petrol),1
2018,5,INFINITI,Petrol,1
2018,5,JAGUAR,Diesel,53
2018,5,JAGUAR,Petrol,87
2018,5,JEEP,Diesel,332
2018,5,JEEP,Petrol,200
2018,5,JUMBOLINO,BEV,1
2018,5,KIA,BEV,3
2018,5,KIA,Diesel,105
2018,5,KIA,Hybrid (Petrol),38
2018,5,KIA,PHEV,17
2018,5,KIA,Petrol,308
2018,5,LADA,Petrol,3
2018,5,LAMBORGHINI,Petrol,7
2018,5,LAND ROVER,Diesel,127
2018,5,LAND ROVER,Petrol,128
2018,5,LEXUS,Hybrid (Petrol),43
2018,5,LEXUS,Petrol,1
2018,5,LOTUS,Petrol,6
2018,5,MASERATI,Diesel,4
2018,5,MASERATI,Petrol,37
2018,5,MAZDA,Diesel,91
2018,5,MAZDA,Petrol,393
2018,5,MC LAREN,Petrol,11
2018,5,MERCEDES-AMG,Petrol,52
2018,5,MERCEDES-BENZ,Diesel,796
2018,5,MERCEDES-BENZ,Hybrid (Petrol),96
2018,5,MERCEDES-BENZ,PHEV,2
2018,5,MERCEDES-BENZ,Petrol,1238
2018,5,MINI,Diesel,22
2018,5,MINI,Hybrid (Petrol),4
2018,5,MINI,PHEV,2
2018,5,MINI,Petrol,481
2018,5,MITSUBISHI,BEV,10
2018,5,MITSUBISHI,Diesel,97
2018,5,MITSUBISHI,PHEV,48
2018,5,MITSUBISHI,Petrol,242
2018,5,MORGAN,Petrol,2
2018,5,NISSAN,BEV,21
2018,5,NISSAN,Diesel,136
2018,5,NISSAN,Petrol,183
2018,5,OPEL,BEV,17
2018,5,OPEL,CNG,4
2018,5,OPEL,Diesel,180
2018,5,OPEL,Petrol,885
2018,5,PEUGEOT,BEV,2
2018,5,PEUGEOT,Diesel,225
2018,5,PEUGEOT,Petrol,635
2018,5,PEUGEOT-DANGEL,Diesel,2
2018,5,PORSCHE,Hybrid (Petrol),34
2018,5,PORSCHE,Petrol,351
2018,5,RENAULT,BEV,54
2018,5,RENAULT,Diesel,561
2018,5,RENAULT,Petrol,788
2018,5,ROLLS ROYCE,Petrol,3
2018,5,ROOS,Petrol,1
2018,5,SEAT,CNG,24
2018,5,SEAT,Diesel,305
2018,5,SEAT,Petrol,803
2018,5,SKODA,CNG,22
2018,5,SKODA,Diesel,761
2018,5,SKODA,Petrol,1110
2018,5,SMART,BEV,28
2018,5,SMART,Petrol,190
2018,5,SSANGYONG,Diesel,52
2018,5,SSANGYONG,Petrol,10
2018,5,SUBARU,Diesel,20
2018,5,SUBARU,Petrol,430
2018,5,SUZUKI,Diesel,4
2018,5,SUZUKI,Hybrid (Petrol),78
2018,5,SUZUKI,Petrol,612
2018,5,TESLA,BEV,66
2018,5,TOYOTA,Diesel,65
2018,5,TOYOTA,Hybrid (Petrol),514
2018,5,TOYOTA,Hydrogen,1
2018,5,TOYOTA,PHEV,6
2018,5,TOYOTA,Petrol,256
2018,5,UEBRIGE (SIEHE TYP),Petrol,1
2018,5,VOLVO,Diesel,298
2018,5,VOLVO,Diesel PHEV,2
2018,5,VOLVO,Hybrid (Petrol),13
2018,5,VOLVO,PHEV,48
2018,5,VOLVO,Petrol,277
2018,5,VW,BEV,6
2018,5,VW,CNG,9
2018,5,VW,Diesel,1434
2018,5,VW,PHEV,6
2018,5,VW,Petrol,1960
2018,6,ALFA ROMEO,Diesel,72
2018,6,ALFA ROMEO,Petrol,302
2018,6,ALPINA,Petrol,4
2018,6,ALPINE,Petrol,24
2018,6,ASTON MARTIN,Petrol,19
2018,6,AUDI,CNG,10
2018,6,AUDI,Diesel,402
2018,6,AUDI,Diesel PHEV,4
2018,6,AUDI,Hybrid (Diesel),6
2018,6,AUDI,Hybrid (Petrol),147
2018,6,AUDI,PHEV,8
2018,6,AUDI,Petrol,1005
2018,6,BENTLEY,Diesel,2
2018,6,BENTLEY,Petrol,16
2018,6,BMW,BEV,70
2018,6,BMW,Diesel,1272
2018,6,BMW,Hybrid (Petrol),70
2018,6,BMW,PHEV,36
2018,6,BMW,Petrol,901
2018,6,BUGATTI,Petrol,1
2018,6,CADILLAC,Petrol,7
2018,6,CATERHAM,Petrol,4
2018,6,CHEVROLET,Petrol,14
2018,6,CHRYSLER,Petrol,1
2018,6,CITROEN,BEV,2
2018,6,CITROEN,Diesel,186
2018,6,CITROEN,Hybrid (Diesel),3
2018,6,CITROEN,Petrol,643
2018,6,CITROEN-DANGEL,Diesel,1
2018,6,DACIA,Diesel,223
2018,6,DACIA,Petrol,840
2018,6,DODGE,Diesel,1
2018,6,DODGE,Petrol,15
2018,6,DS,Diesel,14
2018,6,DS,Petrol,29
2018,6,FERRARI,Petrol,41
2018,6,FFW,Petrol,1
2018,6,FIAT,CNG,4
2018,6,FIAT,Diesel,169
2018,6,FIAT,Petrol,765
2018,6,FORD,Diesel,657
2018,6,FORD,Petrol,976
2018,6,FORD-CNG-TECHNIK,BEV,28
2018,6,FORD-CNG-TECHNIK,Hybrid (Petrol),23
2018,6,FORD-CNG-TECHNIK,Petrol,23
2018,6,HONDA,Diesel,70
2018,6,HONDA,Hybrid (Petrol),1
2018,6,HONDA,Petrol,272
2018,6,HYUNDAI,BEV,10
2018,6,HYUNDAI,Diesel,181
2018,6,HYUNDAI,Hybrid (Petrol),8
2018,6,HYUNDAI,PHEV,14
2018,6,HYUNDAI,Petrol,379
2018,6,INFINITI,Diesel,5
2018,6,INFINITI,Petrol,1
2018,6,JAGUAR,Diesel,82
2018,6,JAGUAR,Petrol,203
2018,6,JEEP,Diesel,179
2018,6,JEEP,Petrol,211
2018,6,KIA,BEV,7
2018,6,KIA,Diesel,113
2018,6,KIA,Hybrid (Petrol),39
2018,6,KIA,PHEV,31
2018,6,KIA,Petrol,331
2018,6,LAMBORGHINI,Petrol,16
2018,6,LAND ROVER,Diesel,194
2018,6,LAND ROVER,Hybrid (Petrol),6
2018,6,LAND ROVER,Petrol,224
2018,6,LEXUS,Hybrid (Petrol),27
2018,6,LEXUS,Petrol,1
2018,6,LINCOLN,Petrol,1
2018,6,LOTUS,Petrol,1
2018,6,MAN,Diesel,1
2018,6,MASERATI,Diesel,8
2018,6,MASERATI,Petrol,42
2018,6,MAZDA,Diesel,115
2018,6,MAZDA,Petrol,548
2018,6,MC LAREN,Petrol,7
2018,6,MERCEDES-AMG,Petrol,36
2018,6,MERCEDES-BENZ,Diesel,949
2018,6,MERCEDES-BENZ,Hybrid (Petrol),99
2018,6,MERCEDES-BENZ,Petrol,1293
2018,6,MINI,Diesel,24
2018,6,MINI,Hybrid (Petrol),22
2018,6,MINI,PHEV,1
2018,6,MINI,Petrol,514
2018,6,MITSUBISHI,BEV,7
2018,6,MITSUBISHI,Diesel,80
2018,6,MITSUBISHI,PHEV,114
2018,6,MITSUBISHI,Petrol,248
2018,6,MORGAN,Petrol,1
2018,6,MUSTANG,Petrol,1
2018,6,NISSAN,BEV,29
2018,6,NISSAN,Diesel,179
2018,6,NISSAN,Petrol,220
2018,6,OPEL,BEV,9
2018,6,OPEL,CNG,3
2018,6,OPEL,Diesel,250
2018,6,OPEL,Petrol,1258
2018,6,PEUGEOT,BEV,1
2018,6,PEUGEOT,Diesel,225
2018,6,PEUGEOT,Petrol,567
2018,6,PORSCHE,Diesel,1
2018,6,PORSCHE,Hybrid (Petrol),18
2018,6,PORSCHE,Petrol,415
2018,6,RENAULT,BEV,70
2018,6,RENAULT,Diesel,512
2018,6,RENAULT,Hybrid (Diesel),3
2018,6,RENAULT,Petrol,1189
2018,6,ROLLS ROYCE,Petrol,5
2018,6,SEAT,CNG,16
2018,6,SEAT,Diesel,292
2018,6,SEAT,Petrol,884
2018,6,SECMA,Petrol,1
2018,6,SKODA,CNG,52
2018,6,SKODA,Diesel,805
2018,6,SKODA,Petrol,1129
2018,6,SMART,BEV,18
2018,6,SMART,Petrol,157
2018,6,SSANGYONG,Diesel,61
2018,6,SSANGYONG,Petrol,13
2018,6,SUBARU,Diesel,25
2018,6,SUBARU,Petrol,425
2018,6,SUZUKI,Diesel,1
2018,6,SUZUKI,Hybrid (Petrol),90
2018,6,SUZUKI,Petrol,801
2018,6,TESLA,BEV,285
2018,6,TOYOTA,Diesel,72
2018,6,TOYOTA,Hybrid (Petrol),542
2018,6,TOYOTA,Hydrogen,1
2018,6,TOYOTA,PHEV,8
2018,6,TOYOTA,Petrol,283
2018,6,UEBRIGE (SIEHE TYP),Petrol,1
2018,6,VOLVO,Diesel,339
2018,6,VOLVO,Diesel PHEV,1
2018,6,VOLVO,Hybrid (Petrol),58
2018,6,VOLVO,PHEV,29
2018,6,VOLVO,Petrol,333
2018,6,VW,BEV,31
2018,6,VW,CNG,13
2018,6,VW,Diesel,1658
2018,6,VW,PHEV,14
2018,6,VW,Petrol,2339
2018,7,ALFA ROMEO,CNG,1
2018,7,ALFA ROMEO,Diesel,43
2018,7,ALFA ROMEO,Petrol,275
2018,7,ALPINA,Diesel,1
2018,7,ALPINA,Petrol,5
2018,7,ALPINE,Petrol,17
2018,7,ASTON MARTIN,Petrol,17
2018,7,AUDI,CNG,6
2018,7,AUDI,Diesel,434
2018,7,AUDI,Diesel PHEV,1
2018,7,AUDI,Hybrid (Diesel),50
2018,7,AUDI,Hybrid (Petrol),192
2018,7,AUDI,PHEV,8
2018,7,AUDI,Petrol,1202
2018,7,BENTLEY,Petrol,31
2018,7,BMW,BEV,38
2018,7,BMW,Diesel,1324
2018,7,BMW,Hybrid (Petrol),28
2018,7,BMW,PHEV,21
2018,7,BMW,Petrol,657
2018,7,CADILLAC,Petrol,9
2018,7,CATERHAM,Petrol,2
2018,7,CHEVROLET,Petrol,38
2018,7,CHRYSLER,Petrol,3
2018,7,CITROEN,BEV,5
2018,7,CITROEN,Diesel,131
2018,7,CITROEN,Hybrid (Diesel),1
2018,7,CITROEN,Petrol,639
2018,7,DACIA,Diesel,190
2018,7,DACIA,Petrol,685
2018,7,DODGE,Petrol,14
2018,7,DS,Diesel,34
2018,7,DS,Petrol,22
2018,7,FERRARI,Petrol,38
2018,7,FIAT,CNG,3
2018,7,FIAT,Diesel,96
2018,7,FIAT,Petrol,760
2018,7,FORD,Diesel,512
2018,7,FORD,Petrol,779
2018,7,FORD-CNG-TECHNIK,BEV,3
2018,7,FORD-CNG-TECHNIK,Petrol,11
2018,7,HONDA,Diesel,39
2018,7,HONDA,Petrol,159
2018,7,HYUNDAI,BEV,8
2018,7,HYUNDAI,Diesel,272
2018,7,HYUNDAI,Hybrid (Petrol),11
2018,7,HYUNDAI,PHEV,6
2018,7,HYUNDAI,Petrol,375
2018,7,INFINITI,Diesel,5
2018,7,INFINITI,Petrol,5
2018,7,JAGUAR,BEV,21
2018,7,JAGUAR,Diesel,32
2018,7,JAGUAR,Petrol,62
2018,7,JEEP,Diesel,192
2018,7,JEEP,Petrol,179
2018,7,KIA,BEV,1
2018,7,KIA,Diesel,59
2018,7,KIA,Hybrid (Petrol),20
2018,7,KIA,PHEV,13
2018,7,KIA,Petrol,208
2018,7,KTM,Petrol,1
2018,7,LADA,Petrol,1
2018,7,LAMBORGHINI,Petrol,16
2018,7,LAND ROVER,Diesel,90
2018,7,LAND ROVER,Hybrid (Petrol),11
2018,7,LAND ROVER,Petrol,95
2018,7,LEXUS,Hybrid (Petrol),62
2018,7,LEXUS,Petrol,2
2018,7,LOTUS,Petrol,6
2018,7,MASERATI,Diesel,7
2018,7,MASERATI,Petrol,39
2018,7,MAZDA,Diesel,70
2018,7,MAZDA,Petrol,407
2018,7,MC LAREN,Petrol,8
2018,7,MERCEDES-AMG,Petrol,30
2018,7,MERCEDES-BENZ,Diesel,593
2018,7,MERCEDES-BENZ,Hybrid (Petrol),105
2018,7,MERCEDES-BENZ,PHEV,1
2018,7,MERCEDES-BENZ,Petrol,841
2018,7,MINI,Diesel,13
2018,7,MINI,Hybrid (Petrol),52
2018,7,MINI,PHEV,1
2018,7,MINI,Petrol,428
2018,7,MITSUBISHI,BEV,6
2018,7,MITSUBISHI,Diesel,111
2018,7,MITSUBISHI,PHEV,17
2018,7,MITSUBISHI,Petrol,280
2018,7,MORGAN,Petrol,4
2018,7,NISSAN,BEV,24
2018,7,NISSAN,Diesel,170
2018,7,NISSAN,Petrol,137
2018,7,OPEL,BEV,12
2018,7,OPEL,CNG,1
2018,7,OPEL,Diesel,166
2018,7,OPEL,Petrol,752
2018,7,PEUGEOT,BEV,3
2018,7,PEUGEOT,Diesel,318
2018,7,PEUGEOT,Hybrid (Diesel),1
2018,7,PEUGEOT,Petrol,822
2018,7,PORSCHE,Hybrid (Petrol),41
2018,7,PORSCHE,Petrol,329
2018,7,RENAULT,BEV,46
2018,7,RENAULT,Diesel,256
2018,7,RENAULT,Hybrid (Diesel),4
2018,7,RENAULT,Petrol,597
2018,7,ROLLS ROYCE,Petrol,3
2018,7,ROOS,Petrol,1
2018,7,SEAT,CNG,20
2018,7,SEAT,Diesel,289
2018,7,SEAT,Petrol,909
2018,7,SKODA,CNG,44
2018,7,SKODA,Diesel,533
2018,7,SKODA,Petrol,826
2018,7,SMART,BEV,25
2018,7,SMART,Petrol,155
2018,7,SSANGYONG,Diesel,45
2018,7,SSANGYONG,Petrol,13
2018,7,SUBARU,Diesel,8
2018,7,SUBARU,Petrol,312
2018,7,SUZUKI,Diesel,3
2018,7,SUZUKI,Hybrid (Petrol),41
2018,7,SUZUKI,Petrol,371
2018,7,TESLA,BEV,27
2018,7,TOYOTA,Diesel,64
2018,7,TOYOTA,Hybrid (Petrol),437
2018,7,TOYOTA,PHEV,2
2018,7,TOYOTA,Petrol,183
2018,7,VOLVO,Diesel,357
2018,7,VOLVO,Diesel PHEV,1
2018,7,VOLVO,Hybrid (Petrol),57
2018,7,VOLVO,PHEV,15
2018,7,VOLVO,Petrol,328
2018,7,VW,BEV,7
2018,7,VW,CNG,5
2018,7,VW,Diesel,1159
2018,7,VW,PHEV,8
2018,7,VW,Petrol,2074
2018,8,ABARTH,Petrol,1
2018,8,ALFA ROMEO,Diesel,42
2018,8,ALFA ROMEO,Petrol,271
2018,8,ALPINA,Petrol,6
2018,8,ALPINE,Petrol,16
2018,8,ASTON MARTIN,Petrol,15
2018,8,AUDI,CNG,6
2018,8,AUDI,Diesel,375
2018,8,AUDI,Hybrid (Diesel),82
2018,8,AUDI,Hybrid (Petrol),126
2018,8,AUDI,PHEV,90
2018,8,AUDI,Petrol,932
2018,8,BENTLEY,Diesel,1
2018,8,BENTLEY,Petrol,28
2018,8,BMW,BEV,26
2018,8,BMW,Diesel,1007
2018,8,BMW,Hybrid (Petrol),39
2018,8,BMW,PHEV,30
2018,8,BMW,Petrol,639
2018,8,CADILLAC,Petrol,5
2018,8,CATERHAM,Petrol,4
2018,8,CHEVROLET,Petrol,14
2018,8,CHRYSLER,Petrol,4
2018,8,CITROEN,Diesel,54
2018,8,CITROEN,Petrol,381
2018,8,CITROEN-DANGEL,Diesel,4
2018,8,DACIA,Diesel,154
2018,8,DACIA,Petrol,474
2018,8,DODGE,Petrol,11
2018,8,DS,Diesel,9
2018,8,DS,Petrol,13
2018,8,FERRARI,Hybrid (Petrol),5
2018,8,FERRARI,Petrol,40
2018,8,FIAT,CNG,8
2018,8,FIAT,Diesel,61
2018,8,FIAT,Petrol,693
2018,8,FORD,Diesel,437
2018,8,FORD,Petrol,651
2018,8,FORD-CNG-TECHNIK,Petrol,14
2018,8,HONDA,Diesel,42
2018,8,HONDA,Petrol,205
2018,8,HYUNDAI,BEV,17
2018,8,HYUNDAI,Diesel,144
2018,8,HYUNDAI,Hybrid (Petrol),5
2018,8,HYUNDAI,PHEV,9
2018,8,HYUNDAI,Petrol,385
2018,8,INFINITI,Diesel,7
2018,8,INFINITI,Hybrid (Petrol),1
2018,8,INFINITI,Petrol,3
2018,8,JAGUAR,BEV,3
2018,8,JAGUAR,Diesel,23
2018,8,JAGUAR,Petrol,28
2018,8,JEEP,Diesel,177
2018,8,JEEP,Petrol,189
2018,8,KIA,BEV,1
2018,8,KIA,Diesel,46
2018,8,KIA,Hybrid (Diesel),5
2018,8,KIA,Hybrid (Petrol),20
2018,8,KIA,LPG,1
2018,8,KIA,PHEV,11
2018,8,KIA,Petrol,249
2018,8,LAMBORGHINI,Petrol,12
2018,8,LAND ROVER,Diesel,65
2018,8,LAND ROVER,Hybrid (Petrol),10
2018,8,LAND ROVER,Petrol,98
2018,8,LEXUS,Hybrid (Petrol),63
2018,8,LEXUS,Petrol,1
2018,8,LOTUS,Petrol,10
2018,8,MASERATI,Diesel,3
2018,8,MASERATI,Petrol,21
2018,8,MAZDA,Diesel,66
2018,8,MAZDA,Petrol,388
2018,8,MC LAREN,Petrol,6
2018,8,MERCEDES-AMG,Petrol,30
2018,8,MERCEDES-BENZ,Diesel,798
2018,8,MERCEDES-BENZ,Hybrid (Petrol),106
2018,8,MERCEDES-BENZ,Petrol,912
2018,8,MINI,Diesel,10
2018,8,MINI,Hybrid (Petrol),25
2018,8,MINI,Petrol,393
2018,8,MITSUBISHI,BEV,4
2018,8,MITSUBISHI,Diesel,89
2018,8,MITSUBISHI,Petrol,223
2018,8,MORGAN,Petrol,1
2018,8,MUSTANG,Petrol,1
2018,8,NISSAN,BEV,64
2018,8,NISSAN,Diesel,130
2018,8,NISSAN,Petrol,139
2018,8,OPEL,BEV,12
2018,8,OPEL,CNG,2
2018,8,OPEL,Diesel,101
2018,8,OPEL,Petrol,585
2018,8,PEUGEOT,BEV,1
2018,8,PEUGEOT,Diesel,147
2018,8,PEUGEOT,Petrol,564
2018,8,PORSCHE,Diesel,1
2018,8,PORSCHE,Hybrid (Petrol),58
2018,8,PORSCHE,Petrol,210
2018,8,RENAULT,BEV,81
2018,8,RENAULT,Diesel,198
2018,8,RENAULT,Petrol,439
2018,8,ROLLS ROYCE,Petrol,5
2018,8,ROVER,Petrol,1
2018,8,SEAT,CNG,20
2018,8,SEAT,Diesel,231
2018,8,SEAT,Petrol,656
2018,8,SKODA,CNG,13
2018,8,SKODA,Diesel,568
2018,8,SKODA,Petrol,638
2018,8,SMART,BEV,22
2018,8,SMART,Petrol,134
2018,8,SSANGYONG,Diesel,53
2018,8,SSANGYONG,Petrol,9
2018,8,SUBARU,Diesel,6
2018,8,SUBARU,Petrol,262
2018,8,SUZUKI,Diesel,1
2018,8,SUZUKI,Hybrid (Petrol),52
2018,8,SUZUKI,Petrol,404
2018,8,TESLA,BEV,72
2018,8,TOYOTA,Diesel,66
2018,8,TOYOTA,Hybrid (Petrol),463
2018,8,TOYOTA,PHEV,3
2018,8,TOYOTA,Petrol,150
2018,8,UEBRIGE (SIEHE TYP),Petrol,3
2018,8,VOLVO,Diesel,196
2018,8,VOLVO,Diesel PHEV,1
2018,8,VOLVO,Hybrid (Petrol),41
2018,8,VOLVO,PHEV,7
2018,8,VOLVO,Petrol,244
2018,8,VW,BEV,9
2018,8,VW,CNG,11
2018,8,VW,Diesel,902
2018,8,VW,PHEV,6
2018,8,VW,Petrol,1810
2018,8,YAMAHA,Petrol,1
2018,9,ALFA ROMEO,Diesel,23
2018,9,ALFA ROMEO,Petrol,205
2018,9,ALPINA,Diesel,1
2018,9,ALPINA,Petrol,3
2018,9,ALPINE,Petrol,4
2018,9,ASTON MARTIN,Petrol,13
2018,9,AUDI,CNG,1
2018,9,AUDI,Diesel,308
2018,9,AUDI,Hybrid (Diesel),84
2018,9,AUDI,Hybrid (Petrol),59
2018,9,AUDI,PHEV,38
2018,9,AUDI,Petrol,836
2018,9,BENTLEY,Diesel,1
2018,9,BENTLEY,Petrol,8
2018,9,BMW,BEV,48
2018,9,BMW,Diesel,892
2018,9,BMW,Hybrid (Petrol),29
2018,9,BMW,PHEV,19
2018,9,BMW,Petrol,540
2018,9,BORGWARD,Petrol,2
2018,9,CADILLAC,Petrol,6
2018,9,CATERHAM,Petrol,2
2018,9,CHEVROLET,Petrol,17
2018,9,CHRYSLER,Petrol,1
2018,9,CITROEN,BEV,2
2018,9,CITROEN,Diesel,102
2018,9,CITROEN,Petrol,282
2018,9,CITROEN-DANGEL,Diesel,3
2018,9,DACIA,Diesel,72
2018,9,DACIA,Petrol,292
2018,9,DODGE,Petrol,11
2018,9,DS,Diesel,9
2018,9,DS,Petrol,16
2018,9,FERRARI,Petrol,17
2018,9,FIAT,BEV,1
2018,9,FIAT,CNG,2
2018,9,FIAT,Diesel,63
2018,9,FIAT,Petrol,646
2018,9,FORD,Diesel,506
2018,9,FORD,Petrol,667
2018,9,FORD-CNG-TECHNIK,Hybrid (Petrol),66
2018,9,FORD-CNG-TECHNIK,Petrol,11
2018,9,HONDA,Diesel,23
2018,9,HONDA,Petrol,120
2018,9,HYUNDAI,BEV,53
2018,9,HYUNDAI,Diesel,147
2018,9,HYUNDAI,Hybrid (Petrol),2
2018,9,HYUNDAI,PHEV,4
2018,9,HYUNDAI,Petrol,396
2018,9,INFINITI,Diesel,9
2018,9,INFINITI,Petrol,4
2018,9,JAGUAR,BEV,1
2018,9,JAGUAR,Diesel,63
2018,9,JAGUAR,Petrol,127
2018,9,JEEP,Diesel,216
2018,9,JEEP,Petrol,213
2018,9,KIA,BEV,7
2018,9,KIA,Diesel,160
2018,9,KIA,Hybrid (Diesel),8
2018,9,KIA,Hybrid (Petrol),38
2018,9,KIA,PHEV,16
2018,9,KIA,Petrol,289
2018,9,LAMBORGHINI,Petrol,5
2018,9,LAND ROVER,Diesel,114
2018,9,LAND ROVER,Hybrid (Petrol),2
2018,9,LAND ROVER,Petrol,117
2018,9,LEXUS,Hybrid (Petrol),59
2018,9,LOTUS,Petrol,2
2018,9,MASERATI,Diesel,3
2018,9,MASERATI,Petrol,49
2018,9,MAZDA,Diesel,98
2018,9,MAZDA,Petrol,435
2018,9,MC LAREN,Petrol,12
2018,9,MERCEDES-AMG,Petrol,19
2018,9,MERCEDES-BENZ,BEV,1
2018,9,MERCEDES-BENZ,Diesel,672
2018,9,MERCEDES-BENZ,Hybrid (Petrol),137
2018,9,MERCEDES-BENZ,Petrol,1080
2018,9,MINI,Diesel,31
2018,9,MINI,Hybrid (Petrol),33
2018,9,MINI,Petrol,323
2018,9,MITSUBISHI,BEV,6
2018,9,MITSUBISHI,Diesel,47
2018,9,MITSUBISHI,PHEV,8
2018,9,MITSUBISHI,Petrol,219
2018,9,MORGAN,Petrol,1
2018,9,NISSAN,BEV,66
2018,9,NISSAN,Diesel,152
2018,9,NISSAN,Petrol,161
2018,9,OPEL,BEV,7
2018,9,OPEL,Diesel,158
2018,9,OPEL,Petrol,687
2018,9,PEUGEOT,BEV,3
2018,9,PEUGEOT,Diesel,113
2018,9,PEUGEOT,Hybrid (Diesel),1
2018,9,PEUGEOT,Petrol,471
2018,9,PEUGEOT-DANGEL,Diesel,1
2018,9,PORSCHE,Diesel,2
2018,9,PORSCHE,Hybrid (Petrol),44
2018,9,PORSCHE,Petrol,145
2018,9,RENAULT,BEV,38
2018,9,RENAULT,Diesel,143
2018,9,RENAULT,Hybrid (Diesel),1
2018,9,RENAULT,Petrol,668
2018,9,RENAULT-SPORT,Diesel,1
2018,9,ROLLS ROYCE,Petrol,3
2018,9,SEAT,CNG,3
2018,9,SEAT,Diesel,142
2018,9,SEAT,Petrol,350
2018,9,SKODA,CNG,10
2018,9,SKODA,Diesel,654
2018,9,SKODA,Petrol,491
2018,9,SMART,BEV,20
2018,9,SMART,Petrol,162
2018,9,SSANGYONG,Diesel,66
2018,9,SSANGYONG,Petrol,8
2018,9,SUBARU,Diesel,10
2018,9,SUBARU,Petrol,356
2018,9,SUZUKI,Hybrid (Petrol),71
2018,9,SUZUKI,Petrol,515
2018,9,TESLA,BEV,277
2018,9,TOYOTA,Diesel,50
2018,9,TOYOTA,Hybrid (Petrol),562
2018,9,TOYOTA,Hydrogen,1
2018,9,TOYOTA,PHEV,6
2018,9,TOYOTA,Petrol,166
2018,9,VOLVO,Diesel,237
2018,9,VOLVO,Diesel PHEV,2
2018,9,VOLVO,Hybrid (Petrol),43
2018,9,VOLVO,PHEV,9
2018,9,VOLVO,Petrol,266
2018,9,VW,BEV,5
2018,9,VW,CNG,2
2018,9,VW,Diesel,617
2018,9,VW,Petrol,1265
2018,9,WIESMANN,Petrol,1
2018,10,ALFA ROMEO,Diesel,40
2018,10,ALFA ROMEO,Petrol,242
2018,10,ALPINA,Diesel,1
2018,10,ALPINA,Petrol,2
2018,10,ALPINE,Petrol,6
2018,10,ASTON MARTIN,Petrol,12
2018,10,AUDI,CNG,1
2018,10,AUDI,Diesel,323
2018,10,AUDI,Diesel PHEV,1
2018,10,AUDI,Hybrid (Diesel),118
2018,10,AUDI,Hybrid (Petrol),86
2018,10,AUDI,PHEV,27
2018,10,AUDI,Petrol,1031
2018,10,BENTLEY,Petrol,12
2018,10,BMW,BEV,67
2018,10,BMW,Diesel,888
2018,10,BMW,Hybrid (Petrol),40
2018,10,BMW,PHEV,55
2018,10,BMW,Petrol,638
2018,10,BUGATTI,Petrol,2
2018,10,CADILLAC,Petrol,16
2018,10,CATERHAM,Petrol,2
2018,10,CHEVROLET,Petrol,13
2018,10,CHRYSLER,Hybrid (Petrol),5
2018,10,CHRYSLER,Petrol,9
2018,10,CITROEN,BEV,1
2018,10,CITROEN,Diesel,93
2018,10,CITROEN,Petrol,339
2018,10,DACIA,Diesel,67
2018,10,DACIA,Petrol,467
2018,10,DODGE,Petrol,17
2018,10,DS,Diesel,7
2018,10,DS,Petrol,21
2018,10,FERRARI,Petrol,31
2018,10,FFW,Petrol,1
2018,10,FIAT,CNG,5
2018,10,FIAT,Diesel,47
2018,10,FIAT,Petrol,673
2018,10,FORD,Diesel,465
2018,10,FORD,Petrol,718
2018,10,FORD-CNG-TECHNIK,Hybrid (Petrol),15
2018,10,FORD-CNG-TECHNIK,Petrol,5
2018,10,GMC,Petrol,1
2018,10,HONDA,Diesel,30
2018,10,HONDA,Petrol,342
2018,10,HYUNDAI,BEV,57
2018,10,HYUNDAI,Diesel,142
2018,10,HYUNDAI,Hybrid (Petrol),4
2018,10,HYUNDAI,PHEV,8
2018,10,HYUNDAI,Petrol,490
2018,10,INFINITI,Diesel,5
2018,10,INFINITI,Petrol,8
2018,10,JAGUAR,BEV,16
2018,10,JAGUAR,Diesel,57
2018,10,JAGUAR,Petrol,141
2018,10,JEEP,Diesel,257
2018,10,JEEP,Petrol,200
2018,10,KIA,BEV,6
2018,10,KIA,Diesel,60
2018,10,KIA,Hybrid (Diesel),7
2018,10,KIA,Hybrid (Petrol),9
2018,10,KIA,PHEV,7
2018,10,KIA,Petrol,254
2018,10,LAMBORGHINI,Petrol,5
2018,10,LAND ROVER,Diesel,179
2018,10,LAND ROVER,Petrol,175
2018,10,LEXUS,Hybrid (Petrol),72
2018,10,LOTUS,Petrol,7
2018,10,MASERATI,Diesel,6
2018,10,MASERATI,Petrol,46
2018,10,MAZDA,Diesel,37
2018,10,MAZDA,Petrol,425
2018,10,MC LAREN,Petrol,2
2018,10,MERCEDES-AMG,Petrol,13
2018,10,MERCEDES-BENZ,Diesel,805
2018,10,MERCEDES-BENZ,Hybrid (Petrol),166
2018,10,MERCEDES-BENZ,Petrol,1188
2018,10,MINI,Diesel,27
2018,10,MINI,Hybrid (Petrol),37
2018,10,MINI,PHEV,1
2018,10,MINI,Petrol,347
2018,10,MITSUBISHI,BEV,4
2018,10,MITSUBISHI,Diesel,56
2018,10,MITSUBISHI,PHEV,133
2018,10,MITSUBISHI,Petrol,254
2018,10,NISSAN,BEV,61
2018,10,NISSAN,Diesel,117
2018,10,NISSAN,Petrol,151
2018,10,OPEL,BEV,5
2018,10,OPEL,Diesel,160
2018,10,OPEL,Petrol,783
2018,10,PEUGEOT,BEV,5
2018,10,PEUGEOT,Diesel,167
2018,10,PEUGEOT,Petrol,501
2018,10,PEUGEOT-ALKO,Petrol,1
2018,10,PORSCHE,Hybrid (Petrol),25
2018,10,PORSCHE,Petrol,141
2018,10,RENAULT,BEV,87
2018,10,RENAULT,Diesel,202
2018,10,RENAULT,Hybrid (Diesel),2
2018,10,RENAULT,Petrol,488
2018,10,SEAT,CNG,1
2018,10,SEAT,Diesel,156
2018,10,SEAT,Petrol,430
2018,10,SKODA,CNG,3
2018,10,SKODA,Diesel,631
2018,10,SKODA,Petrol,728
2018,10,SMART,BEV,37
2018,10,SMART,Petrol,147
2018,10,SSANGYONG,Diesel,50
2018,10,SSANGYONG,Petrol,6
2018,10,SUBARU,Diesel,8
2018,10,SUBARU,Petrol,436
2018,10,SUZUKI,Hybrid (Petrol),89
2018,10,SUZUKI,Petrol,570
2018,10,TESLA,BEV,31
2018,10,TOYOTA,Diesel,57
2018,10,TOYOTA,Hybrid (Petrol),580
2018,10,TOYOTA,PHEV,9
2018,10,TOYOTA,Petrol,202
2018,10,UEBRIGE (SIEHE TYP),Petrol,1
2018,10,VOLVO,Diesel,325
2018,10,VOLVO,Diesel PHEV,1
2018,10,VOLVO,Hybrid (Petrol),73
2018,10,VOLVO,PHEV,9
2018,10,VOLVO,Petrol,344
2018,10,VW,BEV,31
2018,10,VW,CNG,1
2018,10,VW,Diesel,564
2018,10,VW,Petrol,1606
2018,11,ALFA ROMEO,Diesel,38
2018,11,ALFA ROMEO,Petrol,212
2018,11,ALPINA,Petrol,1
2018,11,ALPINE,Petrol,13
2018,11,ASTON MARTIN,Petrol,12
2018,11,AUDI,Diesel,188
2018,11,AUDI,Diesel PHEV,1
2018,11,AUDI,Hybrid (Diesel),131
2018,11,AUDI,Hybrid (Petrol),54
2018,11,AUDI,PHEV,21
2018,11,AUDI,Petrol,678
2018,11,BENTLEY,Petrol,24
2018,11,BMW,BEV,57
2018,11,BMW,Diesel,1412
2018,11,BMW,Hybrid (Petrol),38
2018,11,BMW,PHEV,53
2018,11,BMW,Petrol,664
2018,11,CADILLAC,Petrol,25
2018,11,CATERHAM,Petrol,1
2018,11,CHEVROLET,Petrol,26
2018,11,CHRYSLER,Petrol,3
2018,11,CITROEN,BEV,5
2018,11,CITROEN,Diesel,76
2018,11,CITROEN,Petrol,263
2018,11,DACIA,Diesel,90
2018,11,DACIA,Petrol,526
2018,11,DODGE,Petrol,24
2018,11,DS,Diesel,9
2018,11,DS,Petrol,34
2018,11,FERRARI,Petrol,15
2018,11,FFW,Petrol,1
2018,11,FIAT,CNG,6
2018,11,FIAT,Diesel,59
2018,11,FIAT,Petrol,617
2018,11,FORD,Diesel,513
2018,11,FORD,Petrol,728
2018,11,FORD-CNG-TECHNIK,Hybrid (Petrol),7
2018,11,FORD-CNG-TECHNIK,Petrol,8
2018,11,HONDA,Diesel,8
2018,11,HONDA,Petrol,314
2018,11,HYUNDAI,BEV,80
2018,11,HYUNDAI,Diesel,162
2018,11,HYUNDAI,Hybrid (Petrol),27
2018,11,HYUNDAI,PHEV,10
2018,11,HYUNDAI,Petrol,547
2018,11,INFINITI,Diesel,11
2018,11,INFINITI,Petrol,1
2018,11,JAGUAR,BEV,20
2018,11,JAGUAR,Diesel,35
2018,11,JAGUAR,Petrol,144
2018,11,JEEP,Diesel,304
2018,11,JEEP,Petrol,149
2018,11,JUMBOLINO,BEV,2
2018,11,KIA,BEV,3
2018,11,KIA,Diesel,58
2018,11,KIA,Hybrid (Diesel),8
2018,11,KIA,Hybrid (Petrol),14
2018,11,KIA,PHEV,5
2018,11,KIA,Petrol,198
2018,11,KTM,Petrol,7
2018,11,LADA,Petrol,2
2018,11,LAMBORGHINI,Petrol,26
2018,11,LAND ROVER,Diesel,142
2018,11,LAND ROVER,Hybrid (Petrol),16
2018,11,LAND ROVER,Petrol,163
2018,11,LEXUS,Hybrid (Petrol),103
2018,11,LEXUS,Petrol,1
2018,11,LINCOLN,Petrol,2
2018,11,LOTUS,Petrol,2
2018,11,MASERATI,Diesel,10
2018,11,MASERATI,Petrol,38
2018,11,MAZDA,Diesel,39
2018,11,MAZDA,Petrol,471
2018,11,MC LAREN,Petrol,2
2018,11,MERCEDES-AMG,Petrol,17
2018,11,MERCEDES-BENZ,Diesel,806
2018,11,MERCEDES-BENZ,Hybrid (Petrol),198
2018,11,MERCEDES-BENZ,Petrol,1285
2018,11,MINI,Diesel,26
2018,11,MINI,Hybrid (Petrol),26
2018,11,MINI,Petrol,325
2018,11,MITSUBISHI,BEV,9
2018,11,MITSUBISHI,Diesel,88
2018,11,MITSUBISHI,PHEV,84
2018,11,MITSUBISHI,Petrol,267
2018,11,NISSAN,BEV,53
2018,11,NISSAN,Diesel,93
2018,11,NISSAN,Petrol,226
2018,11,OPEL,BEV,9
2018,11,OPEL,CNG,2
2018,11,OPEL,Diesel,101
2018,11,OPEL,Petrol,569
2018,11,PEUGEOT,Diesel,198
2018,11,PEUGEOT,Petrol,654
2018,11,PEUGEOT-DANGEL,Diesel,1
2018,11,PORSCHE,Hybrid (Petrol),36
2018,11,PORSCHE,Petrol,103
2018,11,RENAULT,BEV,126
2018,11,RENAULT,Diesel,203
2018,11,RENAULT,Hybrid (Diesel),1
2018,11,RENAULT,Petrol,641
2018,11,ROLLS ROYCE,Petrol,4
2018,11,SAAB,Diesel,1
2018,11,SEAT,CNG,4
2018,11,SEAT,Diesel,249
2018,11,SEAT,Petrol,637
2018,11,SKODA,CNG,1
2018,11,SKODA,Diesel,1008
2018,11,SKODA,Petrol,827
2018,11,SMART,BEV,28
2018,11,SMART,Petrol,146
2018,11,SSANGYONG,Diesel,44
2018,11,SSANGYONG,Petrol,3
2018,11,SUBARU,Diesel,5
2018,11,SUBARU,Petrol,337
2018,11,SUZUKI,Hybrid (Petrol),115
2018,11,SUZUKI,Petrol,646
2018,11,TESLA,BEV,69
2018,11,TOYOTA,Diesel,78
2018,11,TOYOTA,Hybrid (Petrol),537
2018,11,TOYOTA,Hydrogen,1
2018,11,TOYOTA,PHEV,7
2018,11,TOYOTA,Petrol,203
2018,11,VOLVO,Diesel,270
2018,11,VOLVO,Hybrid (Petrol),46
2018,11,VOLVO,PHEV,12
2018,11,VOLVO,Petrol,368
2018,11,VW,BEV,13
2018,11,VW,CNG,1
2018,11,VW,Diesel,852
2018,11,VW,PHEV,2
2018,11,VW,Petrol,1617
2018,12,ALFA ROMEO,Diesel,17
2018,12,ALFA ROMEO,Petrol,176
2018,12,ALPINE,Petrol,20
2018,12,ASTON MARTIN,Petrol,3
2018,12,AUDI,Diesel,579
2018,12,AUDI,Hybrid (Diesel),200
2018,12,AUDI,Hybrid (Petrol),66
2018,12,AUDI,PHEV,112
2018,12,AUDI,Petrol,903
2018,12,BENTLEY,Petrol,19
2018,12,BMW,BEV,69
2018,12,BMW,Diesel,1570
2018,12,BMW,Hybrid (Petrol),80
2018,12,BMW,PHEV,29
2018,12,BMW,Petrol,774
2018,12,CADILLAC,Petrol,98
2018,12,CATERHAM,Petrol,6
2018,12,CHEVROLET,Petrol,33
2018,12,CHRYSLER,Hybrid (Petrol),1
2018,12,CHRYSLER,Petrol,16
2018,12,CITROEN,BEV,4
2018,12,CITROEN,Diesel,139
2018,12,CITROEN,Hybrid (Diesel),1
2018,12,CITROEN,Petrol,359
2018,12,DACIA,Diesel,103
2018,12,DACIA,Petrol,475
2018,12,DODGE,Petrol,67
2018,12,DS,Diesel,5
2018,12,DS,Petrol,37
2018,12,FERRARI,Petrol,16
2018,12,FFW,Petrol,2
2018,12,FIAT,CNG,2
2018,12,FIAT,Diesel,58
2018,12,FIAT,Petrol,477
2018,12,FORD,Diesel,541
2018,12,FORD,Petrol,673
2018,12,FORD-CNG-TECHNIK,Hybrid (Petrol),7
2018,12,FORD-CNG-TECHNIK,Petrol,9
2018,12,GMC,Petrol,1
2018,12,HONDA,Diesel,17
2018,12,HONDA,Petrol,345
2018,12,HYUNDAI,BEV,99
2018,12,HYUNDAI,Diesel,124
2018,12,HYUNDAI,Hybrid (Petrol),7
2018,12,HYUNDAI,PHEV,8
2018,12,HYUNDAI,Petrol,485
2018,12,INFINITI,Diesel,6
2018,12,INFINITI,Hybrid (Petrol),1
2018,12,INFINITI,Petrol,4
2018,12,JAGUAR,BEV,2
2018,12,JAGUAR,Diesel,37
2018,12,JAGUAR,Petrol,171
2018,12,JEEP,Diesel,229
2018,12,JEEP,Petrol,158
2018,12,KIA,BEV,12
2018,12,KIA,Diesel,84
2018,12,KIA,Hybrid (Diesel),8
2018,12,KIA,Hybrid (Petrol),33
2018,12,KIA,PHEV,9
2018,12,KIA,Petrol,286
2018,12,LADA,Petrol,3
2018,12,LAMBORGHINI,Petrol,10
2018,12,LAND ROVER,Diesel,249
2018,12,LAND ROVER,Hybrid (Petrol),11
2018,12,LAND ROVER,Petrol,310
2018,12,LEXUS,Hybrid (Petrol),111
2018,12,LOTUS,Petrol,2
2018,12,MASERATI,Diesel,4
2018,12,MASERATI,Petrol,41
2018,12,MAZDA,Diesel,77
2018,12,MAZDA,Petrol,431
2018,12,MC LAREN,Petrol,1
2018,12,MERCEDES-AMG,Petrol,15
2018,12,MERCEDES-BENZ,Diesel,1046
2018,12,MERCEDES-BENZ,Hybrid (Petrol),328
2018,12,MERCEDES-BENZ,Petrol,1555
2018,12,MINI,Diesel,15
2018,12,MINI,Hybrid (Petrol),27
2018,12,MINI,Petrol,488
2018,12,MITSUBISHI,BEV,32
2018,12,MITSUBISHI,Diesel,38
2018,12,MITSUBISHI,PHEV,140
2018,12,MITSUBISHI,Petrol,265
2018,12,MORGAN,Petrol,2
2018,12,NISSAN,BEV,67
2018,12,NISSAN,Diesel,84
2018,12,NISSAN,Petrol,191
2018,12,OPEL,BEV,6
2018,12,OPEL,Diesel,227
2018,12,OPEL,Petrol,938
2018,12,PEUGEOT,BEV,47
2018,12,PEUGEOT,Diesel,238
2018,12,PEUGEOT,Petrol,592
2018,12,PORSCHE,Hybrid (Petrol),41
2018,12,PORSCHE,Petrol,167
2018,12,RENAULT,BEV,136
2018,12,RENAULT,Diesel,165
2018,12,RENAULT,Petrol,599
2018,12,ROLLS ROYCE,Petrol,5
2018,12,ROVER,Diesel,1
2018,12,SEAT,CNG,3
2018,12,SEAT,Diesel,235
2018,12,SEAT,Petrol,690
2018,12,SKODA,CNG,7
2018,12,SKODA,Diesel,1043
2018,12,SKODA,Petrol,897
2018,12,SMART,BEV,23
2018,12,SMART,Petrol,127
2018,12,SSANGYONG,Diesel,60
2018,12,SSANGYONG,Petrol,3
2018,12,STIMBO,BEV,1
2018,12,SUBARU,Diesel,12
2018,12,SUBARU,Petrol,373
2018,12,SUZUKI,Diesel,1
2018,12,SUZUKI,Hybrid (Petrol),71
2018,12,SUZUKI,Petrol,573
2018,12,TESLA,BEV,196
2018,12,TOYOTA,Diesel,71
2018,12,TOYOTA,Hybrid (Petrol),382
2018,12,TOYOTA,Hydrogen,3
2018,12,TOYOTA,PHEV,6
2018,12,TOYOTA,Petrol,167
2018,12,UEBRIGE (SIEHE TYP),BEV,1
2018,12,UEBRIGE (SIEHE TYP),Petrol,1
2018,12,VOLVO,Diesel,384
2018,12,VOLVO,Diesel PHEV,1
2018,12,VOLVO,Hybrid (Petrol),73
2018,12,VOLVO,PHEV,24
2018,12,VOLVO,Petrol,316
2018,12,VW,BEV,54
2018,12,VW,CNG,12
2018,12,VW,Diesel,1346
2018,12,VW,Hybrid (Petrol),1
2018,12,VW,Petrol,1730
2019,1,ALFA ROMEO,Diesel,28
2019,1,ALFA ROMEO,Petrol,241
2019,1,ALPINE,Petrol,9
2019,1,ASTON MARTIN,Petrol,12
2019,1,AUDI,Diesel,361
2019,1,AUDI,Hybrid (Diesel),168
2019,1,AUDI,Hybrid (Petrol),23
2019,1,AUDI,Petrol,636
2019,1,BENTLEY,Petrol,35
2019,1,BMW,BEV,57
2019,1,BMW,Diesel,962
2019,1,BMW,Hybrid (Petrol),39
2019,1,BMW,PHEV,10
2019,1,BMW,Petrol,518
2019,1,CADILLAC,Petrol,11
2019,1,CATERHAM,Petrol,1
2019,1,CHEVROLET,Petrol,17
2019,1,CITROEN,BEV,2
2019,1,CITROEN,Diesel,107
2019,1,CITROEN,Petrol,334
2019,1,DACIA,Diesel,98
2019,1,DACIA,Petrol,578
2019,1,DODGE,Petrol,4
2019,1,DS,Diesel,10
2019,1,DS,Petrol,31
2019,1,FERRARI,Petrol,22
2019,1,FFW,Petrol,3
2019,1,FIAT,Diesel,48
2019,1,FIAT,Petrol,517
2019,1,FORD,Diesel,438
2019,1,FORD,Petrol,537
2019,1,FORD-CNG-TECHNIK,Hybrid (Petrol),2
2019,1,HONDA,Diesel,5
2019,1,HONDA,Hybrid (Petrol),24
2019,1,HONDA,Petrol,192
2019,1,HYUNDAI,BEV,63
2019,1,HYUNDAI,Diesel,95
2019,1,HYUNDAI,Hybrid (Petrol),6
2019,1,HYUNDAI,PHEV,4
2019,1,HYUNDAI,Petrol,409
2019,1,INFINITI,Diesel,6
2019,1,INFINITI,Petrol,5
2019,1,JAGUAR,BEV,14
2019,1,JAGUAR,Diesel,30
2019,1,JAGUAR,Petrol,151
2019,1,JEEP,Diesel,209
2019,1,JEEP,Petrol,151
2019,1,KIA,BEV,3
2019,1,KIA,Diesel,30
2019,1,KIA,Hybrid (Diesel),7
2019,1,KIA,Hybrid (Petrol),27
2019,1,KIA,PHEV,8
2019,1,KIA,Petrol,210
2019,1,KTM,Petrol,1
2019,1,LAMBORGHINI,Petrol,18
2019,1,LAND ROVER,Diesel,115
2019,1,LAND ROVER,Hybrid (Petrol),22
2019,1,LAND ROVER,Petrol,177
2019,1,LEXUS,Hybrid (Petrol),53
2019,1,LEXUS,Petrol,1
2019,1,LOTUS,Petrol,2
2019,1,MASERATI,Diesel,2
2019,1,MASERATI,Petrol,24
2019,1,MAZDA,Diesel,46
2019,1,MAZDA,Petrol,365
2019,1,MC LAREN,Petrol,4
2019,1,MERCEDES-AMG,Petrol,22
2019,1,MERCEDES-BENZ,Diesel,606
2019,1,MERCEDES-BENZ,Hybrid (Petrol),211
2019,1,MERCEDES-BENZ,Petrol,945
2019,1,MINI,Diesel,33
2019,1,MINI,Hybrid (Petrol),33
2019,1,MINI,Petrol,289
2019,1,MITSUBISHI,BEV,3
2019,1,MITSUBISHI,Diesel,36
2019,1,MITSUBISHI,PHEV,56
2019,1,MITSUBISHI,Petrol,220
2019,1,NISSAN,BEV,73
2019,1,NISSAN,Diesel,110
2019,1,NISSAN,Petrol,162
2019,1,OPEL,BEV,6
2019,1,OPEL,CNG,1
2019,1,OPEL,Diesel,76
2019,1,OPEL,Petrol,386
2019,1,PEUGEOT,BEV,8
2019,1,PEUGEOT,Diesel,194
2019,1,PEUGEOT,Petrol,600
2019,1,PEUGEOT-DANGEL,Diesel,1
2019,1,PORSCHE,Hybrid (Petrol),10
2019,1,PORSCHE,Petrol,114
2019,1,RENAULT,BEV,123
2019,1,RENAULT,Diesel,115
2019,1,RENAULT,Hybrid (Diesel),1
2019,1,RENAULT,Petrol,411
2019,1,ROLLS ROYCE,Petrol,7
2019,1,SEAT,CNG,3
2019,1,SEAT,Diesel,153
2019,1,SEAT,Petrol,512
2019,1,SKODA,Diesel,914
2019,1,SKODA,Petrol,833
2019,1,SMART,BEV,27
2019,1,SMART,Petrol,113
2019,1,SSANGYONG,Diesel,39
2019,1,SSANGYONG,Petrol,7
2019,1,SUBARU,Diesel,2
2019,1,SUBARU,Petrol,368
2019,1,SUZUKI,Diesel,1
2019,1,SUZUKI,Hybrid (Petrol),42
2019,1,SUZUKI,Petrol,443
2019,1,TESLA,BEV,38
2019,1,TOYOTA,Diesel,61
2019,1,TOYOTA,Hybrid (Petrol),472
2019,1,TOYOTA,PHEV,3
2019,1,TOYOTA,Petrol,212
2019,1,UEBRIGE (SIEHE TYP),Diesel,1
2019,1,UEBRIGE (SIEHE TYP),Hybrid (Petrol),1
2019,1,VOLVO,Diesel,446
2019,1,VOLVO,Hybrid (Petrol),69
2019,1,VOLVO,PHEV,18
2019,1,VOLVO,Petrol,351
2019,1,VW,BEV,19
2019,1,VW,CNG,8
2019,1,VW,Diesel,1326
2019,1,VW,Petrol,1330
2019,1,YAMAHA,Petrol,1
2019,2,ALFA ROMEO,Diesel,65
2019,2,ALFA ROMEO,Petrol,182
2019,2,ALPINA,Petrol,2
2019,2,ALPINE,Petrol,23
2019,2,ASTON MARTIN,Petrol,22
2019,2,AUDI,Diesel,163
2019,2,AUDI,Hybrid (Diesel),101
2019,2,AUDI,Hybrid (Petrol),33
2019,2,AUDI,Petrol,490
2019,2,BENTLEY,Petrol,11
2019,2,BMW,BEV,78
2019,2,BMW,Diesel,1078
2019,2,BMW,Hybrid (Petrol),30
2019,2,BMW,PHEV,6
2019,2,BMW,Petrol,769
2019,2,CADILLAC,Petrol,4
2019,2,CHEVROLET,Petrol,16
2019,2,CITROEN,BEV,4
2019,2,CITROEN,Diesel,109
2019,2,CITROEN,Petrol,329
2019,2,DACIA,Diesel,92
2019,2,DACIA,Petrol,461
2019,2,DODGE,Petrol,5
2019,2,DS,Diesel,11
2019,2,DS,Petrol,10
2019,2,EDSEL,Petrol,1
2019,2,FERRARI,Petrol,19
2019,2,FFW,Petrol,2
2019,2,FIAT,CNG,2
2019,2,FIAT,Diesel,102
2019,2,FIAT,Petrol,552
2019,2,FORD,Diesel,486
2019,2,FORD,Petrol,620
2019,2,FORD-CNG-TECHNIK,Hybrid (Petrol),1
2019,2,FORD-CNG-TECHNIK,Petrol,1
2019,2,HONDA,Diesel,5
2019,2,HONDA,Hybrid (Petrol),38
2019,2,HONDA,Petrol,333
2019,2,HYUNDAI,BEV,82
2019,2,HYUNDAI,Diesel,106
2019,2,HYUNDAI,Hybrid (Petrol),7
2019,2,HYUNDAI,PHEV,1
2019,2,HYUNDAI,Petrol,380
2019,2,INFINITI,Diesel,7
2019,2,INFINITI,Petrol,3
2019,2,IVECO,Diesel,1
2019,2,JAGUAR,BEV,40
2019,2,JAGUAR,Diesel,23
2019,2,JAGUAR,Petrol,109
2019,2,JEEP,Diesel,264
2019,2,JEEP,Petrol,165
2019,2,KIA,BEV,5
2019,2,KIA,Diesel,39
2019,2,KIA,Hybrid (Diesel),7
2019,2,KIA,Hybrid (Petrol),32
2019,2,KIA,PHEV,6
2019,2,KIA,Petrol,222
2019,2,LAMBORGHINI,Petrol,20
2019,2,LAND ROVER,Diesel,108
2019,2,LAND ROVER,Hybrid (Petrol),19
2019,2,LAND ROVER,Petrol,218
2019,2,LEXUS,Hybrid (Petrol),27
2019,2,LEXUS,Petrol,2
2019,2,LOTUS,Petrol,4
2019,2,MASERATI,Diesel,3
2019,2,MASERATI,Petrol,21
2019,2,MAZDA,Diesel,35
2019,2,MAZDA,Petrol,347
2019,2,MC LAREN,Petrol,4
2019,2,MERCEDES-AMG,Petrol,30
2019,2,MERCEDES-BENZ,Diesel,651
2019,2,MERCEDES-BENZ,Hybrid (Petrol),184
2019,2,MERCEDES-BENZ,Petrol,1227
2019,2,MINI,Diesel,15
2019,2,MINI,Hybrid (Petrol),21
2019,2,MINI,Petrol,276
2019,2,MITSUBISHI,BEV,6
2019,2,MITSUBISHI,Diesel,20
2019,2,MITSUBISHI,PHEV,41
2019,2,MITSUBISHI,Petrol,200
2019,2,MORGAN,Petrol,1
2019,2,NISSAN,BEV,63
2019,2,NISSAN,Diesel,119
2019,2,NISSAN,Petrol,186
2019,2,OPEL,BEV,1
2019,2,OPEL,CNG,1
2019,2,OPEL,Diesel,121
2019,2,OPEL,Petrol,601
2019,2,PEUGEOT,Diesel,160
2019,2,PEUGEOT,Petrol,493
2019,2,PEUGEOT-DANGEL,Diesel,1
2019,2,PORSCHE,Diesel,1
2019,2,PORSCHE,Hybrid (Petrol),7
2019,2,PORSCHE,Petrol,60
2019,2,RENAULT,BEV,92
2019,2,RENAULT,Diesel,120
2019,2,RENAULT,Petrol,537
2019,2,ROLLS ROYCE,Petrol,5
2019,2,SEAT,CNG,9
2019,2,SEAT,Diesel,251
2019,2,SEAT,Petrol,1053
2019,2,SKODA,Diesel,994
2019,2,SKODA,Petrol,994
2019,2,SMART,BEV,21
2019,2,SMART,Petrol,165
2019,2,SSANGYONG,Diesel,35
2019,2,SSANGYONG,Petrol,6
2019,2,SUBARU,Diesel,4
2019,2,SUBARU,Petrol,280
2019,2,SUZUKI,Diesel,1
2019,2,SUZUKI,Hybrid (Petrol),71
2019,2,SUZUKI,Petrol,438
2019,2,TESLA,BEV,328
2019,2,TOYOTA,Diesel,57
2019,2,TOYOTA,Hybrid (Petrol),527
2019,2,TOYOTA,PHEV,4
2019,2,TOYOTA,Petrol,282
2019,2,VOLVO,Diesel,262
2019,2,VOLVO,Hybrid (Petrol),57
2019,2,VOLVO,PHEV,17
2019,2,VOLVO,Petrol,240
2019,2,VW,BEV,30
2019,2,VW,CNG,10
2019,2,VW,Diesel,1053
2019,2,VW,PHEV,1
2019,2,VW,Petrol,1365
2019,3,ALFA ROMEO,Diesel,17
2019,3,ALFA ROMEO,Petrol,241
2019,3,ALPINA,Petrol,3
2019,3,ALPINE,Petrol,29
2019,3,ASTON MARTIN,Petrol,19
2019,3,AUDI,BEV,94
2019,3,AUDI,Diesel,331
2019,3,AUDI,Hybrid (Diesel),162
2019,3,AUDI,Hybrid (Petrol),117
2019,3,AUDI,Petrol,1477
2019,3,BENTLEY,Petrol,24
2019,3,BMW,BEV,79
2019,3,BMW,Diesel,887
2019,3,BMW,Hybrid (Petrol),17
2019,3,BMW,PHEV,6
2019,3,BMW,Petrol,900
2019,3,BUGATTI,Petrol,1
2019,3,CADILLAC,Petrol,10
2019,3,CATERHAM,Petrol,1
2019,3,CHEVROLET,Petrol,20
2019,3,CHRYSLER,Petrol,4
2019,3,CITROEN,BEV,2
2019,3,CITROEN,Diesel,118
2019,3,CITROEN,Petrol,411
2019,3,DACIA,Diesel,113
2019,3,DACIA,Petrol,600
2019,3,DODGE,Petrol,52
2019,3,DS,Diesel,12
2019,3,DS,Petrol,31
2019,3,FERRARI,Petrol,43
2019,3,FIAT,CNG,15
2019,3,FIAT,Diesel,92
2019,3,FIAT,Petrol,710
2019,3,FORD,Diesel,512
2019,3,FORD,Petrol,736
2019,3,FORD-CNG-TECHNIK,Hybrid (Petrol),54
2019,3,FORD-CNG-TECHNIK,Petrol,2
2019,3,HONDA,Diesel,20
2019,3,HONDA,Hybrid (Petrol),28
2019,3,HONDA,Petrol,303
2019,3,HYUNDAI,BEV,93
2019,3,HYUNDAI,Diesel,121
2019,3,HYUNDAI,Hybrid (Petrol),7
2019,3,HYUNDAI,Hydrogen,1
2019,3,HYUNDAI,PHEV,6
2019,3,HYUNDAI,Petrol,460
2019,3,INFINITI,Diesel,8
2019,3,INFINITI,Hybrid (Petrol),3
2019,3,INFINITI,Petrol,4
2019,3,JAGUAR,BEV,70
2019,3,JAGUAR,Diesel,47
2019,3,JAGUAR,Petrol,142
2019,3,JEEP,Diesel,227
2019,3,JEEP,Petrol,215
2019,3,KIA,BEV,10
2019,3,KIA,Diesel,50
2019,3,KIA,Hybrid (Diesel),6
2019,3,KIA,Hybrid (Petrol),50
2019,3,KIA,PHEV,21
2019,3,KIA,Petrol,303
2019,3,LAMBORGHINI,Petrol,32
2019,3,LAND ROVER,Diesel,152
2019,3,LAND ROVER,Hybrid (Diesel),11
2019,3,LAND ROVER,Hybrid (Petrol),88
2019,3,LAND ROVER,Petrol,176
2019,3,LEXUS,Hybrid (Petrol),59
2019,3,LEXUS,Petrol,5
2019,3,LOTUS,Petrol,11
2019,3,MASERATI,Diesel,9
2019,3,MASERATI,Petrol,36
2019,3,MAZDA,Diesel,56
2019,3,MAZDA,Petrol,500
2019,3,MC LAREN,Petrol,14
2019,3,MERCEDES-AMG,Hybrid (Petrol),4
2019,3,MERCEDES-AMG,Petrol,37
2019,3,MERCEDES-BENZ,Diesel,613
2019,3,MERCEDES-BENZ,Hybrid (Petrol),238
2019,3,MERCEDES-BENZ,PHEV,1
2019,3,MERCEDES-BENZ,Petrol,1415
2019,3,MINI,Diesel,5
2019,3,MINI,Hybrid (Petrol),37
2019,3,MINI,Petrol,423
2019,3,MITSUBISHI,BEV,5
2019,3,MITSUBISHI,Diesel,18
2019,3,MITSUBISHI,PHEV,99
2019,3,MITSUBISHI,Petrol,247
2019,3,MORGAN,Petrol,2
2019,3,NISSAN,BEV,49
2019,3,NISSAN,Diesel,238
2019,3,NISSAN,Petrol,337
2019,3,OPEL,BEV,4
2019,3,OPEL,Diesel,137
2019,3,OPEL,Petrol,694
2019,3,PEUGEOT,Diesel,219
2019,3,PEUGEOT,Petrol,613
2019,3,PORSCHE,Hybrid (Petrol),4
2019,3,PORSCHE,Petrol,243
2019,3,RENAULT,BEV,150
2019,3,RENAULT,Diesel,254
2019,3,RENAULT,Petrol,704
2019,3,ROLLS ROYCE,Petrol,8
2019,3,SEAT,CNG,23
2019,3,SEAT,Diesel,398
2019,3,SEAT,Petrol,968
2019,3,SKODA,CNG,15
2019,3,SKODA,Diesel,1004
2019,3,SKODA,Petrol,1419
2019,3,SMART,BEV,22
2019,3,SMART,Petrol,221
2019,3,SSANGYONG,Diesel,40
2019,3,SSANGYONG,Petrol,3
2019,3,SUBARU,Diesel,2
2019,3,SUBARU,Petrol,390
2019,3,SUZUKI,Hybrid (Petrol),72
2019,3,SUZUKI,Petrol,760
2019,3,TESLA,BEV,1306
2019,3,TOYOTA,Diesel,52
2019,3,TOYOTA,Hybrid (Petrol),612
2019,3,TOYOTA,PHEV,2
2019,3,TOYOTA,Petrol,263
2019,3,UEBRIGE (SIEHE TYP),Petrol,1
2019,3,VOLVO,Diesel,326
2019,3,VOLVO,Hybrid (Petrol),58
2019,3,VOLVO,PHEV,41
2019,3,VOLVO,Petrol,336
2019,3,VW,BEV,34
2019,3,VW,CNG,5
2019,3,VW,Diesel,1109
2019,3,VW,Petrol,1700
2019,4,ALFA ROMEO,Diesel,25
2019,4,ALFA ROMEO,Petrol,249
2019,4,ALPINA,Diesel,1
2019,4,ALPINA,Petrol,1
2019,4,ALPINE,Petrol,18
2019,4,ASTON MARTIN,Petrol,28
2019,4,AUDI,BEV,33
2019,4,AUDI,Diesel,278
2019,4,AUDI,Hybrid (Diesel),97
2019,4,AUDI,Hybrid (Petrol),153
2019,4,AUDI,Petrol,827
2019,4,BENTLEY,Petrol,25
2019,4,BMW,BEV,81
2019,4,BMW,Diesel,1139
2019,4,BMW,Hybrid (Petrol),36
2019,4,BMW,PHEV,7
2019,4,BMW,Petrol,925
2019,4,CADILLAC,Petrol,11
2019,4,CATERHAM,Petrol,2
2019,4,CHEVROLET,Petrol,63
2019,4,CHRYSLER,Hybrid (Petrol),1
2019,4,CHRYSLER,Petrol,4
2019,4,CITROEN,BEV,2
2019,4,CITROEN,Diesel,100
2019,4,CITROEN,Petrol,390
2019,4,DACIA,Diesel,118
2019,4,DACIA,Petrol,544
2019,4,DODGE,Petrol,25
2019,4,DS,Diesel,10
2019,4,DS,Petrol,48
2019,4,FERRARI,Hybrid (Petrol),1
2019,4,FERRARI,Petrol,50
2019,4,FIAT,CNG,16
2019,4,FIAT,Diesel,57
2019,4,FIAT,Petrol,686
2019,4,FORD,Diesel,490
2019,4,FORD,Petrol,604
2019,4,FORD-CNG-TECHNIK,Hybrid (Petrol),31
2019,4,HONDA,Diesel,8
2019,4,HONDA,Hybrid (Petrol),57
2019,4,HONDA,Petrol,196
2019,4,HYUNDAI,BEV,111
2019,4,HYUNDAI,Diesel,172
2019,4,HYUNDAI,Hybrid (Petrol),11
2019,4,HYUNDAI,PHEV,6
2019,4,HYUNDAI,Petrol,611
2019,4,INFINITI,Diesel,8
2019,4,INFINITI,Hybrid (Petrol),3
2019,4,INFINITI,Petrol,3
2019,4,JAGUAR,BEV,68
2019,4,JAGUAR,Diesel,38
2019,4,JAGUAR,Petrol,171
2019,4,JEEP,Diesel,242
2019,4,JEEP,Petrol,284
2019,4,KIA,BEV,2
2019,4,KIA,Diesel,45
2019,4,KIA,Hybrid (Diesel),14
2019,4,KIA,Hybrid (Petrol),46
2019,4,KIA,PHEV,12
2019,4,KIA,Petrol,310
2019,4,LAMBORGHINI,Petrol,22
2019,4,LANCIA,Petrol,1
2019,4,LAND ROVER,Diesel,95
2019,4,LAND ROVER,Hybrid (Diesel),4
2019,4,LAND ROVER,Hybrid (Petrol),87
2019,4,LAND ROVER,Petrol,169
2019,4,LEXUS,Hybrid (Petrol),67
2019,4,LOTUS,Petrol,6
2019,4,MASERATI,Diesel,6
2019,4,MASERATI,Petrol,42
2019,4,MAZDA,Diesel,38
2019,4,MAZDA,Petrol,494
2019,4,MC LAREN,Petrol,12
2019,4,MERCEDES-AMG,Hybrid (Petrol),5
2019,4,MERCEDES-AMG,Petrol,33
2019,4,MERCEDES-BENZ,Diesel,616
2019,4,MERCEDES-BENZ,Hybrid (Petrol),209
2019,4,MERCEDES-BENZ,Petrol,1226
2019,4,MINI,Diesel,13
2019,4,MINI,Hybrid (Petrol),33
2019,4,MINI,Petrol,485
2019,4,MITSUBISHI,BEV,12
2019,4,MITSUBISHI,Diesel,20
2019,4,MITSUBISHI,PHEV,44
2019,4,MITSUBISHI,Petrol,259
2019,4,MORGAN,Petrol,2
2019,4,NISSAN,BEV,46
2019,4,NISSAN,Diesel,227
2019,4,NISSAN,Petrol,279
2019,4,OPEL,BEV,3
2019,4,OPEL,CNG,1
2019,4,OPEL,Diesel,203
2019,4,OPEL,Petrol,930
2019,4,PEUGEOT,BEV,1
2019,4,PEUGEOT,Diesel,188
2019,4,PEUGEOT,Petrol,615
2019,4,PEUGEOT-DANGEL,Diesel,1
2019,4,PORSCHE,Hybrid (Petrol),18
2019,4,PORSCHE,Petrol,420
2019,4,RENAULT,BEV,164
2019,4,RENAULT,Diesel,215
2019,4,RENAULT,Petrol,676
2019,4,ROLLS ROYCE,Petrol,7
2019,4,SEAT,CNG,68
2019,4,SEAT,Diesel,406
2019,4,SEAT,Petrol,793
2019,4,SKODA,CNG,16
2019,4,SKODA,Diesel,918
2019,4,SKODA,Petrol,1239
2019,4,SMART,BEV,24
2019,4,SMART,Petrol,192
2019,4,SSANGYONG,Diesel,59
2019,4,SSANGYONG,Petrol,4
2019,4,SUBARU,Diesel,3
2019,4,SUBARU,Petrol,697
2019,4,SUZUKI,Hybrid (Petrol),96
2019,4,SUZUKI,Petrol,603
2019,4,TESLA,BEV,466
2019,4,TOYOTA,Diesel,51
2019,4,TOYOTA,Hybrid (Petrol),692
2019,4,TOYOTA,PHEV,8
2019,4,TOYOTA,Petrol,211
2019,4,VOLVO,Diesel,357
2019,4,VOLVO,Hybrid (Petrol),62
2019,4,VOLVO,PHEV,19
2019,4,VOLVO,Petrol,439
2019,4,VW,BEV,37
2019,4,VW,CNG,14
2019,4,VW,Diesel,1248
2019,4,VW,PHEV,1
2019,4,VW,Petrol,2012
2019,5,ALFA ROMEO,Diesel,36
2019,5,ALFA ROMEO,Petrol,261
2019,5,ALPINA,Diesel,2
2019,5,ALPINA,Petrol,4
2019,5,ALPINE,Petrol,27
2019,5,ASTON MARTIN,Petrol,14
2019,5,AUDI,BEV,50
2019,5,AUDI,CNG,4
2019,5,AUDI,Diesel,402
2019,5,AUDI,Hybrid (Diesel),172
2019,5,AUDI,Hybrid (Petrol),246
2019,5,AUDI,Petrol,1076
2019,5,BENTLEY,Petrol,20
2019,5,BMW,BEV,90
2019,5,BMW,Diesel,1153
2019,5,BMW,Hybrid (Petrol),31
2019,5,BMW,PHEV,7
2019,5,BMW,Petrol,1019
2019,5,CADILLAC,Petrol,11
2019,5,CATERHAM,Petrol,2
2019,5,CHEVROLET,Petrol,26
2019,5,CHRYSLER,Petrol,3
2019,5,CITROEN,BEV,5
2019,5,CITROEN,Diesel,124
2019,5,CITROEN,Petrol,405
2019,5,CITROEN-DANGEL,Diesel,1
2019,5,DACIA,CNG,1
2019,5,DACIA,Diesel,146
2019,5,DACIA,Petrol,552
2019,5,DODGE,Petrol,46
2019,5,DS,Diesel,8
2019,5,DS,Petrol,47
2019,5,FERRARI,Petrol,44
2019,5,FIAT,CNG,11
2019,5,FIAT,Diesel,142
2019,5,FIAT,Petrol,601
2019,5,FORD,Diesel,498
2019,5,FORD,Petrol,785
2019,5,FORD-CNG-TECHNIK,Hybrid (Petrol),35
2019,5,FORD-CNG-TECHNIK,Petrol,1
2019,5,HONDA,Hybrid (Petrol),62
2019,5,HONDA,Petrol,285
2019,5,HYUNDAI,BEV,66
2019,5,HYUNDAI,Diesel,176
2019,5,HYUNDAI,Hybrid (Diesel),3
2019,5,HYUNDAI,Hybrid (Petrol),8
2019,5,HYUNDAI,Hydrogen,1
2019,5,HYUNDAI,LPG,1
2019,5,HYUNDAI,PHEV,2
2019,5,HYUNDAI,Petrol,490
2019,5,INFINITI,Diesel,7
2019,5,INFINITI,Petrol,5
2019,5,IVECO,Diesel,1
2019,5,JAGUAR,BEV,57
2019,5,JAGUAR,Diesel,35
2019,5,JAGUAR,Petrol,87
2019,5,JEEP,Diesel,242
2019,5,JEEP,Petrol,211
2019,5,KIA,BEV,2
2019,5,KIA,Diesel,48
2019,5,KIA,Hybrid (Diesel),10
2019,5,KIA,Hybrid (Petrol),35
2019,5,KIA,PHEV,9
2019,5,KIA,Petrol,275
2019,5,LADA,Petrol,1
2019,5,LAMBORGHINI,Petrol,18
2019,5,LAND ROVER,Diesel,93
2019,5,LAND ROVER,Hybrid (Diesel),13
2019,5,LAND ROVER,Hybrid (Petrol),90
2019,5,LAND ROVER,Petrol,88
2019,5,LEXUS,Hybrid (Petrol),79
2019,5,LEXUS,Petrol,2
2019,5,LINCOLN,Petrol,1
2019,5,LOTUS,Petrol,7
2019,5,MASERATI,Diesel,3
2019,5,MASERATI,Petrol,36
2019,5,MAZDA,Diesel,28
2019,5,MAZDA,Petrol,560
2019,5,MC LAREN,Petrol,10
2019,5,MERCEDES-AMG,Hybrid (Petrol),12
2019,5,MERCEDES-AMG,Petrol,53
2019,5,MERCEDES-BENZ,Diesel,623
2019,5,MERCEDES-BENZ,Diesel PHEV,1
2019,5,MERCEDES-BENZ,Hybrid (Petrol),200
2019,5,MERCEDES-BENZ,Petrol,1339
2019,5,MINI,Diesel,8
2019,5,MINI,Hybrid (Petrol),25
2019,5,MINI,Petrol,260
2019,5,MITSUBISHI,BEV,5
2019,5,MITSUBISHI,Diesel,21
2019,5,MITSUBISHI,PHEV,62
2019,5,MITSUBISHI,Petrol,348
2019,5,MORGAN,Petrol,4
2019,5,NISSAN,BEV,21
2019,5,NISSAN,Diesel,154
2019,5,NISSAN,Petrol,226
2019,5,OPEL,BEV,2
2019,5,OPEL,Diesel,112
2019,5,OPEL,Petrol,1077
2019,5,PAGANI,Petrol,2
2019,5,PEUGEOT,BEV,2
2019,5,PEUGEOT,Diesel,202
2019,5,PEUGEOT,Petrol,681
2019,5,PORSCHE,Hybrid (Petrol),21
2019,5,PORSCHE,Petrol,282
2019,5,RENAULT,BEV,119
2019,5,RENAULT,Diesel,245
2019,5,RENAULT,Petrol,634
2019,5,ROLLS ROYCE,Petrol,2
2019,5,SEAT,CNG,111
2019,5,SEAT,Diesel,472
2019,5,SEAT,Petrol,905
2019,5,SKODA,CNG,22
2019,5,SKODA,Diesel,868
2019,5,SKODA,Petrol,1218
2019,5,SMART,BEV,31
2019,5,SMART,Petrol,174
2019,5,SSANGYONG,Diesel,33
2019,5,SUBARU,Petrol,124
2019,5,SUZUKI,Hybrid (Petrol),175
2019,5,SUZUKI,Petrol,735
2019,5,TESLA,BEV,202
2019,5,TOYOTA,Diesel,87
2019,5,TOYOTA,Hybrid (Petrol),753
2019,5,TOYOTA,Hydrogen,8
2019,5,TOYOTA,PHEV,7
2019,5,TOYOTA,Petrol,182
2019,5,VOLVO,Diesel,235
2019,5,VOLVO,Hybrid (Petrol),50
2019,5,VOLVO,PHEV,15
2019,5,VOLVO,Petrol,374
2019,5,VW,BEV,34
2019,5,VW,CNG,16
2019,5,VW,Diesel,1313
2019,5,VW,Petrol,2072
2019,6,ALFA ROMEO,Diesel,26
2019,6,ALFA ROMEO,Petrol,211
2019,6,ALPINA,Diesel,11
2019,6,ALPINA,Petrol,1
2019,6,ALPINE,Petrol,22
2019,6,ASTON MARTIN,Petrol,20
2019,6,AUDI,BEV,55
2019,6,AUDI,CNG,1
2019,6,AUDI,Diesel,242
2019,6,AUDI,Hybrid (Diesel),179
2019,6,AUDI,Hybrid (Petrol),163
2019,6,AUDI,Petrol,861
2019,6,BENTLEY,Petrol,26
2019,6,BMW,BEV,62
2019,6,BMW,Diesel,1173
2019,6,BMW,Hybrid (Petrol),26
2019,6,BMW,PHEV,5
2019,6,BMW,Petrol,891
2019,6,BUGATTI,Petrol,1
2019,6,CADILLAC,Petrol,11
2019,6,CATERHAM,Petrol,1
2019,6,CHEVROLET,Petrol,28
2019,6,CHRYSLER,Petrol,1
2019,6,CITROEN,BEV,3
2019,6,CITROEN,Diesel,185
2019,6,CITROEN,Petrol,501
2019,6,CITROEN-DANGEL,Diesel,1
2019,6,DACIA,Diesel,108
2019,6,DACIA,Petrol,662
2019,6,DODGE,Petrol,25
2019,6,DS,Diesel,7
2019,6,DS,Petrol,47
2019,6,FACEL-VEGA,Petrol,1
2019,6,FERRARI,Hybrid (Petrol),1
2019,6,FERRARI,Petrol,46
2019,6,FFW,Petrol,2
2019,6,FIAT,CNG,14
2019,6,FIAT,Diesel,271
2019,6,FIAT,Petrol,584
2019,6,FORD,Diesel,433
2019,6,FORD,Petrol,674
2019,6,FORD-CNG-TECHNIK,Hybrid (Petrol),53
2019,6,HONDA,Hybrid (Petrol),40
2019,6,HONDA,Petrol,209
2019,6,HYUNDAI,BEV,45
2019,6,HYUNDAI,Diesel,154
2019,6,HYUNDAI,Hybrid (Diesel),39
2019,6,HYUNDAI,Hybrid (Petrol),5
2019,6,HYUNDAI,Hydrogen,2
2019,6,HYUNDAI,PHEV,7
2019,6,HYUNDAI,Petrol,471
2019,6,INFINITI,Diesel,3
2019,6,INFINITI,Petrol,6
2019,6,JAGUAR,BEV,42
2019,6,JAGUAR,Diesel,48
2019,6,JAGUAR,Petrol,146
2019,6,JEEP,Diesel,187
2019,6,JEEP,Petrol,282
2019,6,KIA,BEV,19
2019,6,KIA,Diesel,44
2019,6,KIA,Hybrid (Diesel),5
2019,6,KIA,Hybrid (Petrol),49
2019,6,KIA,PHEV,8
2019,6,KIA,Petrol,262
2019,6,LAMBORGHINI,Petrol,23
2019,6,LAND ROVER,Diesel,80
2019,6,LAND ROVER,Hybrid (Diesel),45
2019,6,LAND ROVER,Hybrid (Petrol),130
2019,6,LAND ROVER,Petrol,102
2019,6,LEXUS,Hybrid (Petrol),91
2019,6,LEXUS,Petrol,2
2019,6,LOTUS,Petrol,6
2019,6,MAN,Diesel,2
2019,6,MASERATI,Diesel,2
2019,6,MASERATI,Petrol,17
2019,6,MAZDA,Diesel,25
2019,6,MAZDA,Petrol,503
2019,6,MC LAREN,Petrol,10
2019,6,MERCEDES-AMG,Hybrid (Petrol),9
2019,6,MERCEDES-AMG,Petrol,36
2019,6,MERCEDES-BENZ,BEV,6
2019,6,MERCEDES-BENZ,Diesel,716
2019,6,MERCEDES-BENZ,Diesel PHEV,1
2019,6,MERCEDES-BENZ,Hybrid (Petrol),200
2019,6,MERCEDES-BENZ,Petrol,1288
2019,6,MINI,Diesel,16
2019,6,MINI,Hybrid (Petrol),28
2019,6,MINI,Petrol,397
2019,6,MITSUBISHI,BEV,10
2019,6,MITSUBISHI,Diesel,50
2019,6,MITSUBISHI,PHEV,63
2019,6,MITSUBISHI,Petrol,383
2019,6,MORGAN,Petrol,1
2019,6,NISSAN,BEV,32
2019,6,NISSAN,Diesel,223
2019,6,NISSAN,Petrol,171
2019,6,OPEL,BEV,6
2019,6,OPEL,CNG,1
2019,6,OPEL,Diesel,96
2019,6,OPEL,Petrol,1208
2019,6,PAGANI,Petrol,1
2019,6,PEUGEOT,BEV,1
2019,6,PEUGEOT,Diesel,228
2019,6,PEUGEOT,Petrol,686
2019,6,PORSCHE,Hybrid (Petrol),11
2019,6,PORSCHE,Petrol,362
2019,6,RENAULT,BEV,129
2019,6,RENAULT,Diesel,359
2019,6,RENAULT,Hybrid (Diesel),1
2019,6,RENAULT,Petrol,866
2019,6,ROLLS ROYCE,Petrol,5
2019,6,ROVER,Petrol,1
2019,6,SEAT,CNG,87
2019,6,SEAT,Diesel,328
2019,6,SEAT,Petrol,757
2019,6,SKODA,CNG,18
2019,6,SKODA,Diesel,818
2019,6,SKODA,Petrol,1193
2019,6,SMART,BEV,24
2019,6,SMART,Petrol,108
2019,6,SSANGYONG,Diesel,32
2019,6,SSANGYONG,Petrol,3
2019,6,SUBARU,Diesel,1
2019,6,SUBARU,Petrol,297
2019,6,SUZUKI,Hybrid (Petrol),118
2019,6,SUZUKI,Petrol,673
2019,6,TESLA,BEV,689
2019,6,TOYOTA,Diesel,81
2019,6,TOYOTA,Hybrid (Petrol),676
2019,6,TOYOTA,Hydrogen,1
2019,6,TOYOTA,PHEV,4
2019,6,TOYOTA,Petrol,213
2019,6,UEBRIGE (SIEHE TYP),BEV,2
2019,6,UEBRIGE (SIEHE TYP),Petrol,1
2019,6,VOLVO,Diesel,399
2019,6,VOLVO,Hybrid (Diesel),21
2019,6,VOLVO,Hybrid (Petrol),30
2019,6,VOLVO,PHEV,9
2019,6,VOLVO,Petrol,373
2019,6,VW,BEV,27
2019,6,VW,CNG,22
2019,6,VW,Diesel,1203
2019,6,VW,Petrol,1859
2019,7,ALFA ROMEO,Diesel,29
2019,7,ALFA ROMEO,Petrol,231
2019,7,ALPINA,Diesel,7
2019,7,ALPINA,Petrol,2
2019,7,ALPINE,Petrol,23
2019,7,ASTON MARTIN,Petrol,13
2019,7,AUDI,BEV,77
2019,7,AUDI,CNG,9
2019,7,AUDI,Diesel,342
2019,7,AUDI,Hybrid (Diesel),275
2019,7,AUDI,Hybrid (Petrol),192
2019,7,AUDI,Petrol,984
2019,7,BENTLEY,Petrol,21
2019,7,BMW,BEV,82
2019,7,BMW,Diesel,1171
2019,7,BMW,Hybrid (Petrol),20
2019,7,BMW,PHEV,22
2019,7,BMW,Petrol,835
2019,7,BUGATTI,Petrol,1
2019,7,CADILLAC,Petrol,5
2019,7,CHEVROLET,Petrol,21
2019,7,CHRYSLER,Petrol,3
2019,7,CITROEN,BEV,1
2019,7,CITROEN,Diesel,142
2019,7,CITROEN,Petrol,562
2019,7,DACIA,Diesel,63
2019,7,DACIA,Petrol,717
2019,7,DALLARA,Petrol,2
2019,7,DODGE,Hybrid (Petrol),1
2019,7,DODGE,Petrol,36
2019,7,DS,Diesel,5
2019,7,DS,Petrol,83
2019,7,FERRARI,Petrol,46
2019,7,FFW,Petrol,3
2019,7,FIAT,CNG,6
2019,7,FIAT,Diesel,92
2019,7,FIAT,Petrol,623
2019,7,FIAT-ABARTH,Petrol,1
2019,7,FORD,Diesel,426
2019,7,FORD,Hybrid (Petrol),1
2019,7,FORD,Petrol,825
2019,7,FORD-CNG-TECHNIK,Hybrid (Petrol),27
2019,7,HONDA,Hybrid (Petrol),36
2019,7,HONDA,Petrol,220
2019,7,HYUNDAI,BEV,83
2019,7,HYUNDAI,Diesel,80
2019,7,HYUNDAI,Hybrid (Diesel),29
2019,7,HYUNDAI,Hybrid (Petrol),5
2019,7,HYUNDAI,Hydrogen,2
2019,7,HYUNDAI,PHEV,4
2019,7,HYUNDAI,Petrol,456
2019,7,INFINITI,Diesel,6
2019,7,INFINITI,Petrol,1
2019,7,JAGUAR,BEV,28
2019,7,JAGUAR,Diesel,27
2019,7,JAGUAR,Petrol,122
2019,7,JEEP,Diesel,198
2019,7,JEEP,Petrol,261
2019,7,KIA,BEV,4
2019,7,KIA,Diesel,18
2019,7,KIA,Hybrid (Diesel),4
2019,7,KIA,Hybrid (Petrol),22
2019,7,KIA,PHEV,7
2019,7,KIA,Petrol,235
2019,7,KTM,Petrol,1
2019,7,LAMBORGHINI,Petrol,24
2019,7,LANCIA,Petrol,1
2019,7,LAND ROVER,Diesel,67
2019,7,LAND ROVER,Hybrid (Diesel),27
2019,7,LAND ROVER,Hybrid (Petrol),113
2019,7,LAND ROVER,Petrol,103
2019,7,LEXUS,Hybrid (Petrol),80
2019,7,LEXUS,Petrol,1
2019,7,LINCOLN,Petrol,1
2019,7,LOTUS,Petrol,9
2019,7,MAN,Diesel,3
2019,7,MASERATI,Diesel,1
2019,7,MASERATI,Petrol,39
2019,7,MAZDA,Diesel,36
2019,7,MAZDA,Petrol,569
2019,7,MC LAREN,Petrol,10
2019,7,MERCEDES-AMG,Hybrid (Petrol),12
2019,7,MERCEDES-AMG,Petrol,37
2019,7,MERCEDES-BENZ,BEV,26
2019,7,MERCEDES-BENZ,Diesel,691
2019,7,MERCEDES-BENZ,Hybrid (Petrol),204
2019,7,MERCEDES-BENZ,Petrol,1138
2019,7,MINI,Diesel,18
2019,7,MINI,Hybrid (Petrol),14
2019,7,MINI,PHEV,1
2019,7,MINI,Petrol,457
2019,7,MITSUBISHI,BEV,6
2019,7,MITSUBISHI,Diesel,10
2019,7,MITSUBISHI,PHEV,114
2019,7,MITSUBISHI,Petrol,199
2019,7,MORGAN,Petrol,3
2019,7,NISSAN,BEV,42
2019,7,NISSAN,Diesel,106
2019,7,NISSAN,Petrol,154
2019,7,OPEL,BEV,5
2019,7,OPEL,Diesel,89
2019,7,OPEL,Petrol,668
2019,7,PAGANI,Petrol,1
2019,7,PEUGEOT,BEV,2
2019,7,PEUGEOT,Diesel,200
2019,7,PEUGEOT,Petrol,544
2019,7,PEUGEOT-DANGEL,Diesel,2
2019,7,PORSCHE,Hybrid (Petrol),13
2019,7,PORSCHE,Petrol,283
2019,7,RENAULT,BEV,94
2019,7,RENAULT,Diesel,207
2019,7,RENAULT,Petrol,494
2019,7,ROLLS ROYCE,Petrol,8
2019,7,SEAT,CNG,46
2019,7,SEAT,Diesel,395
2019,7,SEAT,Petrol,777
2019,7,SKODA,CNG,13
2019,7,SKODA,Diesel,631
2019,7,SKODA,Petrol,956
2019,7,SMART,BEV,19
2019,7,SMART,Petrol,116
2019,7,SSANGYONG,Diesel,44
2019,7,SSANGYONG,Petrol,3
2019,7,SUBARU,Petrol,155
2019,7,SUZUKI,Hybrid (Petrol),26
2019,7,SUZUKI,Petrol,406
2019,7,TESLA,BEV,195
2019,7,TOYOTA,Diesel,66
2019,7,TOYOTA,Hybrid (Petrol),705
2019,7,TOYOTA,PHEV,2
2019,7,TOYOTA,Petrol,122
2019,7,UEBRIGE (SIEHE TYP),Petrol,5
2019,7,VOLVO,Diesel,207
2019,7,VOLVO,Hybrid (Diesel),127
2019,7,VOLVO,Hybrid (Petrol),45
2019,7,VOLVO,PHEV,23
2019,7,VOLVO,Petrol,341
2019,7,VW,BEV,22
2019,7,VW,CNG,27
2019,7,VW,Diesel,1072
2019,7,VW,Petrol,1875
2019,8,ALFA ROMEO,Diesel,28
2019,8,ALFA ROMEO,Petrol,141
2019,8,ALPINA,Diesel,2
2019,8,ALPINA,Petrol,2
2019,8,ALPINE,Petrol,10
2019,8,ASTON MARTIN,Petrol,14
2019,8,AUDI,BEV,38
2019,8,AUDI,CNG,2
2019,8,AUDI,Diesel,223
2019,8,AUDI,Hybrid (Diesel),199
2019,8,AUDI,Hybrid (Petrol),102
2019,8,AUDI,PHEV,2
2019,8,AUDI,Petrol,467
2019,8,BENTLEY,Petrol,20
2019,8,BMW,BEV,81
2019,8,BMW,Diesel,755
2019,8,BMW,Hybrid (Petrol),8
2019,8,BMW,PHEV,44
2019,8,BMW,Petrol,637
2019,8,BUGATTI,Petrol,3
2019,8,CADILLAC,Petrol,17
2019,8,CHEVROLET,Diesel,1
2019,8,CHEVROLET,Petrol,42
2019,8,CHRYSLER,Petrol,1
2019,8,CITROEN,BEV,3
2019,8,CITROEN,Diesel,85
2019,8,CITROEN,Petrol,313
2019,8,CITROEN-DANGEL,Diesel,1
2019,8,DACIA,Diesel,61
2019,8,DACIA,Petrol,435
2019,8,DODGE,Petrol,13
2019,8,DS,Diesel,6
2019,8,DS,Petrol,39
2019,8,FERRARI,Petrol,31
2019,8,FIAT,BEV,3
2019,8,FIAT,CNG,5
2019,8,FIAT,Diesel,52
2019,8,FIAT,Petrol,532
2019,8,FORD,Diesel,476
2019,8,FORD,Petrol,532
2019,8,FORD-CNG-TECHNIK,Hybrid (Petrol),37
2019,8,HONDA,Hybrid (Petrol),34
2019,8,HONDA,Petrol,213
2019,8,HYUNDAI,BEV,99
2019,8,HYUNDAI,Diesel,53
2019,8,HYUNDAI,Hybrid (Diesel),29
2019,8,HYUNDAI,Hybrid (Petrol),7
2019,8,HYUNDAI,Hydrogen,2
2019,8,HYUNDAI,PHEV,5
2019,8,HYUNDAI,Petrol,376
2019,8,INFINITI,Diesel,3
2019,8,INFINITI,Petrol,5
2019,8,IVECO,Diesel,1
2019,8,JAGUAR,BEV,27
2019,8,JAGUAR,Diesel,32
2019,8,JAGUAR,Petrol,82
2019,8,JEEP,Diesel,141
2019,8,JEEP,Petrol,217
2019,8,KIA,BEV,7
2019,8,KIA,Diesel,21
2019,8,KIA,Hybrid (Diesel),18
2019,8,KIA,Hybrid (Petrol),19
2019,8,KIA,PHEV,8
2019,8,KIA,Petrol,221
2019,8,LAMBORGHINI,Petrol,19
2019,8,LAND ROVER,Diesel,57
2019,8,LAND ROVER,Hybrid (Diesel),16
2019,8,LAND ROVER,Hybrid (Petrol),64
2019,8,LAND ROVER,Petrol,94
2019,8,LEXUS,Hybrid (Petrol),68
2019,8,LEXUS,Petrol,1
2019,8,LOTUS,Petrol,7
2019,8,MAN,Diesel,1
2019,8,MASERATI,Diesel,1
2019,8,MASERATI,Petrol,26
2019,8,MAZDA,Diesel,29
2019,8,MAZDA,Petrol,379
2019,8,MC LAREN,Petrol,3
2019,8,MERCEDES-AMG,Hybrid (Petrol),7
2019,8,MERCEDES-AMG,Petrol,20
2019,8,MERCEDES-BENZ,BEV,19
2019,8,MERCEDES-BENZ,Diesel,621
2019,8,MERCEDES-BENZ,Diesel PHEV,1
2019,8,MERCEDES-BENZ,Hybrid (Petrol),238
2019,8,MERCEDES-BENZ,Petrol,1031
2019,8,MINI,Hybrid (Petrol),5
2019,8,MINI,PHEV,18
2019,8,MINI,Petrol,288
2019,8,MITSUBISHI,BEV,1
2019,8,MITSUBISHI,Diesel,14
2019,8,MITSUBISHI,PHEV,47
2019,8,MITSUBISHI,Petrol,157
2019,8,MORGAN,Petrol,1
2019,8,NISSAN,BEV,49
2019,8,NISSAN,Diesel,61
2019,8,NISSAN,Petrol,159
2019,8,OPEL,BEV,4
2019,8,OPEL,Diesel,112
2019,8,OPEL,Petrol,573
2019,8,PEUGEOT,Diesel,141
2019,8,PEUGEOT,Petrol,383
2019,8,PORSCHE,Hybrid (Petrol),7
2019,8,PORSCHE,Petrol,265
2019,8,RENAULT,BEV,81
2019,8,RENAULT,Diesel,305
2019,8,RENAULT,Petrol,421
2019,8,ROLLS ROYCE,Petrol,4
2019,8,SEAT,CNG,42
2019,8,SEAT,Diesel,257
2019,8,SEAT,Petrol,751
2019,8,SKODA,CNG,54
2019,8,SKODA,Diesel,584
2019,8,SKODA,Petrol,777
2019,8,SMART,BEV,18
2019,8,SMART,Petrol,102
2019,8,SSANGYONG,Diesel,16
2019,8,SUBARU,Diesel,1
2019,8,SUBARU,Petrol,108
2019,8,SUZUKI,Hybrid (Petrol),25
2019,8,SUZUKI,Petrol,382
2019,8,TESLA,BEV,191
2019,8,TOYOTA,Diesel,63
2019,8,TOYOTA,Hybrid (Petrol),755
2019,8,TOYOTA,PHEV,6
2019,8,TOYOTA,Petrol,159
2019,8,UEBRIGE (SIEHE TYP),Petrol,1
2019,8,VOLVO,Diesel,102
2019,8,VOLVO,Hybrid (Diesel),45
2019,8,VOLVO,Hybrid (Petrol),36
2019,8,VOLVO,PHEV,38
2019,8,VOLVO,Petrol,204
2019,8,VW,BEV,5
2019,8,VW,CNG,16
2019,8,VW,Diesel,599
2019,8,VW,Petrol,1308
2019,9,ALFA ROMEO,Diesel,20
2019,9,ALFA ROMEO,Petrol,112
2019,9,ALPINA,Petrol,5
2019,9,ALPINE,Petrol,2
2019,9,ASTON MARTIN,Petrol,20
2019,9,AUDI,BEV,29
2019,9,AUDI,CNG,3
2019,9,AUDI,Diesel,209
2019,9,AUDI,Hybrid (Diesel),222
2019,9,AUDI,Hybrid (Petrol),97
2019,9,AUDI,PHEV,19
2019,9,AUDI,Petrol,536
2019,9,BENTLEY,Petrol,11
2019,9,BMW,BEV,158
2019,9,BMW,Diesel,823
2019,9,BMW,Hybrid (Petrol),10
2019,9,BMW,PHEV,51
2019,9,BMW,Petrol,764
2019,9,BUGATTI,Petrol,1
2019,9,CADILLAC,Petrol,15
2019,9,CATERHAM,Petrol,2
2019,9,CHEVROLET,Petrol,18
2019,9,CHRYSLER,Petrol,4
2019,9,CITROEN,Diesel,116
2019,9,CITROEN,Petrol,594
2019,9,DACIA,Diesel,56
2019,9,DACIA,Petrol,461
2019,9,DALLARA,Petrol,2
2019,9,DODGE,Petrol,38
2019,9,DS,Diesel,5
2019,9,DS,Petrol,44
2019,9,FERRARI,Petrol,44
2019,9,FIAT,BEV,1
2019,9,FIAT,CNG,20
2019,9,FIAT,Diesel,64
2019,9,FIAT,Petrol,571
2019,9,FORD,Diesel,553
2019,9,FORD,Petrol,535
2019,9,FORD-CNG-TECHNIK,Hybrid (Petrol),54
2019,9,FORD-CNG-TECHNIK,Petrol,1
2019,9,HONDA,Diesel,3
2019,9,HONDA,Hybrid (Petrol),69
2019,9,HONDA,Petrol,284
2019,9,HYUNDAI,BEV,126
2019,9,HYUNDAI,Diesel,50
2019,9,HYUNDAI,Hybrid (Diesel),25
2019,9,HYUNDAI,Hybrid (Petrol),48
2019,9,HYUNDAI,Hydrogen,4
2019,9,HYUNDAI,PHEV,3
2019,9,HYUNDAI,Petrol,490
2019,9,INFINITI,Diesel,7
2019,9,INFINITI,Petrol,5
2019,9,JAGUAR,BEV,20
2019,9,JAGUAR,Diesel,27
2019,9,JAGUAR,Petrol,119
2019,9,JEEP,Diesel,139
2019,9,JEEP,Petrol,179
2019,9,KIA,BEV,8
2019,9,KIA,Diesel,64
2019,9,KIA,Hybrid (Diesel),41
2019,9,KIA,Hybrid (Petrol),58
2019,9,KIA,PHEV,15
2019,9,KIA,Petrol,388
2019,9,LAMBORGHINI,Petrol,16
2019,9,LAND ROVER,Diesel,76
2019,9,LAND ROVER,Hybrid (Diesel),31
2019,9,LAND ROVER,Hybrid (Petrol),125
2019,9,LAND ROVER,Petrol,98
2019,9,LEXUS,Hybrid (Petrol),71
2019,9,LOTUS,Petrol,3
2019,9,MASERATI,Diesel,2
2019,9,MASERATI,Petrol,17
2019,9,MAZDA,Diesel,21
2019,9,MAZDA,Petrol,467
2019,9,MC LAREN,Petrol,6
2019,9,MERCEDES-AMG,Hybrid (Petrol),3
2019,9,MERCEDES-AMG,Petrol,27
2019,9,MERCEDES-BENZ,BEV,18
2019,9,MERCEDES-BENZ,Diesel,665
2019,9,MERCEDES-BENZ,Hybrid (Petrol),333
2019,9,MERCEDES-BENZ,Petrol,1146
2019,9,MINI,Diesel,13
2019,9,MINI,Hybrid (Petrol),5
2019,9,MINI,PHEV,27
2019,9,MINI,Petrol,410
2019,9,MITSUBISHI,BEV,9
2019,9,MITSUBISHI,Diesel,14
2019,9,MITSUBISHI,PHEV,73
2019,9,MITSUBISHI,Petrol,263
2019,9,MORGAN,Petrol,1
2019,9,NISSAN,BEV,68
2019,9,NISSAN,Diesel,88
2019,9,NISSAN,Petrol,151
2019,9,OPEL,BEV,41
2019,9,OPEL,CNG,1
2019,9,OPEL,Diesel,61
2019,9,OPEL,Petrol,1047
2019,9,PAGANI,Petrol,1
2019,9,PEUGEOT,BEV,1
2019,9,PEUGEOT,Diesel,178
2019,9,PEUGEOT,Petrol,603
2019,9,PEUGEOT-DANGEL,Diesel,1
2019,9,PORSCHE,Hybrid (Petrol),12
2019,9,PORSCHE,Petrol,365
2019,9,RENAULT,BEV,196
2019,9,RENAULT,Diesel,214
2019,9,RENAULT,Petrol,525
2019,9,ROLLS ROYCE,Petrol,2
2019,9,SEAT,CNG,40
2019,9,SEAT,Diesel,195
2019,9,SEAT,Petrol,737
2019,9,SKODA,CNG,69
2019,9,SKODA,Diesel,761
2019,9,SKODA,Petrol,1061
2019,9,SMART,BEV,30
2019,9,SMART,Petrol,89
2019,9,SSANGYONG,Diesel,39
2019,9,SSANGYONG,Petrol,6
2019,9,SUBARU,Petrol,186
2019,9,SUZUKI,Hybrid (Petrol),75
2019,9,SUZUKI,Petrol,556
2019,9,TESLA,BEV,869
2019,9,TOYOTA,Diesel,43
2019,9,TOYOTA,Hybrid (Petrol),544
2019,9,TOYOTA,LPG,1
2019,9,TOYOTA,PHEV,10
2019,9,TOYOTA,Petrol,194
2019,9,UEBRIGE (SIEHE TYP),BEV,1
2019,9,VOLVO,Diesel,132
2019,9,VOLVO,Hybrid (Diesel),104
2019,9,VOLVO,Hybrid (Petrol),36
2019,9,VOLVO,PHEV,60
2019,9,VOLVO,Petrol,280
2019,9,VW,BEV,7
2019,9,VW,CNG,20
2019,9,VW,Diesel,697
2019,9,VW,Petrol,1424
2019,10,ALFA ROMEO,Diesel,28
2019,10,ALFA ROMEO,Petrol,249
2019,10,ALPINA,Diesel,2
2019,10,ALPINA,Petrol,2
2019,10,ALPINE,Petrol,4
2019,10,ASTON MARTIN,Petrol,6
2019,10,AUDI,BEV,26
2019,10,AUDI,Diesel,253
2019,10,AUDI,Hybrid (Diesel),266
2019,10,AUDI,Hybrid (Petrol),206
2019,10,AUDI,PHEV,8
2019,10,AUDI,Petrol,1016
2019,10,BENTLEY,Hybrid (Petrol),4
2019,10,BENTLEY,Petrol,13
2019,10,BMW,BEV,101
2019,10,BMW,Diesel,1099
2019,10,BMW,Hybrid (Petrol),7
2019,10,BMW,PHEV,67
2019,10,BMW,Petrol,963
2019,10,BUGATTI,Petrol,3
2019,10,CADILLAC,Petrol,4
2019,10,CATERHAM,Petrol,1
2019,10,CHEVROLET,Petrol,74
2019,10,CITROEN,BEV,2
2019,10,CITROEN,Diesel,157
2019,10,CITROEN,Petrol,571
2019,10,CITROEN-DANGEL,Diesel,2
2019,10,DACIA,Diesel,85
2019,10,DACIA,Petrol,629
2019,10,DODGE,Petrol,51
2019,10,DS,Diesel,7
2019,10,DS,Petrol,22
2019,10,FERRARI,Petrol,35
2019,10,FIAT,CNG,41
2019,10,FIAT,Diesel,55
2019,10,FIAT,Petrol,640
2019,10,FORD,Diesel,508
2019,10,FORD,Hybrid (Diesel),5
2019,10,FORD,Petrol,531
2019,10,FORD-CNG-TECHNIK,Hybrid (Petrol),28
2019,10,HONDA,Diesel,5
2019,10,HONDA,Hybrid (Petrol),31
2019,10,HONDA,Petrol,226
2019,10,HYUNDAI,BEV,58
2019,10,HYUNDAI,Diesel,60
2019,10,HYUNDAI,Hybrid (Diesel),47
2019,10,HYUNDAI,Hybrid (Petrol),33
2019,10,HYUNDAI,Hydrogen,4
2019,10,HYUNDAI,PHEV,3
2019,10,HYUNDAI,Petrol,500
2019,10,INFINITI,Diesel,5
2019,10,INFINITI,Hybrid (Petrol),1
2019,10,INFINITI,Petrol,3
2019,10,JAC,BEV,2
2019,10,JAGUAR,BEV,16
2019,10,JAGUAR,Diesel,23
2019,10,JAGUAR,Petrol,67
2019,10,JEEP,Diesel,179
2019,10,JEEP,Petrol,213
2019,10,KIA,BEV,1
2019,10,KIA,Diesel,17
2019,10,KIA,Hybrid (Diesel),20
2019,10,KIA,Hybrid (Petrol),23
2019,10,KIA,PHEV,6
2019,10,KIA,Petrol,284
2019,10,LADA,Petrol,1
2019,10,LAMBORGHINI,Petrol,12
2019,10,LAND ROVER,Diesel,52
2019,10,LAND ROVER,Hybrid (Diesel),32
2019,10,LAND ROVER,Hybrid (Petrol),105
2019,10,LAND ROVER,Petrol,61
2019,10,LEXUS,Hybrid (Petrol),67
2019,10,LEXUS,Petrol,2
2019,10,LOTUS,Petrol,4
2019,10,MAN,Diesel,1
2019,10,MASERATI,Diesel,2
2019,10,MASERATI,Petrol,17
2019,10,MAZDA,Diesel,18
2019,10,MAZDA,Petrol,693
2019,10,MC LAREN,Petrol,7
2019,10,MERCEDES-AMG,Hybrid (Petrol),5
2019,10,MERCEDES-AMG,Petrol,15
2019,10,MERCEDES-BENZ,BEV,18
2019,10,MERCEDES-BENZ,Diesel,789
2019,10,MERCEDES-BENZ,Diesel PHEV,4
2019,10,MERCEDES-BENZ,Hybrid (Petrol),425
2019,10,MERCEDES-BENZ,Petrol,1152
2019,10,MINI,Diesel,3
2019,10,MINI,Hybrid (Petrol),9
2019,10,MINI,PHEV,38
2019,10,MINI,Petrol,380
2019,10,MITSUBISHI,BEV,12
2019,10,MITSUBISHI,Diesel,22
2019,10,MITSUBISHI,PHEV,47
2019,10,MITSUBISHI,Petrol,227
2019,10,MORGAN,Petrol,3
2019,10,NISSAN,BEV,47
2019,10,NISSAN,Diesel,83
2019,10,NISSAN,Petrol,170
2019,10,OPEL,BEV,17
2019,10,OPEL,Diesel,90
2019,10,OPEL,Petrol,645
2019,10,PEUGEOT,BEV,1
2019,10,PEUGEOT,Diesel,263
2019,10,PEUGEOT,Petrol,572
2019,10,PORSCHE,Hybrid (Petrol),112
2019,10,PORSCHE,Petrol,356
2019,10,RENAULT,BEV,137
2019,10,RENAULT,Diesel,219
2019,10,RENAULT,Petrol,429
2019,10,ROLLS ROYCE,Petrol,7
2019,10,SEAT,CNG,69
2019,10,SEAT,Diesel,329
2019,10,SEAT,Petrol,869
2019,10,SKODA,CNG,26
2019,10,SKODA,Diesel,811
2019,10,SKODA,Petrol,1101
2019,10,SMART,BEV,45
2019,10,SMART,Petrol,60
2019,10,SSANGYONG,Diesel,69
2019,10,SSANGYONG,Petrol,15
2019,10,SUBARU,Petrol,184
2019,10,SUZUKI,Hybrid (Petrol),172
2019,10,SUZUKI,Petrol,603
2019,10,TAZZARI,BEV,1
2019,10,TESLA,BEV,156
2019,10,TOYOTA,Diesel,45
2019,10,TOYOTA,Hybrid (Petrol),589
2019,10,TOYOTA,PHEV,5
2019,10,TOYOTA,Petrol,244
2019,10,UEBRIGE (SIEHE TYP),BEV,1
2019,10,VOLVO,Diesel,186
2019,10,VOLVO,Hybrid (Diesel),132
2019,10,VOLVO,Hybrid (Petrol),42
2019,10,VOLVO,PHEV,52
2019,10,VOLVO,Petrol,348
2019,10,VW,BEV,25
2019,10,VW,CNG,25
2019,10,VW,Diesel,765
2019,10,VW,PHEV,36
2019,10,VW,Petrol,2061
2019,11,ALFA ROMEO,Diesel,44
2019,11,ALFA ROMEO,Petrol,202
2019,11,ALPINA,Diesel,2
2019,11,ALPINA,Petrol,2
2019,11,ALPINE,Petrol,10
2019,11,ASTON MARTIN,Petrol,8
2019,11,AUDI,BEV,35
2019,11,AUDI,CNG,2
2019,11,AUDI,Diesel,210
2019,11,AUDI,Hybrid (Diesel),210
2019,11,AUDI,Hybrid (Petrol),167
2019,11,AUDI,PHEV,19
2019,11,AUDI,Petrol,837
2019,11,BENTLEY,Hybrid (Petrol),1
2019,11,BENTLEY,Petrol,9
2019,11,BMW,BEV,88
2019,11,BMW,Diesel,1067
2019,11,BMW,Hybrid (Petrol),4
2019,11,BMW,PHEV,76
2019,11,BMW,Petrol,911
2019,11,BUGATTI,Petrol,1
2019,11,CADILLAC,Petrol,9
2019,11,CATERHAM,Petrol,2
2019,11,CHEVROLET,Petrol,38
2019,11,CHRYSLER,Petrol,2
2019,11,CITROEN,BEV,1
2019,11,CITROEN,Diesel,61
2019,11,CITROEN,Petrol,106
2019,11,DACIA,Diesel,62
2019,11,DACIA,Petrol,739
2019,11,DODGE,Diesel,1
2019,11,DODGE,Petrol,48
2019,11,DS,Diesel,4
2019,11,DS,Petrol,8
2019,11,FERRARI,Petrol,17
2019,11,FIAT,BEV,3
2019,11,FIAT,CNG,6
2019,11,FIAT,Diesel,77
2019,11,FIAT,Petrol,509
2019,11,FORD,Diesel,574
2019,11,FORD,Hybrid (Diesel),1
2019,11,FORD,Petrol,485
2019,11,FORD-CNG-TECHNIK,Hybrid (Petrol),15
2019,11,HONDA,Diesel,2
2019,11,HONDA,Hybrid (Petrol),68
2019,11,HONDA,Petrol,338
2019,11,HYUNDAI,BEV,42
2019,11,HYUNDAI,Diesel,71
2019,11,HYUNDAI,Hybrid (Diesel),29
2019,11,HYUNDAI,Hybrid (Petrol),46
2019,11,HYUNDAI,PHEV,4
2019,11,HYUNDAI,Petrol,495
2019,11,INFINITI,Diesel,4
2019,11,INFINITI,Hybrid (Petrol),1
2019,11,INFINITI,Petrol,4
2019,11,JAC,BEV,1
2019,11,JAGUAR,BEV,12
2019,11,JAGUAR,Diesel,16
2019,11,JAGUAR,Petrol,61
2019,11,JEEP,Diesel,210
2019,11,JEEP,Petrol,242
2019,11,JUMBOLINO,BEV,1
2019,11,KIA,BEV,2
2019,11,KIA,Diesel,13
2019,11,KIA,Hybrid (Diesel),17
2019,11,KIA,Hybrid (Petrol),32
2019,11,KIA,PHEV,11
2019,11,KIA,Petrol,282
2019,11,LAMBORGHINI,Petrol,13
2019,11,LAND ROVER,Diesel,54
2019,11,LAND ROVER,Hybrid (Diesel),38
2019,11,LAND ROVER,Hybrid (Petrol),128
2019,11,LAND ROVER,Petrol,69
2019,11,LEXUS,Hybrid (Petrol),110
2019,11,LEXUS,Petrol,1
2019,11,LOTUS,Petrol,3
2019,11,MASERATI,Petrol,23
2019,11,MAZDA,Diesel,16
2019,11,MAZDA,Petrol,624
2019,11,MC LAREN,Petrol,4
2019,11,MERCEDES-AMG,Hybrid (Petrol),3
2019,11,MERCEDES-AMG,Petrol,11
2019,11,MERCEDES-BENZ,BEV,15
2019,11,MERCEDES-BENZ,Diesel,841
2019,11,MERCEDES-BENZ,Diesel PHEV,2
2019,11,MERCEDES-BENZ,Hybrid (Petrol),435
2019,11,MERCEDES-BENZ,PHEV,1
2019,11,MERCEDES-BENZ,Petrol,1163
2019,11,MINI,Diesel,7
2019,11,MINI,Hybrid (Petrol),1
2019,11,MINI,PHEV,32
2019,11,MINI,Petrol,305
2019,11,MITSUBISHI,BEV,3
2019,11,MITSUBISHI,Diesel,27
2019,11,MITSUBISHI,PHEV,40
2019,11,MITSUBISHI,Petrol,279
2019,11,MORGAN,Petrol,1
2019,11,NISSAN,BEV,65
2019,11,NISSAN,Diesel,76
2019,11,NISSAN,Petrol,188
2019,11,OPEL,Diesel,45
2019,11,OPEL,Petrol,184
2019,11,PEUGEOT,BEV,1
2019,11,PEUGEOT,Diesel,108
2019,11,PEUGEOT,Petrol,147
2019,11,PORSCHE,Hybrid (Petrol),121
2019,11,PORSCHE,Petrol,358
2019,11,RENAULT,BEV,134
2019,11,RENAULT,Diesel,197
2019,11,RENAULT,Petrol,790
2019,11,ROLLS ROYCE,Petrol,5
2019,11,SEAT,CNG,29
2019,11,SEAT,Diesel,261
2019,11,SEAT,Petrol,780
2019,11,SKODA,CNG,64
2019,11,SKODA,Diesel,744
2019,11,SKODA,Petrol,1316
2019,11,SMART,BEV,37
2019,11,SMART,Petrol,29
2019,11,SSANGYONG,Diesel,68
2019,11,SSANGYONG,Petrol,22
2019,11,SUBARU,Diesel,2
2019,11,SUBARU,Hybrid (Petrol),94
2019,11,SUBARU,Petrol,164
2019,11,SUZUKI,Hybrid (Petrol),178
2019,11,SUZUKI,Petrol,491
2019,11,TESLA,BEV,302
2019,11,TOYOTA,Diesel,49
2019,11,TOYOTA,Hybrid (Petrol),524
2019,11,TOYOTA,PHEV,2
2019,11,TOYOTA,Petrol,204
2019,11,VOLVO,Diesel,169
2019,11,VOLVO,Hybrid (Diesel),126
2019,11,VOLVO,Hybrid (Petrol),65
2019,11,VOLVO,PHEV,73
2019,11,VOLVO,Petrol,343
2019,11,VW,BEV,45
2019,11,VW,CNG,25
2019,11,VW,Diesel,620
2019,11,VW,PHEV,27
2019,11,VW,Petrol,2024
2019,12,ALFA ROMEO,Diesel,29
2019,12,ALFA ROMEO,Petrol,187
2019,12,ALPINA,Diesel,1
2019,12,ALPINA,Petrol,3
2019,12,ALPINE,Petrol,6
2019,12,ASTON MARTIN,Petrol,4
2019,12,AUDI,BEV,249
2019,12,AUDI,Diesel,302
2019,12,AUDI,Hybrid (Diesel),325
2019,12,AUDI,Hybrid (Petrol),284
2019,12,AUDI,PHEV,136
2019,12,AUDI,Petrol,1130
2019,12,BENTLEY,Hybrid (Petrol),3
2019,12,BENTLEY,Petrol,7
2019,12,BMW,BEV,116
2019,12,BMW,Diesel,1461
2019,12,BMW,Hybrid (Diesel),7
2019,12,BMW,Hybrid (Petrol),13
2019,12,BMW,PHEV,206
2019,12,BMW,Petrol,1109
2019,12,CADILLAC,Petrol,7
2019,12,CAN-AM,BEV,1
2019,12,CAN-AM,Petrol,3
2019,12,CATERHAM,Petrol,5
2019,12,CHEVROLET,BEV,4
2019,12,CHEVROLET,Petrol,40
2019,12,CHRYSLER,Hybrid (Petrol),1
2019,12,CHRYSLER,Petrol,1
2019,12,CITROEN,BEV,1
2019,12,CITROEN,Diesel,85
2019,12,CITROEN,Petrol,172
2019,12,DACIA,Diesel,32
2019,12,DACIA,Petrol,561
2019,12,DODGE,Petrol,33
2019,12,DS,Diesel,1
2019,12,DS,Petrol,23
2019,12,FERRARI,Petrol,15
2019,12,FIAT,BEV,10
2019,12,FIAT,CNG,8
2019,12,FIAT,Diesel,67
2019,12,FIAT,Petrol,582
2019,12,FORD,Diesel,794
2019,12,FORD,Hybrid (Diesel),2
2019,12,FORD,Hybrid (Petrol),174
2019,12,FORD,Petrol,553
2019,12,FORD-CNG-TECHNIK,Hybrid (Petrol),20
2019,12,HONDA,Diesel,4
2019,12,HONDA,Hybrid (Petrol),120
2019,12,HONDA,Petrol,604
2019,12,HYUNDAI,BEV,157
2019,12,HYUNDAI,Diesel,125
2019,12,HYUNDAI,Hybrid (Diesel),59
2019,12,HYUNDAI,Hybrid (Petrol),60
2019,12,HYUNDAI,PHEV,4
2019,12,HYUNDAI,Petrol,692
2019,12,INFINITI,Diesel,4
2019,12,INFINITI,Petrol,6
2019,12,JAC,BEV,1
2019,12,JAGUAR,BEV,50
2019,12,JAGUAR,Diesel,33
2019,12,JAGUAR,Petrol,141
2019,12,JEEP,Diesel,197
2019,12,JEEP,Petrol,286
2019,12,JUMBOLINO,BEV,2
2019,12,KIA,BEV,3
2019,12,KIA,Diesel,13
2019,12,KIA,Hybrid (Diesel),25
2019,12,KIA,Hybrid (Petrol),17
2019,12,KIA,PHEV,6
2019,12,KIA,Petrol,348
2019,12,KLINGLER,BEV,1
2019,12,KTM,Petrol,1
2019,12,LAMBORGHINI,Petrol,7
2019,12,LAND ROVER,Diesel,82
2019,12,LAND ROVER,Hybrid (Diesel),82
2019,12,LAND ROVER,Hybrid (Petrol),201
2019,12,LAND ROVER,LPG,2
2019,12,LAND ROVER,Petrol,123
2019,12,LEXUS,Hybrid (Petrol),145
2019,12,LOTUS,Petrol,2
2019,12,MAN,Diesel,1
2019,12,MASERATI,Diesel,1
2019,12,MASERATI,Petrol,46
2019,12,MAZDA,Diesel,29
2019,12,MAZDA,Hybrid (Petrol),1
2019,12,MAZDA,Petrol,651
2019,12,MC LAREN,Petrol,2
2019,12,MERCEDES-AMG,Hybrid (Petrol),6
2019,12,MERCEDES-AMG,Petrol,19
2019,12,MERCEDES-BENZ,BEV,53
2019,12,MERCEDES-BENZ,Diesel,1019
2019,12,MERCEDES-BENZ,Diesel PHEV,1
2019,12,MERCEDES-BENZ,Hybrid (Petrol),445
2019,12,MERCEDES-BENZ,PHEV,4
2019,12,MERCEDES-BENZ,Petrol,1302
2019,12,MINI,Diesel,3
2019,12,MINI,Hybrid (Petrol),3
2019,12,MINI,PHEV,51
2019,12,MINI,Petrol,454
2019,12,MITSUBISHI,BEV,14
2019,12,MITSUBISHI,Diesel,48
2019,12,MITSUBISHI,PHEV,55
2019,12,MITSUBISHI,Petrol,398
2019,12,MORGAN,Petrol,6
2019,12,NISSAN,BEV,72
2019,12,NISSAN,Diesel,142
2019,12,NISSAN,Petrol,425
2019,12,OPEL,BEV,12
2019,12,OPEL,CNG,1
2019,12,OPEL,Diesel,97
2019,12,OPEL,Petrol,487
2019,12,PAGANI,Petrol,1
2019,12,PEUGEOT,BEV,1
2019,12,PEUGEOT,Diesel,124
2019,12,PEUGEOT,Petrol,449
2019,12,PORSCHE,Diesel,1
2019,12,PORSCHE,Hybrid (Petrol),110
2019,12,PORSCHE,Petrol,305
2019,12,PRINOTH,Diesel,1
2019,12,RENAULT,BEV,386
2019,12,RENAULT,Diesel,375
2019,12,RENAULT,Petrol,624
2019,12,ROLLS ROYCE,Petrol,2
2019,12,SEAT,CNG,28
2019,12,SEAT,Diesel,350
2019,12,SEAT,Petrol,1117
2019,12,SKODA,CNG,20
2019,12,SKODA,Diesel,1001
2019,12,SKODA,Petrol,1642
2019,12,SMART,BEV,35
2019,12,SMART,Petrol,35
2019,12,SSANGYONG,Diesel,135
2019,12,SSANGYONG,Petrol,114
2019,12,STIMBO,BEV,1
2019,12,SUBARU,Hybrid (Petrol),451
2019,12,SUBARU,Petrol,511
2019,12,SUZUKI,Diesel,1
2019,12,SUZUKI,Hybrid (Petrol),258
2019,12,SUZUKI,Petrol,1023
2019,12,TESLA,BEV,1323
2019,12,TOYOTA,Diesel,99
2019,12,TOYOTA,Hybrid (Petrol),753
2019,12,TOYOTA,PHEV,3
2019,12,TOYOTA,Petrol,342
2019,12,VOLVO,Diesel,231
2019,12,VOLVO,Hybrid (Diesel),151
2019,12,VOLVO,Hybrid (Petrol),91
2019,12,VOLVO,PHEV,81
2019,12,VOLVO,Petrol,389
2019,12,VW,BEV,350
2019,12,VW,CNG,17
2019,12,VW,Diesel,884
2019,12,VW,PHEV,21
2019,12,VW,Petrol,2593
2020,1,ALFA ROMEO,Diesel,22
2020,1,ALFA ROMEO,Petrol,137
2020,1,ALPINA,Diesel,3
2020,1,ALPINA,Petrol,2
2020,1,ALPINE,Petrol,8
2020,1,ASTON MARTIN,Petrol,13
2020,1,AUDI,BEV,13
2020,1,AUDI,Diesel,127
2020,1,AUDI,Hybrid (Diesel),151
2020,1,AUDI,Hybrid (Petrol),154
2020,1,AUDI,PHEV,42
2020,1,AUDI,Petrol,508
2020,1,BENTLEY,Hybrid (Petrol),1
2020,1,BENTLEY,Petrol,28
2020,1,BMW,BEV,89
2020,1,BMW,Diesel,882
2020,1,BMW,Hybrid (Diesel),20
2020,1,BMW,Hybrid (Petrol),1
2020,1,BMW,PHEV,122
2020,1,BMW,Petrol,785
2020,1,BUGATTI,Petrol,1
2020,1,CHEVROLET,Petrol,6
2020,1,CITROEN,Diesel,54
2020,1,CITROEN,Petrol,112
2020,1,CUPRA,Petrol,1
2020,1,DACIA,Diesel,68
2020,1,DACIA,Petrol,425
2020,1,DS,BEV,1
2020,1,DS,PHEV,21
2020,1,DS,Petrol,13
2020,1,FERRARI,Petrol,36
2020,1,FIAT,CNG,8
2020,1,FIAT,Diesel,117
2020,1,FIAT,Hybrid (Petrol),4
2020,1,FIAT,Petrol,499
2020,1,FORD,Diesel,179
2020,1,FORD,Hybrid (Diesel),5
2020,1,FORD,Hybrid (Petrol),120
2020,1,FORD,Petrol,259
2020,1,FORD-CNG-TECHNIK,Hybrid (Petrol),9
2020,1,HONDA,Diesel,1
2020,1,HONDA,Hybrid (Petrol),7
2020,1,HONDA,Petrol,75
2020,1,HYUNDAI,BEV,65
2020,1,HYUNDAI,Diesel,36
2020,1,HYUNDAI,Hybrid (Diesel),37
2020,1,HYUNDAI,Hybrid (Petrol),72
2020,1,HYUNDAI,Hydrogen,10
2020,1,HYUNDAI,PHEV,2
2020,1,HYUNDAI,Petrol,304
2020,1,INFINITI,Diesel,1
2020,1,INFINITI,Petrol,2
2020,1,JAC,BEV,2
2020,1,JAGUAR,BEV,12
2020,1,JAGUAR,Diesel,15
2020,1,JAGUAR,Petrol,69
2020,1,JEEP,Diesel,155
2020,1,JEEP,Petrol,210
2020,1,KIA,BEV,8
2020,1,KIA,Diesel,13
2020,1,KIA,Hybrid (Diesel),9
2020,1,KIA,Hybrid (Petrol),24
2020,1,KIA,PHEV,39
2020,1,KIA,Petrol,141
2020,1,KLINGLER,BEV,1
2020,1,LAMBORGHINI,Petrol,24
2020,1,LAND ROVER,Diesel,29
2020,1,LAND ROVER,Hybrid (Diesel),21
2020,1,LAND ROVER,Hybrid (Petrol),112
2020,1,LAND ROVER,Petrol,46
2020,1,LEXUS,Hybrid (Petrol),45
2020,1,MASERATI,Diesel,3
2020,1,MASERATI,Petrol,27
2020,1,MAZDA,Diesel,14
2020,1,MAZDA,Petrol,325
2020,1,MC LAREN,Petrol,2
2020,1,MERCEDES-AMG,Petrol,11
2020,1,MERCEDES-BENZ,BEV,35
2020,1,MERCEDES-BENZ,Diesel,686
2020,1,MERCEDES-BENZ,Diesel PHEV,2
2020,1,MERCEDES-BENZ,Hybrid (Petrol),307
2020,1,MERCEDES-BENZ,PHEV,4
2020,1,MERCEDES-BENZ,Petrol,797
2020,1,MINI,Diesel,6
2020,1,MINI,Hybrid (Petrol),4
2020,1,MINI,PHEV,50
2020,1,MINI,Petrol,369
2020,1,MITSUBISHI,BEV,1
2020,1,MITSUBISHI,Diesel,7
2020,1,MITSUBISHI,PHEV,63
2020,1,MITSUBISHI,Petrol,199
2020,1,NISSAN,BEV,56
2020,1,NISSAN,Diesel,28
2020,1,NISSAN,Petrol,128
2020,1,OPEL,Diesel,43
2020,1,OPEL,PHEV,10
2020,1,OPEL,Petrol,345
2020,1,PEUGEOT,BEV,1
2020,1,PEUGEOT,Diesel,137
2020,1,PEUGEOT,PHEV,22
2020,1,PEUGEOT,Petrol,217
2020,1,PORSCHE,BEV,2
2020,1,PORSCHE,Hybrid (Petrol),52
2020,1,PORSCHE,Petrol,231
2020,1,RENAULT,BEV,217
2020,1,RENAULT,Diesel,197
2020,1,RENAULT,Petrol,511
2020,1,ROLLS ROYCE,Petrol,6
2020,1,SEAT,BEV,5
2020,1,SEAT,CNG,36
2020,1,SEAT,Diesel,232
2020,1,SEAT,Petrol,754
2020,1,SKODA,BEV,46
2020,1,SKODA,CNG,95
2020,1,SKODA,Diesel,553
2020,1,SKODA,PHEV,39
2020,1,SKODA,Petrol,764
2020,1,SMART,BEV,30
2020,1,SMART,Petrol,5
2020,1,SUBARU,Hybrid (Petrol),113
2020,1,SUBARU,Petrol,3
2020,1,SUZUKI,Hybrid (Petrol),121
2020,1,SUZUKI,Petrol,136
2020,1,TESLA,BEV,204
2020,1,TOYOTA,Diesel,70
2020,1,TOYOTA,Hybrid (Petrol),559
2020,1,TOYOTA,PHEV,3
2020,1,TOYOTA,Petrol,207
2020,1,UEBRIGE (SIEHE TYP),BEV,1
2020,1,VOLVO,Diesel,321
2020,1,VOLVO,Hybrid (Diesel),164
2020,1,VOLVO,Hybrid (Petrol),93
2020,1,VOLVO,PHEV,84
2020,1,VOLVO,Petrol,349
2020,1,VW,BEV,3
2020,1,VW,CNG,10
2020,1,VW,Diesel,862
2020,1,VW,PHEV,14
2020,1,VW,Petrol,1332
2020,2,ALFA ROMEO,Diesel,9
2020,2,ALFA ROMEO,Petrol,218
2020,2,ALPINA,Petrol,3
2020,2,ALPINE,Petrol,10
2020,2,ASTON MARTIN,Petrol,10
2020,2,AUDI,BEV,27
2020,2,AUDI,Diesel,159
2020,2,AUDI,Hybrid (Diesel),135
2020,2,AUDI,Hybrid (Petrol),161
2020,2,AUDI,PHEV,8
2020,2,AUDI,Petrol,424
2020,2,BENTLEY,Petrol,17
2020,2,BMW,BEV,56
2020,2,BMW,Diesel,797
2020,2,BMW,Hybrid (Diesel),24
2020,2,BMW,Hybrid (Petrol),14
2020,2,BMW,PHEV,189
2020,2,BMW,Petrol,725
2020,2,BRP,Petrol,6
2020,2,BUGATTI,Petrol,3
2020,2,CADILLAC,Petrol,2
2020,2,CHEVROLET,Petrol,3
2020,2,CHRYSLER,Petrol,1
2020,2,CITROEN,BEV,5
2020,2,CITROEN,Diesel,145
2020,2,CITROEN,Petrol,230
2020,2,DACIA,Diesel,64
2020,2,DACIA,Petrol,454
2020,2,DS,BEV,12
2020,2,DS,Diesel,8
2020,2,DS,PHEV,57
2020,2,DS,Petrol,11
2020,2,FERRARI,Petrol,43
2020,2,FIAT,CNG,4
2020,2,FIAT,Diesel,76
2020,2,FIAT,Hybrid (Petrol),22
2020,2,FIAT,Petrol,450
2020,2,FORD,Diesel,249
2020,2,FORD,Hybrid (Diesel),6
2020,2,FORD,Hybrid (Petrol),144
2020,2,FORD,Petrol,375
2020,2,FORD-CNG-TECHNIK,Hybrid (Petrol),14
2020,2,HONDA,Hybrid (Petrol),7
2020,2,HONDA,Petrol,56
2020,2,HYUNDAI,BEV,63
2020,2,HYUNDAI,Diesel,43
2020,2,HYUNDAI,Hybrid (Diesel),31
2020,2,HYUNDAI,Hybrid (Petrol),99
2020,2,HYUNDAI,Hydrogen,5
2020,2,HYUNDAI,PHEV,4
2020,2,HYUNDAI,Petrol,275
2020,2,INFINITI,Diesel,1
2020,2,INFINITI,Petrol,4
2020,2,JAC,BEV,3
2020,2,JAGUAR,BEV,27
2020,2,JAGUAR,Diesel,22
2020,2,JAGUAR,Petrol,68
2020,2,JEEP,Diesel,107
2020,2,JEEP,Petrol,210
2020,2,KIA,BEV,2
2020,2,KIA,Diesel,23
2020,2,KIA,Hybrid (Diesel),17
2020,2,KIA,Hybrid (Petrol),26
2020,2,KIA,PHEV,40
2020,2,KIA,Petrol,199
2020,2,LAMBORGHINI,Petrol,20
2020,2,LAND ROVER,Diesel,32
2020,2,LAND ROVER,Hybrid (Diesel),41
2020,2,LAND ROVER,Hybrid (Petrol),104
2020,2,LAND ROVER,Petrol,49
2020,2,LEXUS,Hybrid (Petrol),54
2020,2,LOTUS,Petrol,2
2020,2,MASERATI,Diesel,2
2020,2,MASERATI,Petrol,10
2020,2,MAZDA,Diesel,13
2020,2,MAZDA,Petrol,323
2020,2,MC LAREN,Petrol,5
2020,2,MERCEDES-AMG,Hybrid (Petrol),5
2020,2,MERCEDES-AMG,Petrol,15
2020,2,MERCEDES-BENZ,BEV,44
2020,2,MERCEDES-BENZ,Diesel,597
2020,2,MERCEDES-BENZ,Diesel PHEV,1
2020,2,MERCEDES-BENZ,Hybrid (Petrol),310
2020,2,MERCEDES-BENZ,PHEV,3
2020,2,MERCEDES-BENZ,Petrol,994
2020,2,MINI,BEV,10
2020,2,MINI,Diesel,5
2020,2,MINI,Hybrid (Petrol),1
2020,2,MINI,PHEV,29
2020,2,MINI,Petrol,301
2020,2,MITSUBISHI,BEV,1
2020,2,MITSUBISHI,Diesel,7
2020,2,MITSUBISHI,PHEV,41
2020,2,MITSUBISHI,Petrol,249
2020,2,MORGAN,Petrol,3
2020,2,NISSAN,BEV,48
2020,2,NISSAN,Diesel,43
2020,2,NISSAN,Petrol,176
2020,2,OPEL,Diesel,57
2020,2,OPEL,PHEV,25
2020,2,OPEL,Petrol,281
2020,2,PEUGEOT,Diesel,171
2020,2,PEUGEOT,PHEV,80
2020,2,PEUGEOT,Petrol,304
2020,2,PEUGEOT-DANGEL,Diesel,1
2020,2,PORSCHE,BEV,21
2020,2,PORSCHE,Hybrid (Petrol),49
2020,2,PORSCHE,Petrol,172
2020,2,RENAULT,BEV,265
2020,2,RENAULT,Diesel,134
2020,2,RENAULT,Petrol,620
2020,2,ROLLS ROYCE,Petrol,2
2020,2,SEAT,BEV,14
2020,2,SEAT,CNG,24
2020,2,SEAT,Diesel,252
2020,2,SEAT,Petrol,839
2020,2,SKODA,BEV,35
2020,2,SKODA,CNG,9
2020,2,SKODA,Diesel,678
2020,2,SKODA,PHEV,36
2020,2,SKODA,Petrol,786
2020,2,SMART,BEV,24
2020,2,SMART,Petrol,2
2020,2,SSANGYONG,Diesel,1
2020,2,SUBARU,Hybrid (Petrol),114
2020,2,SUBARU,Petrol,9
2020,2,SUZUKI,Hybrid (Petrol),138
2020,2,SUZUKI,Petrol,146
2020,2,TESLA,BEV,108
2020,2,TOYOTA,Diesel,50
2020,2,TOYOTA,Hybrid (Petrol),524
2020,2,TOYOTA,PHEV,7
2020,2,TOYOTA,Petrol,133
2020,2,VOLVO,Diesel,156
2020,2,VOLVO,Hybrid (Diesel),78
2020,2,VOLVO,Hybrid (Petrol),86
2020,2,VOLVO,PHEV,76
2020,2,VOLVO,Petrol,224
2020,2,VW,BEV,19
2020,2,VW,CNG,11
2020,2,VW,Diesel,866
2020,2,VW,PHEV,16
2020,2,VW,Petrol,1287
2020,3,ALFA ROMEO,Diesel,11
2020,3,ALFA ROMEO,Petrol,122
2020,3,ALPINA,Diesel,2
2020,3,ALPINA,Petrol,4
2020,3,ALPINE,Petrol,8
2020,3,ASTON MARTIN,Petrol,4
2020,3,AUDI,BEV,36
2020,3,AUDI,CNG,6
2020,3,AUDI,Diesel,153
2020,3,AUDI,Hybrid (Diesel),145
2020,3,AUDI,Hybrid (Petrol),218
2020,3,AUDI,PHEV,26
2020,3,AUDI,Petrol,505
2020,3,BENTLEY,Petrol,9
2020,3,BMW,BEV,61
2020,3,BMW,Diesel,679
2020,3,BMW,Hybrid (Diesel),30
2020,3,BMW,Hybrid (Petrol),12
2020,3,BMW,PHEV,139
2020,3,BMW,Petrol,726
2020,3,BUGATTI,Petrol,1
2020,3,CADILLAC,Petrol,2
2020,3,CHEVROLET,Petrol,11
2020,3,CITROEN,BEV,1
2020,3,CITROEN,Diesel,67
2020,3,CITROEN,Petrol,119
2020,3,CITROEN-DANGEL,Diesel,5
2020,3,DACIA,Diesel,60
2020,3,DACIA,Petrol,365
2020,3,DS,Diesel,1
2020,3,DS,PHEV,17
2020,3,DS,Petrol,4
2020,3,FERRARI,Petrol,45
2020,3,FIAT,CNG,5
2020,3,FIAT,Diesel,66
2020,3,FIAT,Hybrid (Petrol),55
2020,3,FIAT,Petrol,319
2020,3,FORD,Diesel,252
2020,3,FORD,Hybrid (Diesel),11
2020,3,FORD,Hybrid (Petrol),87
2020,3,FORD,PHEV,41
2020,3,FORD,Petrol,318
2020,3,FORD-CNG-TECHNIK,Hybrid (Petrol),13
2020,3,HONDA,BEV,2
2020,3,HONDA,Hybrid (Petrol),5
2020,3,HONDA,Petrol,45
2020,3,HYUNDAI,BEV,47
2020,3,HYUNDAI,Diesel,29
2020,3,HYUNDAI,Hybrid (Diesel),27
2020,3,HYUNDAI,Hybrid (Petrol),80
2020,3,HYUNDAI,Hydrogen,1
2020,3,HYUNDAI,PHEV,5
2020,3,HYUNDAI,Petrol,338
2020,3,INFINITI,Diesel,10
2020,3,INFINITI,Petrol,12
2020,3,JAGUAR,BEV,10
2020,3,JAGUAR,Diesel,14
2020,3,JAGUAR,Petrol,62
2020,3,JEEP,Diesel,64
2020,3,JEEP,Petrol,160
2020,3,KIA,BEV,16
2020,3,KIA,Diesel,16
2020,3,KIA,Hybrid (Diesel),15
2020,3,KIA,Hybrid (Petrol),21
2020,3,KIA,PHEV,17
2020,3,KIA,Petrol,161
2020,3,LAMBORGHINI,Petrol,17
2020,3,LAND ROVER,Diesel,44
2020,3,LAND ROVER,Hybrid (Diesel),55
2020,3,LAND ROVER,Hybrid (Petrol),92
2020,3,LAND ROVER,Petrol,53
2020,3,LEXUS,Hybrid (Petrol),56
2020,3,LEXUS,Petrol,1
2020,3,LOTUS,Petrol,8
2020,3,MAN,BEV,1
2020,3,MAN,Diesel,2
2020,3,MASERATI,Petrol,17
2020,3,MAZDA,Diesel,12
2020,3,MAZDA,Petrol,323
2020,3,MC LAREN,Petrol,3
2020,3,MERCEDES-AMG,Hybrid (Petrol),7
2020,3,MERCEDES-AMG,Petrol,12
2020,3,MERCEDES-BENZ,BEV,75
2020,3,MERCEDES-BENZ,Diesel,530
2020,3,MERCEDES-BENZ,Diesel PHEV,2
2020,3,MERCEDES-BENZ,Hybrid (Petrol),238
2020,3,MERCEDES-BENZ,PHEV,6
2020,3,MERCEDES-BENZ,Petrol,755
2020,3,MINI,BEV,68
2020,3,MINI,Diesel,5
2020,3,MINI,PHEV,25
2020,3,MINI,Petrol,270
2020,3,MITSUBISHI,BEV,4
2020,3,MITSUBISHI,Diesel,2
2020,3,MITSUBISHI,PHEV,213
2020,3,MITSUBISHI,Petrol,287
2020,3,MORGAN,Petrol,1
2020,3,NISSAN,BEV,48
2020,3,NISSAN,Diesel,42
2020,3,NISSAN,Petrol,133
2020,3,OPEL,BEV,6
2020,3,OPEL,Diesel,51
2020,3,OPEL,PHEV,84
2020,3,OPEL,Petrol,206
2020,3,PEUGEOT,BEV,4
2020,3,PEUGEOT,Diesel,122
2020,3,PEUGEOT,PHEV,44
2020,3,PEUGEOT,Petrol,152
2020,3,PEUGEOT-DANGEL,Diesel,2
2020,3,PORSCHE,BEV,55
2020,3,PORSCHE,Hybrid (Petrol),40
2020,3,PORSCHE,Petrol,200
2020,3,RENAULT,BEV,199
2020,3,RENAULT,Diesel,118
2020,3,RENAULT,Petrol,445
2020,3,ROLLS ROYCE,Petrol,5
2020,3,SEAT,BEV,27
2020,3,SEAT,CNG,30
2020,3,SEAT,Diesel,210
2020,3,SEAT,Hybrid (Petrol),1
2020,3,SEAT,Petrol,627
2020,3,SKODA,BEV,33
2020,3,SKODA,CNG,13
2020,3,SKODA,Diesel,676
2020,3,SKODA,PHEV,20
2020,3,SKODA,Petrol,718
2020,3,SMART,BEV,38
2020,3,SSANGYONG,Diesel,2
2020,3,STIMBO,BEV,1
2020,3,SUBARU,Hybrid (Petrol),108
2020,3,SUBARU,Petrol,9
2020,3,SUZUKI,Hybrid (Petrol),165
2020,3,SUZUKI,Petrol,99
2020,3,TESLA,BEV,832
2020,3,TOYOTA,Diesel,33
2020,3,TOYOTA,Hybrid (Petrol),473
2020,3,TOYOTA,PHEV,4
2020,3,TOYOTA,Petrol,137
2020,3,UEBRIGE (SIEHE TYP),Hybrid (Petrol),2
2020,3,VOLVO,Diesel,73
2020,3,VOLVO,Hybrid (Diesel),47
2020,3,VOLVO,Hybrid (Petrol),59
2020,3,VOLVO,PHEV,73
2020,3,VOLVO,Petrol,197
2020,3,VW,BEV,29
2020,3,VW,CNG,7
2020,3,VW,Diesel,720
2020,3,VW,Hybrid (Petrol),78
2020,3,VW,PHEV,17
2020,3,VW,Petrol,1144
2020,4,ALFA ROMEO,Diesel,10
2020,4,ALFA ROMEO,Petrol,60
2020,4,ALPINA,Diesel,2
2020,4,ALPINA,Petrol,2
2020,4,ALPINE,Petrol,4
2020,4,ASTON MARTIN,Petrol,3
2020,4,AUDI,BEV,7
2020,4,AUDI,Diesel,76
2020,4,AUDI,Hybrid (Diesel),73
2020,4,AUDI,Hybrid (Petrol),59
2020,4,AUDI,PHEV,15
2020,4,AUDI,Petrol,202
2020,4,BENTLEY,Petrol,20
2020,4,BMW,BEV,23
2020,4,BMW,Diesel,458
2020,4,BMW,Hybrid (Diesel),15
2020,4,BMW,Hybrid (Petrol),10
2020,4,BMW,PHEV,111
2020,4,BMW,Petrol,464
2020,4,CADILLAC,Petrol,3
2020,4,CHEVROLET,Petrol,5
2020,4,CITROEN,BEV,2
2020,4,CITROEN,Diesel,41
2020,4,CITROEN,Petrol,50
2020,4,DACIA,Diesel,59
2020,4,DACIA,Petrol,293
2020,4,DODGE,Petrol,1
2020,4,DS,Diesel,4
2020,4,DS,PHEV,15
2020,4,DS,Petrol,4
2020,4,FERRARI,Petrol,57
2020,4,FIAT,BEV,1
2020,4,FIAT,Diesel,22
2020,4,FIAT,Hybrid (Petrol),14
2020,4,FIAT,Petrol,199
2020,4,FORD,Diesel,143
2020,4,FORD,Hybrid (Diesel),2
2020,4,FORD,Hybrid (Petrol),46
2020,4,FORD,LPG,1
2020,4,FORD,PHEV,22
2020,4,FORD,Petrol,178
2020,4,FORD-CNG-TECHNIK,Hybrid (Petrol),2
2020,4,HONDA,Hybrid (Petrol),5
2020,4,HONDA,Petrol,19
2020,4,HYUNDAI,BEV,33
2020,4,HYUNDAI,Diesel,13
2020,4,HYUNDAI,Hybrid (Diesel),20
2020,4,HYUNDAI,Hybrid (Petrol),61
2020,4,HYUNDAI,Hydrogen,1
2020,4,HYUNDAI,PHEV,6
2020,4,HYUNDAI,Petrol,151
2020,4,INFINITI,Petrol,2
2020,4,JAC,BEV,5
2020,4,JAGUAR,BEV,2
2020,4,JAGUAR,Diesel,8
2020,4,JAGUAR,Petrol,19
2020,4,JEEP,Diesel,45
2020,4,JEEP,Petrol,41
2020,4,KIA,BEV,16
2020,4,KIA,Diesel,13
2020,4,KIA,Hybrid (Diesel),7
2020,4,KIA,Hybrid (Petrol),9
2020,4,KIA,PHEV,11
2020,4,KIA,Petrol,73
2020,4,LAMBORGHINI,Petrol,7
2020,4,LAND ROVER,Diesel,10
2020,4,LAND ROVER,Hybrid (Diesel),15
2020,4,LAND ROVER,Hybrid (Petrol),37
2020,4,LAND ROVER,Petrol,26
2020,4,LEXUS,Hybrid (Petrol),20
2020,4,LOTUS,Petrol,5
2020,4,MASERATI,Diesel,1
2020,4,MASERATI,Petrol,8
2020,4,MAZDA,Diesel,16
2020,4,MAZDA,Petrol,172
2020,4,MC LAREN,Petrol,3
2020,4,MERCEDES-AMG,Hybrid (Petrol),1
2020,4,MERCEDES-AMG,Petrol,8
2020,4,MERCEDES-BENZ,BEV,31
2020,4,MERCEDES-BENZ,Diesel,323
2020,4,MERCEDES-BENZ,Diesel PHEV,3
2020,4,MERCEDES-BENZ,Hybrid (Petrol),171
2020,4,MERCEDES-BENZ,PHEV,3
2020,4,MERCEDES-BENZ,Petrol,439
2020,4,MINI,BEV,36
2020,4,MINI,Diesel,3
2020,4,MINI,Hybrid (Petrol),1
2020,4,MINI,PHEV,11
2020,4,MINI,Petrol,169
2020,4,MITSUBISHI,Diesel,3
2020,4,MITSUBISHI,PHEV,7
2020,4,MITSUBISHI,Petrol,146
2020,4,NISSAN,BEV,29
2020,4,NISSAN,Diesel,21
2020,4,NISSAN,Petrol,57
2020,4,OPEL,BEV,17
2020,4,OPEL,Diesel,25
2020,4,OPEL,PHEV,23
2020,4,OPEL,Petrol,99
2020,4,PEUGEOT,BEV,3
2020,4,PEUGEOT,Diesel,47
2020,4,PEUGEOT,PHEV,16
2020,4,PEUGEOT,Petrol,143
2020,4,PORSCHE,BEV,12
2020,4,PORSCHE,Hybrid (Petrol),20
2020,4,PORSCHE,Petrol,143
2020,4,RENAULT,BEV,83
2020,4,RENAULT,Diesel,61
2020,4,RENAULT,Petrol,210
2020,4,ROLLS ROYCE,Petrol,1
2020,4,SEAT,BEV,12
2020,4,SEAT,CNG,15
2020,4,SEAT,Diesel,124
2020,4,SEAT,Hybrid (Petrol),19
2020,4,SEAT,Petrol,354
2020,4,SKODA,BEV,19
2020,4,SKODA,CNG,3
2020,4,SKODA,Diesel,343
2020,4,SKODA,PHEV,20
2020,4,SKODA,Petrol,393
2020,4,SMART,BEV,17
2020,4,STIMBO,BEV,1
2020,4,SUBARU,Hybrid (Petrol),60
2020,4,SUBARU,Petrol,9
2020,4,SUZUKI,Hybrid (Petrol),97
2020,4,SUZUKI,Petrol,59
2020,4,TESLA,BEV,131
2020,4,TOYOTA,Diesel,28
2020,4,TOYOTA,Hybrid (Petrol),239
2020,4,TOYOTA,PHEV,3
2020,4,TOYOTA,Petrol,89
2020,4,VOLVO,Diesel,45
2020,4,VOLVO,Hybrid (Diesel),35
2020,4,VOLVO,Hybrid (Petrol),44
2020,4,VOLVO,PHEV,54
2020,4,VOLVO,Petrol,75
2020,4,VW,BEV,20
2020,4,VW,CNG,5
2020,4,VW,Diesel,361
2020,4,VW,Hybrid (Petrol),32
2020,4,VW,PHEV,11
2020,4,VW,Petrol,542
2020,5,ALFA ROMEO,Diesel,7
2020,5,ALFA ROMEO,Petrol,69
2020,5,ALPINA,Diesel,2
2020,5,ALPINA,Petrol,1
2020,5,ALPINE,Petrol,7
2020,5,ASTON MARTIN,Petrol,6
2020,5,AUDI,BEV,19
2020,5,AUDI,CNG,2
2020,5,AUDI,Diesel,86
2020,5,AUDI,Hybrid (Diesel),103
2020,5,AUDI,Hybrid (Petrol),138
2020,5,AUDI,PHEV,13
2020,5,AUDI,Petrol,487
2020,5,BENTLEY,Petrol,8
2020,5,BMW,BEV,26
2020,5,BMW,Diesel,505
2020,5,BMW,Hybrid (Diesel),5
2020,5,BMW,Hybrid (Petrol),9
2020,5,BMW,PHEV,118
2020,5,BMW,Petrol,539
2020,5,BUGATTI,Petrol,1
2020,5,CHEVROLET,Petrol,6
2020,5,CITROEN,BEV,2
2020,5,CITROEN,Diesel,69
2020,5,CITROEN,Petrol,139
2020,5,DACIA,Diesel,54
2020,5,DACIA,Petrol,340
2020,5,DALLARA,Petrol,2
2020,5,DS,Diesel,3
2020,5,DS,PHEV,18
2020,5,DS,Petrol,13
2020,5,FERRARI,Petrol,41
2020,5,FIAT,BEV,3
2020,5,FIAT,CNG,1
2020,5,FIAT,Diesel,30
2020,5,FIAT,Hybrid (Petrol),17
2020,5,FIAT,Petrol,311
2020,5,FORD,Diesel,173
2020,5,FORD,Hybrid (Diesel),3
2020,5,FORD,Hybrid (Petrol),76
2020,5,FORD,PHEV,78
2020,5,FORD,Petrol,198
2020,5,FORD-CNG-TECHNIK,Hybrid (Petrol),5
2020,5,HONDA,Hybrid (Petrol),19
2020,5,HONDA,Petrol,60
2020,5,HYUNDAI,BEV,65
2020,5,HYUNDAI,Diesel,19
2020,5,HYUNDAI,Hybrid (Diesel),30
2020,5,HYUNDAI,Hybrid (Petrol),67
2020,5,HYUNDAI,Hydrogen,2
2020,5,HYUNDAI,Petrol,223
2020,5,JAC,BEV,3
2020,5,JAGUAR,BEV,5
2020,5,JAGUAR,Diesel,14
2020,5,JAGUAR,Petrol,16
2020,5,JEEP,Diesel,60
2020,5,JEEP,Petrol,108
2020,5,KIA,BEV,24
2020,5,KIA,Diesel,4
2020,5,KIA,Hybrid (Diesel),13
2020,5,KIA,Hybrid (Petrol),19
2020,5,KIA,PHEV,7
2020,5,KIA,Petrol,113
2020,5,LAMBORGHINI,Petrol,19
2020,5,LAND ROVER,Diesel,13
2020,5,LAND ROVER,Hybrid (Diesel),8
2020,5,LAND ROVER,Hybrid (Petrol),59
2020,5,LAND ROVER,Petrol,32
2020,5,LEXUS,Hybrid (Petrol),50
2020,5,LEXUS,Petrol,1
2020,5,LOTUS,Petrol,3
2020,5,MASERATI,Diesel,3
2020,5,MASERATI,Petrol,12
2020,5,MAZDA,Diesel,14
2020,5,MAZDA,Petrol,248
2020,5,MC LAREN,Petrol,8
2020,5,MERCEDES-ADRIA,Petrol,1
2020,5,MERCEDES-AMG,Hybrid (Petrol),2
2020,5,MERCEDES-AMG,Petrol,11
2020,5,MERCEDES-BENZ,BEV,40
2020,5,MERCEDES-BENZ,Diesel,461
2020,5,MERCEDES-BENZ,Diesel PHEV,10
2020,5,MERCEDES-BENZ,Hybrid (Petrol),270
2020,5,MERCEDES-BENZ,PHEV,7
2020,5,MERCEDES-BENZ,Petrol,665
2020,5,MINI,BEV,29
2020,5,MINI,Diesel,2
2020,5,MINI,PHEV,18
2020,5,MINI,Petrol,263
2020,5,MITSUBISHI,BEV,4
2020,5,MITSUBISHI,Diesel,3
2020,5,MITSUBISHI,PHEV,19
2020,5,MITSUBISHI,Petrol,218
2020,5,MORGAN,Petrol,2
2020,5,NISSAN,BEV,20
2020,5,NISSAN,Diesel,11
2020,5,NISSAN,Petrol,69
2020,5,OPEL,BEV,23
2020,5,OPEL,Diesel,34
2020,5,OPEL,PHEV,27
2020,5,OPEL,Petrol,314
2020,5,PEUGEOT,BEV,7
2020,5,PEUGEOT,Diesel,83
2020,5,PEUGEOT,PHEV,30
2020,5,PEUGEOT,Petrol,284
2020,5,PORSCHE,BEV,32
2020,5,PORSCHE,Hybrid (Petrol),52
2020,5,PORSCHE,Petrol,202
2020,5,RENAULT,BEV,114
2020,5,RENAULT,Diesel,86
2020,5,RENAULT,Petrol,443
2020,5,ROLLS ROYCE,Petrol,4
2020,5,SEAT,BEV,14
2020,5,SEAT,CNG,12
2020,5,SEAT,Diesel,136
2020,5,SEAT,Hybrid (Petrol),37
2020,5,SEAT,Petrol,498
2020,5,SKODA,BEV,19
2020,5,SKODA,CNG,3
2020,5,SKODA,Diesel,464
2020,5,SKODA,PHEV,19
2020,5,SKODA,Petrol,625
2020,5,SMART,BEV,33
2020,5,SMART,Petrol,2
2020,5,STIMBO,BEV,1
2020,5,SUBARU,Hybrid (Petrol),122
2020,5,SUBARU,Petrol,21
2020,5,SUZUKI,Hybrid (Petrol),192
2020,5,SUZUKI,Petrol,82
2020,5,TESLA,BEV,174
2020,5,TOYOTA,Diesel,40
2020,5,TOYOTA,Hybrid (Petrol),441
2020,5,TOYOTA,PHEV,3
2020,5,TOYOTA,Petrol,137
2020,5,VOLVO,Diesel,71
2020,5,VOLVO,Hybrid (Diesel),54
2020,5,VOLVO,Hybrid (Petrol),75
2020,5,VOLVO,PHEV,131
2020,5,VOLVO,Petrol,172
2020,5,VW,BEV,31
2020,5,VW,CNG,3
2020,5,VW,Diesel,322
2020,5,VW,Hybrid (Petrol),31
2020,5,VW,PHEV,3
2020,5,VW,Petrol,1012
2020,6,ALFA ROMEO,Diesel,4
2020,6,ALFA ROMEO,Petrol,158
2020,6,ALPINA,Diesel,3
2020,6,ALPINE,Petrol,8
2020,6,ASTON MARTIN,Petrol,11
2020,6,AUDI,BEV,48
2020,6,AUDI,Diesel,246
2020,6,AUDI,Hybrid (Diesel),161
2020,6,AUDI,Hybrid (Petrol),188
2020,6,AUDI,PHEV,54
2020,6,AUDI,Petrol,844
2020,6,BENTLEY,Petrol,21
2020,6,BMW,BEV,72
2020,6,BMW,Diesel,720
2020,6,BMW,Hybrid (Diesel),77
2020,6,BMW,Hybrid (Petrol),12
2020,6,BMW,PHEV,204
2020,6,BMW,Petrol,904
2020,6,CADILLAC,Petrol,4
2020,6,CHEVROLET,Petrol,6
2020,6,CITROEN,BEV,2
2020,6,CITROEN,Diesel,185
2020,6,CITROEN,Petrol,298
2020,6,DACIA,Diesel,75
2020,6,DACIA,Petrol,553
2020,6,DODGE,Petrol,4
2020,6,DS,Diesel,9
2020,6,DS,PHEV,28
2020,6,DS,Petrol,28
2020,6,FERRARI,Petrol,39
2020,6,FIAT,BEV,1
2020,6,FIAT,CNG,8
2020,6,FIAT,Diesel,80
2020,6,FIAT,Hybrid (Petrol),33
2020,6,FIAT,Petrol,448
2020,6,FORD,Diesel,376
2020,6,FORD,Hybrid (Diesel),24
2020,6,FORD,Hybrid (Petrol),151
2020,6,FORD,PHEV,83
2020,6,FORD,Petrol,505
2020,6,FORD-CNG-TECHNIK,Hybrid (Petrol),17
2020,6,HONDA,Hybrid (Petrol),105
2020,6,HONDA,Petrol,48
2020,6,HUMMER,Petrol,1
2020,6,HYUNDAI,BEV,74
2020,6,HYUNDAI,Diesel,32
2020,6,HYUNDAI,Hybrid (Diesel),34
2020,6,HYUNDAI,Hybrid (Petrol),92
2020,6,HYUNDAI,PHEV,8
2020,6,HYUNDAI,Petrol,321
2020,6,INFINITI,Diesel,1
2020,6,JAC,BEV,5
2020,6,JAGUAR,BEV,14
2020,6,JAGUAR,Diesel,14
2020,6,JAGUAR,Petrol,60
2020,6,JEEP,Diesel,126
2020,6,JEEP,Petrol,267
2020,6,KIA,BEV,19
2020,6,KIA,Diesel,24
2020,6,KIA,Hybrid (Diesel),30
2020,6,KIA,Hybrid (Petrol),35
2020,6,KIA,PHEV,22
2020,6,KIA,Petrol,241
2020,6,LAMBORGHINI,Petrol,29
2020,6,LAND ROVER,Diesel,68
2020,6,LAND ROVER,Hybrid (Diesel),20
2020,6,LAND ROVER,Hybrid (Petrol),104
2020,6,LAND ROVER,Petrol,53
2020,6,LEXUS,Hybrid (Petrol),70
2020,6,LEXUS,Petrol,1
2020,6,LOTUS,Petrol,11
2020,6,MAN,Diesel,4
2020,6,MASERATI,Diesel,1
2020,6,MASERATI,Petrol,19
2020,6,MAZDA,Diesel,18
2020,6,MAZDA,Hybrid (Petrol),1
2020,6,MAZDA,Petrol,352
2020,6,MC LAREN,Petrol,7
2020,6,MERCEDES-AMG,Hybrid (Petrol),6
2020,6,MERCEDES-AMG,Petrol,28
2020,6,MERCEDES-BENZ,BEV,35
2020,6,MERCEDES-BENZ,Diesel,731
2020,6,MERCEDES-BENZ,Diesel PHEV,7
2020,6,MERCEDES-BENZ,Hybrid (Petrol),332
2020,6,MERCEDES-BENZ,PHEV,14
2020,6,MERCEDES-BENZ,Petrol,1148
2020,6,MINI,BEV,28
2020,6,MINI,Diesel,4
2020,6,MINI,PHEV,35
2020,6,MINI,Petrol,507
2020,6,MITSUBISHI,BEV,4
2020,6,MITSUBISHI,Diesel,4
2020,6,MITSUBISHI,Hybrid (Petrol),6
2020,6,MITSUBISHI,PHEV,48
2020,6,MITSUBISHI,Petrol,302
2020,6,MORGAN,Petrol,1
2020,6,NISSAN,BEV,41
2020,6,NISSAN,Diesel,100
2020,6,NISSAN,Petrol,180
2020,6,OPEL,BEV,26
2020,6,OPEL,Diesel,49
2020,6,OPEL,PHEV,33
2020,6,OPEL,Petrol,507
2020,6,PEUGEOT,BEV,18
2020,6,PEUGEOT,Diesel,165
2020,6,PEUGEOT,PHEV,27
2020,6,PEUGEOT,Petrol,279
2020,6,PORSCHE,BEV,54
2020,6,PORSCHE,Hybrid (Petrol),64
2020,6,PORSCHE,Petrol,378
2020,6,RENAULT,BEV,291
2020,6,RENAULT,Diesel,150
2020,6,RENAULT,PHEV,1
2020,6,RENAULT,Petrol,758
2020,6,ROLLS ROYCE,Petrol,7
2020,6,SEAT,BEV,6
2020,6,SEAT,CNG,29
2020,6,SEAT,Diesel,176
2020,6,SEAT,Hybrid (Petrol),32
2020,6,SEAT,Petrol,832
2020,6,SKODA,BEV,34
2020,6,SKODA,CNG,22
2020,6,SKODA,Diesel,758
2020,6,SKODA,Hybrid (Petrol),1
2020,6,SKODA,PHEV,30
2020,6,SKODA,Petrol,1176
2020,6,SMART,BEV,44
2020,6,SMART,Petrol,1
2020,6,SSANGYONG,Diesel,2
2020,6,SUBARU,Hybrid (Petrol),192
2020,6,SUBARU,Petrol,41
2020,6,SUZUKI,Hybrid (Petrol),422
2020,6,SUZUKI,Petrol,171
2020,6,TESLA,BEV,495
2020,6,TOYOTA,Diesel,73
2020,6,TOYOTA,Hybrid (Petrol),679
2020,6,TOYOTA,PHEV,5
2020,6,TOYOTA,Petrol,263
2020,6,VOLVO,Diesel,119
2020,6,VOLVO,Hybrid (Diesel),108
2020,6,VOLVO,Hybrid (Petrol),137
2020,6,VOLVO,PHEV,224
2020,6,VOLVO,Petrol,229
2020,6,VW,BEV,55
2020,6,VW,CNG,9
2020,6,VW,Diesel,920
2020,6,VW,Hybrid (Petrol),76
2020,6,VW,PHEV,19
2020,6,VW,Petrol,1746
2020,7,ALFA ROMEO,Diesel,13
2020,7,ALFA ROMEO,Petrol,149
2020,7,ALPINA,Petrol,1
2020,7,ALPINE,Petrol,8
2020,7,ASTON MARTIN,Petrol,12
2020,7,AUDI,BEV,116
2020,7,AUDI,CNG,1
2020,7,AUDI,Diesel,240
2020,7,AUDI,Hybrid (Diesel),188
2020,7,AUDI,Hybrid (Petrol),305
2020,7,AUDI,PHEV,38
2020,7,AUDI,Petrol,716
2020,7,BENTLEY,Petrol,22
2020,7,BMW,BEV,54
2020,7,BMW,Diesel,670
2020,7,BMW,Hybrid (Diesel),113
2020,7,BMW,Hybrid (Petrol),8
2020,7,BMW,PHEV,213
2020,7,BMW,Petrol,783
2020,7,CADILLAC,Petrol,2
2020,7,CHEVROLET,Petrol,5
2020,7,CITROEN,Diesel,113
2020,7,CITROEN,Petrol,193
2020,7,CITROEN-DANGEL,Diesel,1
2020,7,CLUB CAR,BEV,1
2020,7,DACIA,Diesel,63
2020,7,DACIA,Petrol,451
2020,7,DODGE,Petrol,2
2020,7,DS,Diesel,9
2020,7,DS,PHEV,17
2020,7,DS,Petrol,29
2020,7,FERRARI,Petrol,63
2020,7,FIAT,BEV,5
2020,7,FIAT,CNG,11
2020,7,FIAT,Diesel,77
2020,7,FIAT,Hybrid (Petrol),65
2020,7,FIAT,Petrol,477
2020,7,FORD,Diesel,398
2020,7,FORD,Hybrid (Diesel),14
2020,7,FORD,Hybrid (Petrol),99
2020,7,FORD,PHEV,96
2020,7,FORD,Petrol,332
2020,7,FORD-CNG-TECHNIK,Hybrid (Petrol),25
2020,7,HONDA,BEV,30
2020,7,HONDA,Hybrid (Petrol),125
2020,7,HONDA,Petrol,101
2020,7,HYUNDAI,BEV,77
2020,7,HYUNDAI,Diesel,46
2020,7,HYUNDAI,Hybrid (Diesel),21
2020,7,HYUNDAI,Hybrid (Petrol),47
2020,7,HYUNDAI,Hydrogen,4
2020,7,HYUNDAI,PHEV,1
2020,7,HYUNDAI,Petrol,272
2020,7,INFINITI,Petrol,2
2020,7,JAC,BEV,12
2020,7,JAGUAR,BEV,7
2020,7,JAGUAR,Diesel,15
2020,7,JAGUAR,Petrol,34
2020,7,JEEP,Diesel,99
2020,7,JEEP,PHEV,4
2020,7,JEEP,Petrol,182
2020,7,KIA,BEV,25
2020,7,KIA,Diesel,21
2020,7,KIA,Hybrid (Diesel),54
2020,7,KIA,Hybrid (Petrol),30
2020,7,KIA,PHEV,33
2020,7,KIA,Petrol,184
2020,7,LAMBORGHINI,Petrol,26
2020,7,LANCIA,Petrol,1
2020,7,LAND ROVER,Diesel,52
2020,7,LAND ROVER,Hybrid (Diesel),22
2020,7,LAND ROVER,Hybrid (Petrol),80
2020,7,LAND ROVER,Petrol,36
2020,7,LEXUS,Hybrid (Petrol),52
2020,7,LOTUS,Petrol,11
2020,7,MAN,Diesel,1
2020,7,MASERATI,Diesel,1
2020,7,MASERATI,Petrol,24
2020,7,MAZDA,Diesel,18
2020,7,MAZDA,Petrol,562
2020,7,MC LAREN,Petrol,8
2020,7,MERCEDES-AMG,Hybrid (Petrol),9
2020,7,MERCEDES-AMG,Petrol,21
2020,7,MERCEDES-BENZ,BEV,44
2020,7,MERCEDES-BENZ,Diesel,701
2020,7,MERCEDES-BENZ,Diesel PHEV,4
2020,7,MERCEDES-BENZ,Hybrid (Petrol),305
2020,7,MERCEDES-BENZ,PHEV,28
2020,7,MERCEDES-BENZ,Petrol,969
2020,7,MINI,BEV,48
2020,7,MINI,Diesel,4
2020,7,MINI,PHEV,41
2020,7,MINI,Petrol,383
2020,7,MITSUBISHI,BEV,7
2020,7,MITSUBISHI,Diesel,3
2020,7,MITSUBISHI,Hybrid (Petrol),10
2020,7,MITSUBISHI,PHEV,27
2020,7,MITSUBISHI,Petrol,285
2020,7,MORGAN,Petrol,2
2020,7,NISSAN,BEV,49
2020,7,NISSAN,Diesel,42
2020,7,NISSAN,Petrol,161
2020,7,OPEL,BEV,9
2020,7,OPEL,Diesel,67
2020,7,OPEL,PHEV,24
2020,7,OPEL,Petrol,266
2020,7,OPEL-DANGEL,Diesel,1
2020,7,PEUGEOT,BEV,37
2020,7,PEUGEOT,Diesel,441
2020,7,PEUGEOT,PHEV,39
2020,7,PEUGEOT,Petrol,474
2020,7,PORSCHE,BEV,61
2020,7,PORSCHE,Hybrid (Petrol),54
2020,7,PORSCHE,Petrol,330
2020,7,RENAULT,BEV,226
2020,7,RENAULT,Diesel,202
2020,7,RENAULT,Hybrid (Petrol),26
2020,7,RENAULT,PHEV,25
2020,7,RENAULT,Petrol,654
2020,7,ROLLS ROYCE,Petrol,3
2020,7,SEAT,BEV,2
2020,7,SEAT,CNG,36
2020,7,SEAT,Diesel,212
2020,7,SEAT,Hybrid (Petrol),44
2020,7,SEAT,Petrol,627
2020,7,SECMA,Petrol,1
2020,7,SKODA,BEV,50
2020,7,SKODA,CNG,2
2020,7,SKODA,Diesel,915
2020,7,SKODA,PHEV,26
2020,7,SKODA,Petrol,1006
2020,7,SMART,BEV,44
2020,7,SSANGYONG,Diesel,1
2020,7,SSANGYONG,Petrol,1
2020,7,SUBARU,Hybrid (Petrol),51
2020,7,SUBARU,Petrol,34
2020,7,SUZUKI,Hybrid (Petrol),206
2020,7,SUZUKI,Petrol,116
2020,7,TESLA,BEV,37
2020,7,TOYOTA,Diesel,71
2020,7,TOYOTA,Hybrid (Petrol),505
2020,7,TOYOTA,PHEV,5
2020,7,TOYOTA,Petrol,164
2020,7,UEBRIGE (SIEHE TYP),BEV,2
2020,7,VOLVO,Diesel,64
2020,7,VOLVO,Hybrid (Diesel),64
2020,7,VOLVO,Hybrid (Petrol),172
2020,7,VOLVO,PHEV,373
2020,7,VOLVO,Petrol,222
2020,7,VW,BEV,38
2020,7,VW,CNG,8
2020,7,VW,Diesel,1158
2020,7,VW,Hybrid (Petrol),95
2020,7,VW,PHEV,14
2020,7,VW,Petrol,1475
2020,8,ALFA ROMEO,Diesel,19
2020,8,ALFA ROMEO,Petrol,111
2020,8,ALPINA,Diesel,2
2020,8,ALPINA,Petrol,2
2020,8,ALPINE,Petrol,4
2020,8,ASTON MARTIN,Petrol,9
2020,8,AUDI,BEV,83
2020,8,AUDI,CNG,11
2020,8,AUDI,Diesel,221
2020,8,AUDI,Hybrid (Diesel),127
2020,8,AUDI,Hybrid (Petrol),328
2020,8,AUDI,PHEV,7
2020,8,AUDI,Petrol,309
2020,8,BENTLEY,Diesel,1
2020,8,BENTLEY,Hybrid (Petrol),1
2020,8,BENTLEY,Petrol,9
2020,8,BMW,BEV,31
2020,8,BMW,Diesel,490
2020,8,BMW,Hybrid (Diesel),119
2020,8,BMW,Hybrid (Petrol),11
2020,8,BMW,PHEV,184
2020,8,BMW,Petrol,551
2020,8,BUGATTI,Petrol,1
2020,8,CADILLAC,Petrol,3
2020,8,CATERHAM,Petrol,1
2020,8,CHEVROLET,Petrol,8
2020,8,CITROEN,BEV,3
2020,8,CITROEN,Diesel,117
2020,8,CITROEN,PHEV,6
2020,8,CITROEN,Petrol,288
2020,8,DACIA,Diesel,58
2020,8,DACIA,Petrol,383
2020,8,DODGE,Petrol,2
2020,8,DS,Diesel,9
2020,8,DS,PHEV,20
2020,8,DS,Petrol,34
2020,8,FERRARI,Petrol,49
2020,8,FIAT,CNG,6
2020,8,FIAT,Diesel,38
2020,8,FIAT,Hybrid (Petrol),26
2020,8,FIAT,Petrol,337
2020,8,FORD,Diesel,281
2020,8,FORD,Hybrid (Diesel),12
2020,8,FORD,Hybrid (Petrol),133
2020,8,FORD,PHEV,123
2020,8,FORD,Petrol,261
2020,8,FORD-CNG-TECHNIK,Hybrid (Petrol),17
2020,8,HONDA,BEV,31
2020,8,HONDA,Hybrid (Petrol),118
2020,8,HONDA,Petrol,80
2020,8,HYUNDAI,BEV,151
2020,8,HYUNDAI,Diesel,24
2020,8,HYUNDAI,Hybrid (Diesel),16
2020,8,HYUNDAI,Hybrid (Petrol),51
2020,8,HYUNDAI,Hydrogen,3
2020,8,HYUNDAI,Petrol,237
2020,8,JAC,BEV,9
2020,8,JAGUAR,BEV,20
2020,8,JAGUAR,Diesel,6
2020,8,JAGUAR,Petrol,27
2020,8,JEEP,Diesel,69
2020,8,JEEP,PHEV,45
2020,8,JEEP,Petrol,141
2020,8,KIA,BEV,24
2020,8,KIA,Diesel,18
2020,8,KIA,Hybrid (Diesel),26
2020,8,KIA,Hybrid (Petrol),24
2020,8,KIA,PHEV,21
2020,8,KIA,Petrol,161
2020,8,LAMBORGHINI,Petrol,13
2020,8,LAND ROVER,Diesel,34
2020,8,LAND ROVER,Hybrid (Diesel),20
2020,8,LAND ROVER,Hybrid (Petrol),57
2020,8,LAND ROVER,Petrol,26
2020,8,LEXUS,Hybrid (Petrol),37
2020,8,LEXUS,Petrol,1
2020,8,LOTUS,Petrol,5
2020,8,MAN,Diesel,1
2020,8,MASERATI,Petrol,8
2020,8,MAZDA,BEV,13
2020,8,MAZDA,Diesel,18
2020,8,MAZDA,Petrol,324
2020,8,MC LAREN,Petrol,3
2020,8,MERCEDES-AMG,Hybrid (Petrol),7
2020,8,MERCEDES-AMG,Petrol,14
2020,8,MERCEDES-BENZ,BEV,30
2020,8,MERCEDES-BENZ,Diesel,590
2020,8,MERCEDES-BENZ,Diesel PHEV,4
2020,8,MERCEDES-BENZ,Hybrid (Petrol),227
2020,8,MERCEDES-BENZ,PHEV,31
2020,8,MERCEDES-BENZ,Petrol,803
2020,8,MINI,BEV,74
2020,8,MINI,Diesel,1
2020,8,MINI,PHEV,16
2020,8,MINI,Petrol,212
2020,8,MITSUBISHI,BEV,3
2020,8,MITSUBISHI,Diesel,4
2020,8,MITSUBISHI,PHEV,29
2020,8,MITSUBISHI,Petrol,198
2020,8,NISSAN,BEV,29
2020,8,NISSAN,Diesel,21
2020,8,NISSAN,Petrol,179
2020,8,OPEL,BEV,16
2020,8,OPEL,Diesel,61
2020,8,OPEL,PHEV,16
2020,8,OPEL,Petrol,209
2020,8,PEUGEOT,BEV,112
2020,8,PEUGEOT,Diesel,194
2020,8,PEUGEOT,PHEV,35
2020,8,PEUGEOT,Petrol,328
2020,8,POLESTAR,BEV,5
2020,8,PORSCHE,BEV,37
2020,8,PORSCHE,Hybrid (Petrol),26
2020,8,PORSCHE,Petrol,167
2020,8,RENAULT,BEV,224
2020,8,RENAULT,Diesel,218
2020,8,RENAULT,Hybrid (Petrol),6
2020,8,RENAULT,PHEV,11
2020,8,RENAULT,Petrol,472
2020,8,SEAT,BEV,12
2020,8,SEAT,CNG,12
2020,8,SEAT,Diesel,120
2020,8,SEAT,Hybrid (Petrol),65
2020,8,SEAT,Petrol,404
2020,8,SKODA,BEV,54
2020,8,SKODA,Diesel,528
2020,8,SKODA,PHEV,25
2020,8,SKODA,Petrol,568
2020,8,SMART,BEV,37
2020,8,SSANGYONG,Diesel,2
2020,8,SSANGYONG,Petrol,1
2020,8,SUBARU,Hybrid (Petrol),62
2020,8,SUBARU,Petrol,24
2020,8,SUZUKI,Hybrid (Petrol),132
2020,8,SUZUKI,Petrol,59
2020,8,TESLA,BEV,590
2020,8,TOYOTA,Diesel,46
2020,8,TOYOTA,Hybrid (Petrol),443
2020,8,TOYOTA,Hydrogen,2
2020,8,TOYOTA,PHEV,8
2020,8,TOYOTA,Petrol,194
2020,8,UEBRIGE (SIEHE TYP),BEV,1
2020,8,VOLVO,Diesel,31
2020,8,VOLVO,Hybrid (Diesel),30
2020,8,VOLVO,Hybrid (Petrol),113
2020,8,VOLVO,PHEV,240
2020,8,VOLVO,Petrol,77
2020,8,VW,BEV,36
2020,8,VW,CNG,4
2020,8,VW,Diesel,466
2020,8,VW,Hybrid (Petrol),42
2020,8,VW,PHEV,17
2020,8,VW,Petrol,518
2020,9,ALFA ROMEO,Diesel,14
2020,9,ALFA ROMEO,Petrol,148
2020,9,ALPINA,Diesel,4
2020,9,ALPINA,Petrol,1
2020,9,ALPINE,Petrol,5
2020,9,ASTON MARTIN,Petrol,20
2020,9,AUDI,BEV,78
2020,9,AUDI,CNG,1
2020,9,AUDI,Diesel,231
2020,9,AUDI,Hybrid (Diesel),111
2020,9,AUDI,Hybrid (Petrol),385
2020,9,AUDI,PHEV,47
2020,9,AUDI,Petrol,303
2020,9,BENTLEY,Petrol,11
2020,9,BMW,BEV,90
2020,9,BMW,Diesel,515
2020,9,BMW,Hybrid (Diesel),197
2020,9,BMW,Hybrid (Petrol),11
2020,9,BMW,PHEV,230
2020,9,BMW,Petrol,694
2020,9,BUGATTI,Petrol,1
2020,9,CATERHAM,Petrol,3
2020,9,CHEVROLET,Diesel,1
2020,9,CHEVROLET,Petrol,1
2020,9,CITROEN,BEV,2
2020,9,CITROEN,Diesel,84
2020,9,CITROEN,PHEV,27
2020,9,CITROEN,Petrol,204
2020,9,CITROEN-DANGEL,Diesel,1
2020,9,CUPRA,Petrol,1
2020,9,DACIA,Diesel,59
2020,9,DACIA,Petrol,472
2020,9,DAIHATSU,Petrol,1
2020,9,DODGE,Petrol,9
2020,9,DS,BEV,2
2020,9,DS,Diesel,3
2020,9,DS,PHEV,11
2020,9,DS,Petrol,7
2020,9,FERRARI,Petrol,39
2020,9,FIAT,BEV,7
2020,9,FIAT,CNG,7
2020,9,FIAT,Diesel,48
2020,9,FIAT,Hybrid (Petrol),36
2020,9,FIAT,Petrol,353
2020,9,FORD,Diesel,339
2020,9,FORD,Hybrid (Diesel),18
2020,9,FORD,Hybrid (Petrol),131
2020,9,FORD,PHEV,53
2020,9,FORD,Petrol,384
2020,9,FORD-CNG-TECHNIK,Hybrid (Petrol),33
2020,9,GMC,Petrol,1
2020,9,HONDA,BEV,30
2020,9,HONDA,Hybrid (Petrol),165
2020,9,HONDA,Petrol,76
2020,9,HYUNDAI,BEV,117
2020,9,HYUNDAI,Diesel,39
2020,9,HYUNDAI,Hybrid (Diesel),29
2020,9,HYUNDAI,Hybrid (Petrol),132
2020,9,HYUNDAI,Hydrogen,3
2020,9,HYUNDAI,PHEV,1
2020,9,HYUNDAI,Petrol,273
2020,9,JAC,BEV,10
2020,9,JAGUAR,BEV,71
2020,9,JAGUAR,Diesel,8
2020,9,JAGUAR,Petrol,58
2020,9,JEEP,Diesel,104
2020,9,JEEP,PHEV,107
2020,9,JEEP,Petrol,167
2020,9,KIA,BEV,79
2020,9,KIA,Diesel,24
2020,9,KIA,Hybrid (Diesel),17
2020,9,KIA,Hybrid (Petrol),59
2020,9,KIA,PHEV,24
2020,9,KIA,Petrol,181
2020,9,LAMBORGHINI,Petrol,14
2020,9,LAND ROVER,Diesel,48
2020,9,LAND ROVER,Hybrid (Diesel),29
2020,9,LAND ROVER,Hybrid (Petrol),111
2020,9,LAND ROVER,Petrol,49
2020,9,LEXUS,Hybrid (Petrol),57
2020,9,LEXUS,Petrol,1
2020,9,LOTUS,Petrol,5
2020,9,MAN,BEV,1
2020,9,MAN,Diesel,1
2020,9,MASERATI,Petrol,11
2020,9,MAZDA,BEV,70
2020,9,MAZDA,Diesel,23
2020,9,MAZDA,Petrol,335
2020,9,MC LAREN,Hybrid (Petrol),1
2020,9,MC LAREN,Petrol,1
2020,9,MERCEDES-AMG,Hybrid (Petrol),4
2020,9,MERCEDES-AMG,Petrol,19
2020,9,MERCEDES-BENZ,BEV,53
2020,9,MERCEDES-BENZ,Diesel,685
2020,9,MERCEDES-BENZ,Diesel PHEV,17
2020,9,MERCEDES-BENZ,Hybrid (Diesel),1
2020,9,MERCEDES-BENZ,Hybrid (Petrol),403
2020,9,MERCEDES-BENZ,PHEV,35
2020,9,MERCEDES-BENZ,Petrol,1289
2020,9,MINI,BEV,41
2020,9,MINI,Diesel,4
2020,9,MINI,PHEV,56
2020,9,MINI,Petrol,314
2020,9,MITSUBISHI,BEV,5
2020,9,MITSUBISHI,Diesel,4
2020,9,MITSUBISHI,PHEV,47
2020,9,MITSUBISHI,Petrol,283
2020,9,MORGAN,Petrol,1
2020,9,NISSAN,BEV,46
2020,9,NISSAN,Diesel,45
2020,9,NISSAN,Petrol,224
2020,9,OPEL,BEV,61
2020,9,OPEL,Diesel,68
2020,9,OPEL,PHEV,35
2020,9,OPEL,Petrol,284
2020,9,PEUGEOT,BEV,86
2020,9,PEUGEOT,Diesel,218
2020,9,PEUGEOT,PHEV,24
2020,9,PEUGEOT,Petrol,282
2020,9,POLESTAR,BEV,2
2020,9,PORSCHE,BEV,68
2020,9,PORSCHE,Hybrid (Petrol),23
2020,9,PORSCHE,Petrol,156
2020,9,RENAULT,BEV,305
2020,9,RENAULT,Diesel,273
2020,9,RENAULT,Hybrid (Petrol),32
2020,9,RENAULT,PHEV,30
2020,9,RENAULT,Petrol,403
2020,9,ROLLS ROYCE,Petrol,3
2020,9,SEAT,BEV,56
2020,9,SEAT,CNG,4
2020,9,SEAT,Diesel,149
2020,9,SEAT,Hybrid (Petrol),90
2020,9,SEAT,Petrol,630
2020,9,SKODA,BEV,79
2020,9,SKODA,CNG,5
2020,9,SKODA,Diesel,635
2020,9,SKODA,Hybrid (Petrol),1
2020,9,SKODA,PHEV,14
2020,9,SKODA,Petrol,980
2020,9,SMART,BEV,31
2020,9,SSANGYONG,Petrol,2
2020,9,SUBARU,Hybrid (Petrol),115
2020,9,SUBARU,Petrol,65
2020,9,SUZUKI,Hybrid (Petrol),348
2020,9,SUZUKI,Petrol,124
2020,9,TESLA,BEV,1145
2020,9,TOYOTA,Diesel,53
2020,9,TOYOTA,Hybrid (Petrol),497
2020,9,TOYOTA,LPG,1
2020,9,TOYOTA,PHEV,52
2020,9,TOYOTA,Petrol,153
2020,9,VOLVO,Diesel,34
2020,9,VOLVO,Hybrid (Diesel),40
2020,9,VOLVO,Hybrid (Petrol),120
2020,9,VOLVO,PHEV,443
2020,9,VOLVO,Petrol,126
2020,9,VW,BEV,330
2020,9,VW,CNG,3
2020,9,VW,Diesel,477
2020,9,VW,Hybrid (Petrol),112
2020,9,VW,PHEV,19
2020,9,VW,Petrol,607
2020,10,ALFA ROMEO,Diesel,20
2020,10,ALFA ROMEO,Petrol,159
2020,10,ALPINA,Diesel,5
2020,10,ALPINA,Petrol,4
2020,10,ALPINE,Petrol,1
2020,10,ASTON MARTIN,Petrol,8
2020,10,AUDI,BEV,92
2020,10,AUDI,CNG,4
2020,10,AUDI,Diesel,207
2020,10,AUDI,Hybrid (Diesel),140
2020,10,AUDI,Hybrid (Petrol),576
2020,10,AUDI,PHEV,59
2020,10,AUDI,Petrol,527
2020,10,BENTLEY,Hybrid (Petrol),1
2020,10,BENTLEY,Petrol,12
2020,10,BMW,BEV,42
2020,10,BMW,Diesel,489
2020,10,BMW,Hybrid (Diesel),369
2020,10,BMW,Hybrid (Petrol),36
2020,10,BMW,PHEV,214
2020,10,BMW,Petrol,608
2020,10,CADILLAC,Diesel,10
2020,10,CHEVROLET,PHEV,1
2020,10,CHEVROLET,Petrol,1
2020,10,CITROEN,BEV,2
2020,10,CITROEN,Diesel,77
2020,10,CITROEN,PHEV,54
2020,10,CITROEN,Petrol,130
2020,10,CUPRA,Petrol,142
2020,10,DACIA,Diesel,111
2020,10,DACIA,Petrol,652
2020,10,DALLARA,Petrol,1
2020,10,DODGE,Petrol,4
2020,10,DS,BEV,11
2020,10,DS,Diesel,6
2020,10,DS,PHEV,17
2020,10,DS,Petrol,5
2020,10,FERRARI,Hybrid (Petrol),1
2020,10,FERRARI,Petrol,39
2020,10,FIAT,CNG,1
2020,10,FIAT,Diesel,66
2020,10,FIAT,Hybrid (Petrol),66
2020,10,FIAT,Petrol,480
2020,10,FORD,Diesel,278
2020,10,FORD,Hybrid (Diesel),13
2020,10,FORD,Hybrid (Petrol),152
2020,10,FORD,PHEV,13
2020,10,FORD,Petrol,320
2020,10,FORD-CNG-TECHNIK,Hybrid (Petrol),9
2020,10,HONDA,BEV,38
2020,10,HONDA,Hybrid (Petrol),217
2020,10,HONDA,Petrol,64
2020,10,HYUNDAI,BEV,132
2020,10,HYUNDAI,Diesel,42
2020,10,HYUNDAI,Hybrid (Diesel),34
2020,10,HYUNDAI,Hybrid (Petrol),180
2020,10,HYUNDAI,Hydrogen,4
2020,10,HYUNDAI,PHEV,1
2020,10,HYUNDAI,Petrol,320
2020,10,JAC,BEV,6
2020,10,JAGUAR,BEV,12
2020,10,JAGUAR,Diesel,12
2020,10,JAGUAR,Petrol,45
2020,10,JEEP,Diesel,64
2020,10,JEEP,PHEV,83
2020,10,JEEP,Petrol,160
2020,10,KIA,BEV,35
2020,10,KIA,Diesel,28
2020,10,KIA,Hybrid (Diesel),27
2020,10,KIA,Hybrid (Petrol),40
2020,10,KIA,PHEV,46
2020,10,KIA,Petrol,138
2020,10,LAMBORGHINI,Petrol,12
2020,10,LAND ROVER,Diesel,47
2020,10,LAND ROVER,Hybrid (Diesel),22
2020,10,LAND ROVER,Hybrid (Petrol),105
2020,10,LAND ROVER,Petrol,34
2020,10,LEXUS,Hybrid (Petrol),33
2020,10,LEXUS,Petrol,1
2020,10,LOTUS,Petrol,3
2020,10,MASERATI,Petrol,22
2020,10,MAZDA,BEV,82
2020,10,MAZDA,Diesel,14
2020,10,MAZDA,Petrol,366
2020,10,MERCEDES-AMG,Hybrid (Petrol),1
2020,10,MERCEDES-AMG,Petrol,5
2020,10,MERCEDES-BENZ,BEV,73
2020,10,MERCEDES-BENZ,Diesel,668
2020,10,MERCEDES-BENZ,Diesel PHEV,10
2020,10,MERCEDES-BENZ,Hybrid (Diesel),4
2020,10,MERCEDES-BENZ,Hybrid (Petrol),250
2020,10,MERCEDES-BENZ,PHEV,53
2020,10,MERCEDES-BENZ,Petrol,956
2020,10,MINI,BEV,79
2020,10,MINI,Diesel,5
2020,10,MINI,PHEV,51
2020,10,MINI,Petrol,307
2020,10,MITSUBISHI,BEV,1
2020,10,MITSUBISHI,Diesel,3
2020,10,MITSUBISHI,Hybrid (Petrol),9
2020,10,MITSUBISHI,PHEV,46
2020,10,MITSUBISHI,Petrol,151
2020,10,NISSAN,BEV,61
2020,10,NISSAN,Diesel,41
2020,10,NISSAN,Petrol,156
2020,10,OPEL,BEV,53
2020,10,OPEL,Diesel,40
2020,10,OPEL,PHEV,21
2020,10,OPEL,Petrol,239
2020,10,PAGANI,Petrol,1
2020,10,PEUGEOT,BEV,57
2020,10,PEUGEOT,Diesel,190
2020,10,PEUGEOT,PHEV,17
2020,10,PEUGEOT,Petrol,235
2020,10,POLESTAR,BEV,10
2020,10,POLESTAR,PHEV,2
2020,10,PORSCHE,BEV,54
2020,10,PORSCHE,Hybrid (Petrol),42
2020,10,PORSCHE,Petrol,232
2020,10,RENAULT,BEV,226
2020,10,RENAULT,Diesel,232
2020,10,RENAULT,Hybrid (Petrol),31
2020,10,RENAULT,PHEV,121
2020,10,RENAULT,Petrol,418
2020,10,ROLLS ROYCE,Petrol,3
2020,10,SEAT,BEV,14
2020,10,SEAT,CNG,17
2020,10,SEAT,Diesel,249
2020,10,SEAT,Hybrid (Petrol),60
2020,10,SEAT,PHEV,41
2020,10,SEAT,Petrol,595
2020,10,SKODA,BEV,80
2020,10,SKODA,CNG,9
2020,10,SKODA,Diesel,611
2020,10,SKODA,PHEV,9
2020,10,SKODA,Petrol,1022
2020,10,SMART,BEV,26
2020,10,SMART,Petrol,2
2020,10,SSANGYONG,Diesel,1
2020,10,SSANGYONG,Petrol,1
2020,10,SUBARU,Hybrid (Petrol),127
2020,10,SUBARU,Petrol,86
2020,10,SUZUKI,Hybrid (Petrol),390
2020,10,SUZUKI,PHEV,32
2020,10,SUZUKI,Petrol,157
2020,10,TESLA,BEV,101
2020,10,TOYOTA,Diesel,28
2020,10,TOYOTA,Hybrid (Petrol),467
2020,10,TOYOTA,PHEV,23
2020,10,TOYOTA,Petrol,147
2020,10,VOLVO,Diesel,40
2020,10,VOLVO,Hybrid (Diesel),41
2020,10,VOLVO,Hybrid (Petrol),147
2020,10,VOLVO,PHEV,366
2020,10,VOLVO,Petrol,122
2020,10,VW,BEV,206
2020,10,VW,CNG,1
2020,10,VW,Diesel,539
2020,10,VW,Hybrid (Petrol),223
2020,10,VW,PHEV,81
2020,10,VW,Petrol,1121
2020,11,AIWAYS,BEV,2
2020,11,ALFA ROMEO,Diesel,11
2020,11,ALFA ROMEO,Petrol,154
2020,11,ALPINA,Diesel,2
2020,11,ALPINA,Petrol,3
2020,11,ALPINE,Petrol,2
2020,11,ASTON MARTIN,Petrol,10
2020,11,AUDI,BEV,163
2020,11,AUDI,CNG,2
2020,11,AUDI,Diesel,281
2020,11,AUDI,Hybrid (Diesel),193
2020,11,AUDI,Hybrid (Petrol),583
2020,11,AUDI,PHEV,65
2020,11,AUDI,Petrol,505
2020,11,BENTLEY,Petrol,13
2020,11,BMW,BEV,65
2020,11,BMW,Diesel,580
2020,11,BMW,Hybrid (Diesel),305
2020,11,BMW,Hybrid (Petrol),62
2020,11,BMW,PHEV,379
2020,11,BMW,Petrol,559
2020,11,CADILLAC,Diesel,4
2020,11,CITROEN,BEV,3
2020,11,CITROEN,Diesel,123
2020,11,CITROEN,PHEV,25
2020,11,CITROEN,Petrol,151
2020,11,CITROEN-DANGEL,Diesel,1
2020,11,CUPRA,Petrol,90
2020,11,DACIA,Diesel,71
2020,11,DACIA,Petrol,436
2020,11,DODGE,Petrol,1
2020,11,DONKERVOORT,Petrol,1
2020,11,DS,BEV,13
2020,11,DS,Diesel,4
2020,11,DS,PHEV,11
2020,11,DS,Petrol,7
2020,11,FERRARI,Petrol,50
2020,11,FIAT,BEV,123
2020,11,FIAT,CNG,5
2020,11,FIAT,Diesel,51
2020,11,FIAT,Hybrid (Petrol),55
2020,11,FIAT,Petrol,458
2020,11,FORD,Diesel,346
2020,11,FORD,Hybrid (Diesel),17
2020,11,FORD,Hybrid (Petrol),176
2020,11,FORD,PHEV,7
2020,11,FORD,Petrol,323
2020,11,FORD-CNG-TECHNIK,Hybrid (Petrol),3
2020,11,HONDA,BEV,21
2020,11,HONDA,Hybrid (Petrol),163
2020,11,HONDA,Petrol,91
2020,11,HYUNDAI,BEV,173
2020,11,HYUNDAI,Diesel,35
2020,11,HYUNDAI,Hybrid (Diesel),19
2020,11,HYUNDAI,Hybrid (Petrol),190
2020,11,HYUNDAI,Hydrogen,3
2020,11,HYUNDAI,PHEV,6
2020,11,HYUNDAI,Petrol,175
2020,11,JAC,BEV,5
2020,11,JAGUAR,BEV,77
2020,11,JAGUAR,Diesel,14
2020,11,JAGUAR,Petrol,53
2020,11,JEEP,Diesel,72
2020,11,JEEP,PHEV,120
2020,11,JEEP,Petrol,142
2020,11,KIA,BEV,43
2020,11,KIA,Diesel,23
2020,11,KIA,Hybrid (Diesel),11
2020,11,KIA,Hybrid (Petrol),50
2020,11,KIA,PHEV,27
2020,11,KIA,Petrol,176
2020,11,LADA,Petrol,1
2020,11,LAMBORGHINI,Petrol,16
2020,11,LAND ROVER,Diesel,34
2020,11,LAND ROVER,Hybrid (Diesel),27
2020,11,LAND ROVER,Hybrid (Petrol),81
2020,11,LAND ROVER,PHEV,2
2020,11,LAND ROVER,Petrol,38
2020,11,LEXUS,Hybrid (Petrol),43
2020,11,LOTUS,Petrol,3
2020,11,MAN,Diesel,1
2020,11,MASERATI,Diesel,4
2020,11,MASERATI,Petrol,18
2020,11,MAXUS,BEV,1
2020,11,MAZDA,BEV,42
2020,11,MAZDA,Diesel,24
2020,11,MAZDA,Petrol,407
2020,11,MC LAREN,Hybrid (Petrol),1
2020,11,MC LAREN,Petrol,7
2020,11,MERCEDES-AMG,Hybrid (Petrol),7
2020,11,MERCEDES-AMG,Petrol,4
2020,11,MERCEDES-BENZ,BEV,85
2020,11,MERCEDES-BENZ,Diesel,638
2020,11,MERCEDES-BENZ,Diesel PHEV,33
2020,11,MERCEDES-BENZ,Hybrid (Diesel),7
2020,11,MERCEDES-BENZ,Hybrid (Petrol),316
2020,11,MERCEDES-BENZ,PHEV,62
2020,11,MERCEDES-BENZ,Petrol,819
2020,11,MINI,BEV,90
2020,11,MINI,Diesel,4
2020,11,MINI,PHEV,74
2020,11,MINI,Petrol,278
2020,11,MITSUBISHI,BEV,1
2020,11,MITSUBISHI,Diesel,1
2020,11,MITSUBISHI,PHEV,52
2020,11,MITSUBISHI,Petrol,264
2020,11,NISSAN,BEV,28
2020,11,NISSAN,Diesel,26
2020,11,NISSAN,Petrol,130
2020,11,OPEL,BEV,48
2020,11,OPEL,Diesel,47
2020,11,OPEL,Hybrid (Petrol),1
2020,11,OPEL,PHEV,28
2020,11,OPEL,Petrol,235
2020,11,PEUGEOT,BEV,100
2020,11,PEUGEOT,Diesel,292
2020,11,PEUGEOT,PHEV,52
2020,11,PEUGEOT,Petrol,244
2020,11,POLESTAR,BEV,2
2020,11,PORSCHE,BEV,55
2020,11,PORSCHE,Hybrid (Petrol),73
2020,11,PORSCHE,Petrol,264
2020,11,RENAULT,BEV,307
2020,11,RENAULT,Diesel,142
2020,11,RENAULT,Hybrid (Petrol),75
2020,11,RENAULT,PHEV,101
2020,11,RENAULT,Petrol,285
2020,11,ROLLS ROYCE,Petrol,5
2020,11,SEAT,BEV,7
2020,11,SEAT,CNG,11
2020,11,SEAT,Diesel,384
2020,11,SEAT,Hybrid (Petrol),31
2020,11,SEAT,PHEV,59
2020,11,SEAT,Petrol,553
2020,11,SKODA,BEV,88
2020,11,SKODA,CNG,7
2020,11,SKODA,Diesel,548
2020,11,SKODA,Hybrid (Petrol),4
2020,11,SKODA,PHEV,3
2020,11,SKODA,Petrol,996
2020,11,SMART,BEV,38
2020,11,SSANGYONG,Diesel,1
2020,11,STIMBO,BEV,1
2020,11,SUBARU,Hybrid (Petrol),129
2020,11,SUBARU,Petrol,80
2020,11,SUZUKI,Hybrid (Petrol),398
2020,11,SUZUKI,PHEV,12
2020,11,SUZUKI,Petrol,258
2020,11,TESLA,BEV,421
2020,11,TOYOTA,Diesel,61
2020,11,TOYOTA,Hybrid (Petrol),614
2020,11,TOYOTA,PHEV,17
2020,11,TOYOTA,Petrol,196
2020,11,VOLVO,Diesel,21
2020,11,VOLVO,Hybrid (Diesel),114
2020,11,VOLVO,Hybrid (Petrol),134
2020,11,VOLVO,PHEV,431
2020,11,VOLVO,Petrol,105
2020,11,VW,BEV,191
2020,11,VW,Diesel,1009
2020,11,VW,Hybrid (Petrol),327
2020,11,VW,PHEV,92
2020,11,VW,Petrol,1231
2020,12,AIWAYS,BEV,4
2020,12,ALFA ROMEO,Diesel,16
2020,12,ALFA ROMEO,Petrol,175
2020,12,ALPINA,Diesel,3
2020,12,ALPINA,Hybrid (Diesel),1
2020,12,ALPINA,Petrol,9
2020,12,ALPINE,Petrol,5
2020,12,ASTON MARTIN,Petrol,16
2020,12,AUDI,BEV,224
2020,12,AUDI,Diesel,400
2020,12,AUDI,Hybrid (Diesel),253
2020,12,AUDI,Hybrid (Petrol),446
2020,12,AUDI,PHEV,57
2020,12,AUDI,Petrol,419
2020,12,BENTLEY,Petrol,13
2020,12,BMW,BEV,197
2020,12,BMW,Diesel,505
2020,12,BMW,Hybrid (Diesel),369
2020,12,BMW,Hybrid (Petrol),83
2020,12,BMW,PHEV,1238
2020,12,BMW,Petrol,663
2020,12,CADILLAC,Diesel,11
2020,12,CADILLAC,Petrol,6
2020,12,CHEVROLET,Petrol,12
2020,12,CHRYSLER,Petrol,2
2020,12,CITROEN,BEV,5
2020,12,CITROEN,Diesel,125
2020,12,CITROEN,PHEV,13
2020,12,CITROEN,Petrol,89
2020,12,CITROEN-DANGEL,Diesel,1
2020,12,CUPRA,Petrol,110
2020,12,DACIA,Diesel,53
2020,12,DACIA,Petrol,475
2020,12,DODGE,Petrol,34
2020,12,DS,BEV,2
2020,12,DS,Diesel,11
2020,12,DS,PHEV,15
2020,12,DS,Petrol,24
2020,12,FERRARI,Hybrid (Petrol),2
2020,12,FERRARI,Petrol,30
2020,12,FIAT,BEV,235
2020,12,FIAT,CNG,2
2020,12,FIAT,Diesel,38
2020,12,FIAT,Hybrid (Petrol),44
2020,12,FIAT,Petrol,382
2020,12,FORD,Diesel,291
2020,12,FORD,Hybrid (Diesel),19
2020,12,FORD,Hybrid (Petrol),357
2020,12,FORD,PHEV,66
2020,12,FORD,Petrol,461
2020,12,FORD-CNG-TECHNIK,Hybrid (Petrol),14
2020,12,HONDA,BEV,18
2020,12,HONDA,Hybrid (Petrol),167
2020,12,HONDA,Petrol,111
2020,12,HYUNDAI,BEV,175
2020,12,HYUNDAI,Diesel,19
2020,12,HYUNDAI,Hybrid (Diesel),15
2020,12,HYUNDAI,Hybrid (Petrol),246
2020,12,HYUNDAI,Hydrogen,4
2020,12,HYUNDAI,PHEV,3
2020,12,HYUNDAI,Petrol,194
2020,12,JAC,BEV,34
2020,12,JAGUAR,BEV,101
2020,12,JAGUAR,Diesel,4
2020,12,JAGUAR,Petrol,45
2020,12,JEEP,Diesel,81
2020,12,JEEP,PHEV,90
2020,12,JEEP,Petrol,144
2020,12,JUMBOLINO,BEV,1
2020,12,KIA,BEV,55
2020,12,KIA,Diesel,32
2020,12,KIA,Hybrid (Diesel),23
2020,12,KIA,Hybrid (Petrol),65
2020,12,KIA,PHEV,22
2020,12,KIA,Petrol,154
2020,12,LAMBORGHINI,Petrol,9
2020,12,LAND ROVER,Diesel,43
2020,12,LAND ROVER,Hybrid (Diesel),24
2020,12,LAND ROVER,Hybrid (Petrol),59
2020,12,LAND ROVER,PHEV,15
2020,12,LAND ROVER,Petrol,40
2020,12,LEXUS,Hybrid (Petrol),40
2020,12,LOTUS,Petrol,1
2020,12,MAN,Diesel,1
2020,12,MASERATI,Hybrid (Petrol),1
2020,12,MASERATI,Petrol,16
2020,12,MAZDA,BEV,126
2020,12,MAZDA,Diesel,11
2020,12,MAZDA,Hybrid (Petrol),1
2020,12,MAZDA,Petrol,450
2020,12,MC LAREN,Petrol,3
2020,12,MERCEDES-AMG,Hybrid (Petrol),2
2020,12,MERCEDES-AMG,Petrol,4
2020,12,MERCEDES-BENZ,BEV,68
2020,12,MERCEDES-BENZ,Diesel,703
2020,12,MERCEDES-BENZ,Diesel PHEV,47
2020,12,MERCEDES-BENZ,Hybrid (Diesel),12
2020,12,MERCEDES-BENZ,Hybrid (Petrol),340
2020,12,MERCEDES-BENZ,PHEV,87
2020,12,MERCEDES-BENZ,Petrol,1107
2020,12,MINI,BEV,152
2020,12,MINI,Diesel,3
2020,12,MINI,PHEV,142
2020,12,MINI,Petrol,299
2020,12,MITSUBISHI,Diesel,2
2020,12,MITSUBISHI,Hybrid (Petrol),2
2020,12,MITSUBISHI,PHEV,123
2020,12,MITSUBISHI,Petrol,264
2020,12,MORGAN,Petrol,1
2020,12,NISSAN,BEV,162
2020,12,NISSAN,Diesel,22
2020,12,NISSAN,Petrol,112
2020,12,OPEL,BEV,26
2020,12,OPEL,Diesel,95
2020,12,OPEL,PHEV,13
2020,12,OPEL,Petrol,185
2020,12,PEUGEOT,BEV,45
2020,12,PEUGEOT,Diesel,98
2020,12,PEUGEOT,PHEV,19
2020,12,PEUGEOT,Petrol,164
2020,12,POLESTAR,BEV,13
2020,12,POLESTAR,PHEV,2
2020,12,PORSCHE,BEV,71
2020,12,PORSCHE,Hybrid (Petrol),59
2020,12,PORSCHE,Petrol,258
2020,12,PUMA,Hybrid (Petrol),1
2020,12,RENAULT,BEV,505
2020,12,RENAULT,Diesel,119
2020,12,RENAULT,Hybrid (Petrol),116
2020,12,RENAULT,PHEV,100
2020,12,RENAULT,Petrol,306
2020,12,ROLLS ROYCE,Petrol,5
2020,12,SEAT,CNG,9
2020,12,SEAT,Diesel,261
2020,12,SEAT,Hybrid (Petrol),84
2020,12,SEAT,PHEV,44
2020,12,SEAT,Petrol,678
2020,12,SKODA,BEV,87
2020,12,SKODA,CNG,11
2020,12,SKODA,Diesel,747
2020,12,SKODA,Hybrid (Petrol),23
2020,12,SKODA,PHEV,14
2020,12,SKODA,Petrol,1180
2020,12,SMART,BEV,30
2020,12,SUBARU,Hybrid (Petrol),245
2020,12,SUBARU,Petrol,284
2020,12,SUZUKI,Hybrid (Petrol),574
2020,12,SUZUKI,PHEV,55
2020,12,SUZUKI,Petrol,321
2020,12,TESLA,BEV,1812
2020,12,TOYOTA,Diesel,34
2020,12,TOYOTA,Hybrid (Petrol),563
2020,12,TOYOTA,PHEV,23
2020,12,TOYOTA,Petrol,217
2020,12,UEBRIGE (SIEHE TYP),BEV,1
2020,12,UEBRIGE (SIEHE TYP),PHEV,1
2020,12,VOLVO,BEV,93
2020,12,VOLVO,Diesel,56
2020,12,VOLVO,Hybrid (Diesel),143
2020,12,VOLVO,Hybrid (Petrol),240
2020,12,VOLVO,PHEV,457
2020,12,VOLVO,Petrol,128
2020,12,VW,BEV,400
2020,12,VW,CNG,2
2020,12,VW,Diesel,1454
2020,12,VW,Hybrid (Petrol),425
2020,12,VW,PHEV,62
2020,12,VW,Petrol,2041
2021,1,ALFA ROMEO,Diesel,7
2021,1,ALFA ROMEO,Petrol,93
2021,1,ALPINA,Diesel,2
2021,1,ALPINA,Hybrid (Diesel),1
2021,1,ALPINA,Petrol,5
2021,1,ALPINE,Petrol,1
2021,1,ASTON MARTIN,Petrol,23
2021,1,AUDI,BEV,75
2021,1,AUDI,Diesel,207
2021,1,AUDI,Hybrid (Diesel),125
2021,1,AUDI,Hybrid (Petrol),226
2021,1,AUDI,PHEV,25
2021,1,AUDI,Petrol,314
2021,1,BENTLEY,Petrol,17
2021,1,BMW,BEV,29
2021,1,BMW,Diesel,283
2021,1,BMW,Hybrid (Diesel),321
2021,1,BMW,Hybrid (Petrol),83
2021,1,BMW,PHEV,143
2021,1,BMW,Petrol,498
2021,1,CADILLAC,Petrol,9
2021,1,CHEVROLET,Petrol,1
2021,1,CITROEN,BEV,9
2021,1,CITROEN,Diesel,76
2021,1,CITROEN,Hybrid (Petrol),1
2021,1,CITROEN,PHEV,14
2021,1,CITROEN,Petrol,217
2021,1,CUPRA,Petrol,164
2021,1,DACIA,Diesel,41
2021,1,DACIA,Petrol,341
2021,1,DODGE,Petrol,1
2021,1,DS,BEV,8
2021,1,DS,Diesel,6
2021,1,DS,PHEV,20
2021,1,DS,Petrol,6
2021,1,FERRARI,Hybrid (Petrol),1
2021,1,FERRARI,Petrol,19
2021,1,FIAT,BEV,69
2021,1,FIAT,CNG,1
2021,1,FIAT,Diesel,46
2021,1,FIAT,Hybrid (Petrol),36
2021,1,FIAT,Petrol,251
2021,1,FORD,Diesel,169
2021,1,FORD,Hybrid (Diesel),17
2021,1,FORD,Hybrid (Petrol),194
2021,1,FORD,PHEV,43
2021,1,FORD,Petrol,171
2021,1,FORD-CNG-TECHNIK,Hybrid (Petrol),5
2021,1,HONDA,BEV,11
2021,1,HONDA,Hybrid (Petrol),106
2021,1,HONDA,Petrol,44
2021,1,HYUNDAI,BEV,50
2021,1,HYUNDAI,Diesel,18
2021,1,HYUNDAI,Hybrid (Diesel),10
2021,1,HYUNDAI,Hybrid (Petrol),326
2021,1,HYUNDAI,Hydrogen,2
2021,1,HYUNDAI,Petrol,116
2021,1,INFINITI,Diesel,1
2021,1,JAGUAR,BEV,12
2021,1,JAGUAR,Diesel,4
2021,1,JAGUAR,Hybrid (Diesel),2
2021,1,JAGUAR,Hybrid (Petrol),4
2021,1,JAGUAR,Petrol,28
2021,1,JEEP,Diesel,25
2021,1,JEEP,PHEV,66
2021,1,JEEP,Petrol,88
2021,1,KIA,BEV,34
2021,1,KIA,Diesel,12
2021,1,KIA,Hybrid (Diesel),9
2021,1,KIA,Hybrid (Petrol),67
2021,1,KIA,PHEV,16
2021,1,KIA,Petrol,160
2021,1,LAMBORGHINI,Petrol,16
2021,1,LAND ROVER,Diesel,26
2021,1,LAND ROVER,Hybrid (Diesel),64
2021,1,LAND ROVER,Hybrid (Petrol),84
2021,1,LAND ROVER,PHEV,5
2021,1,LAND ROVER,Petrol,45
2021,1,LEXUS,BEV,5
2021,1,LEXUS,Hybrid (Petrol),39
2021,1,LEXUS,Petrol,1
2021,1,LOTUS,Petrol,5
2021,1,MAN,Diesel,12
2021,1,MASERATI,Hybrid (Petrol),8
2021,1,MASERATI,Petrol,18
2021,1,MAZDA,BEV,5
2021,1,MAZDA,Diesel,10
2021,1,MAZDA,Hybrid (Petrol),73
2021,1,MAZDA,Petrol,287
2021,1,MC LAREN,Petrol,4
2021,1,MERCEDES-AMG,Hybrid (Petrol),3
2021,1,MERCEDES-AMG,Petrol,4
2021,1,MERCEDES-BENZ,BEV,24
2021,1,MERCEDES-BENZ,Diesel,482
2021,1,MERCEDES-BENZ,Diesel PHEV,21
2021,1,MERCEDES-BENZ,Hybrid (Diesel),17
2021,1,MERCEDES-BENZ,Hybrid (Petrol),302
2021,1,MERCEDES-BENZ,PHEV,75
2021,1,MERCEDES-BENZ,Petrol,720
2021,1,MINI,BEV,14
2021,1,MINI,Diesel,3
2021,1,MINI,Hybrid (Petrol),10
2021,1,MINI,PHEV,18
2021,1,MINI,Petrol,203
2021,1,MITSUBISHI,BEV,1
2021,1,MITSUBISHI,Diesel,1
2021,1,MITSUBISHI,PHEV,5
2021,1,MITSUBISHI,Petrol,170
2021,1,NISSAN,BEV,7
2021,1,NISSAN,Diesel,40
2021,1,NISSAN,Hybrid (Petrol),1
2021,1,NISSAN,Petrol,97
2021,1,OPEL,BEV,33
2021,1,OPEL,Diesel,66
2021,1,OPEL,PHEV,20
2021,1,OPEL,Petrol,148
2021,1,PEUGEOT,BEV,79
2021,1,PEUGEOT,Diesel,123
2021,1,PEUGEOT,PHEV,49
2021,1,PEUGEOT,Petrol,270
2021,1,POLESTAR,BEV,45
2021,1,POLESTAR,PHEV,1
2021,1,PORSCHE,BEV,44
2021,1,PORSCHE,Hybrid (Petrol),43
2021,1,PORSCHE,Petrol,256
2021,1,RENAULT,BEV,155
2021,1,RENAULT,Diesel,78
2021,1,RENAULT,Hybrid (Petrol),83
2021,1,RENAULT,PHEV,61
2021,1,RENAULT,Petrol,142
2021,1,ROLLS ROYCE,Petrol,2
2021,1,SEAT,BEV,12
2021,1,SEAT,CNG,7
2021,1,SEAT,Diesel,155
2021,1,SEAT,Hybrid (Petrol),53
2021,1,SEAT,PHEV,47
2021,1,SEAT,Petrol,551
2021,1,SKODA,BEV,31
2021,1,SKODA,CNG,9
2021,1,SKODA,Diesel,378
2021,1,SKODA,Hybrid (Petrol),36
2021,1,SKODA,PHEV,2
2021,1,SKODA,Petrol,591
2021,1,SMART,BEV,23
2021,1,SUBARU,Hybrid (Petrol),84
2021,1,SUBARU,Petrol,28
2021,1,SUZUKI,Hybrid (Petrol),247
2021,1,SUZUKI,Petrol,13
2021,1,TESLA,BEV,63
2021,1,TOYOTA,Diesel,45
2021,1,TOYOTA,Hybrid (Petrol),491
2021,1,TOYOTA,PHEV,9
2021,1,TOYOTA,Petrol,233
2021,1,VOLVO,BEV,83
2021,1,VOLVO,Diesel,7
2021,1,VOLVO,Hybrid (Diesel),79
2021,1,VOLVO,Hybrid (Petrol),183
2021,1,VOLVO,PHEV,312
2021,1,VOLVO,Petrol,78
2021,1,VW,BEV,129
2021,1,VW,Diesel,527
2021,1,VW,Hybrid (Petrol),82
2021,1,VW,PHEV,13
2021,1,VW,Petrol,573
2021,2,AIWAYS,BEV,3
2021,2,ALFA ROMEO,Diesel,11
2021,2,ALFA ROMEO,Petrol,85
2021,2,ALPINA,Hybrid (Diesel),1
2021,2,ALPINA,Petrol,4
2021,2,ALPINE,Petrol,6
2021,2,ASTON MARTIN,Petrol,17
2021,2,AUDI,BEV,64
2021,2,AUDI,Diesel,140
2021,2,AUDI,Hybrid (Diesel),152
2021,2,AUDI,Hybrid (Petrol),248
2021,2,AUDI,PHEV,29
2021,2,AUDI,Petrol,372
2021,2,BENTLEY,Petrol,9
2021,2,BMW,BEV,45
2021,2,BMW,Diesel,234
2021,2,BMW,Hybrid (Diesel),305
2021,2,BMW,Hybrid (Petrol),220
2021,2,BMW,PHEV,36
2021,2,BMW,Petrol,454
2021,2,CADILLAC,Petrol,10
2021,2,CITROEN,BEV,53
2021,2,CITROEN,Diesel,74
2021,2,CITROEN,PHEV,12
2021,2,CITROEN,Petrol,122
2021,2,CUPRA,Hybrid (Petrol),2
2021,2,CUPRA,Petrol,337
2021,2,DACIA,Diesel,52
2021,2,DACIA,Petrol,332
2021,2,DODGE,Petrol,3
2021,2,DS,BEV,3
2021,2,DS,Diesel,4
2021,2,DS,PHEV,13
2021,2,DS,Petrol,10
2021,2,FERRARI,Hybrid (Petrol),4
2021,2,FERRARI,Petrol,34
2021,2,FIAT,BEV,91
2021,2,FIAT,CNG,1
2021,2,FIAT,Diesel,26
2021,2,FIAT,Hybrid (Petrol),17
2021,2,FIAT,Petrol,246
2021,2,FORD,BEV,3
2021,2,FORD,Diesel,167
2021,2,FORD,Hybrid (Diesel),11
2021,2,FORD,Hybrid (Petrol),136
2021,2,FORD,PHEV,45
2021,2,FORD,Petrol,248
2021,2,FORD-CNG-TECHNIK,Hybrid (Petrol),6
2021,2,GENESIS,Diesel,4
2021,2,GENESIS,Petrol,1
2021,2,HONDA,BEV,8
2021,2,HONDA,Hybrid (Petrol),124
2021,2,HONDA,Petrol,36
2021,2,HYUNDAI,BEV,49
2021,2,HYUNDAI,Diesel,6
2021,2,HYUNDAI,Hybrid (Diesel),5
2021,2,HYUNDAI,Hybrid (Petrol),318
2021,2,HYUNDAI,Petrol,79
2021,2,JAGUAR,BEV,16
2021,2,JAGUAR,Diesel,5
2021,2,JAGUAR,Hybrid (Diesel),2
2021,2,JAGUAR,Hybrid (Petrol),26
2021,2,JAGUAR,Petrol,28
2021,2,JEEP,Diesel,25
2021,2,JEEP,PHEV,45
2021,2,JEEP,Petrol,87
2021,2,KIA,BEV,30
2021,2,KIA,Diesel,14
2021,2,KIA,Hybrid (Diesel),30
2021,2,KIA,Hybrid (Petrol),57
2021,2,KIA,PHEV,17
2021,2,KIA,Petrol,130
2021,2,LAMBORGHINI,Petrol,14
2021,2,LAND ROVER,Diesel,17
2021,2,LAND ROVER,Hybrid (Diesel),60
2021,2,LAND ROVER,Hybrid (Petrol),51
2021,2,LAND ROVER,PHEV,9
2021,2,LAND ROVER,Petrol,48
2021,2,LEXUS,BEV,6
2021,2,LEXUS,Hybrid (Petrol),24
2021,2,LOTUS,Petrol,2
2021,2,MAN,Diesel,4
2021,2,MASERATI,Diesel,1
2021,2,MASERATI,Hybrid (Petrol),2
2021,2,MASERATI,Petrol,21
2021,2,MAZDA,BEV,6
2021,2,MAZDA,Diesel,2
2021,2,MAZDA,Hybrid (Petrol),66
2021,2,MAZDA,Petrol,242
2021,2,MC LAREN,Petrol,3
2021,2,MERCEDES-AMG,Hybrid (Petrol),6
2021,2,MERCEDES-AMG,Petrol,6
2021,2,MERCEDES-BENZ,BEV,36
2021,2,MERCEDES-BENZ,Diesel,449
2021,2,MERCEDES-BENZ,Diesel PHEV,17
2021,2,MERCEDES-BENZ,Hybrid (Diesel),13
2021,2,MERCEDES-BENZ,Hybrid (Petrol),310
2021,2,MERCEDES-BENZ,PHEV,37
2021,2,MERCEDES-BENZ,Petrol,628
2021,2,MINI,BEV,15
2021,2,MINI,Diesel,6
2021,2,MINI,Hybrid (Petrol),32
2021,2,MINI,PHEV,2
2021,2,MINI,Petrol,204
2021,2,MITSUBISHI,PHEV,12
2021,2,MITSUBISHI,Petrol,135
2021,2,MORGAN,Petrol,2
2021,2,NISSAN,BEV,18
2021,2,NISSAN,Diesel,20
2021,2,NISSAN,Petrol,107
2021,2,OPEL,BEV,35
2021,2,OPEL,Diesel,46
2021,2,OPEL,Hybrid (Petrol),1
2021,2,OPEL,PHEV,38
2021,2,OPEL,Petrol,254
2021,2,PEUGEOT,BEV,66
2021,2,PEUGEOT,Diesel,148
2021,2,PEUGEOT,PHEV,48
2021,2,PEUGEOT,Petrol,420
2021,2,PEUGEOT-DANGEL,Diesel,2
2021,2,POLESTAR,BEV,97
2021,2,PORSCHE,BEV,25
2021,2,PORSCHE,Hybrid (Petrol),32
2021,2,PORSCHE,Petrol,222
2021,2,RENAULT,BEV,208
2021,2,RENAULT,Diesel,58
2021,2,RENAULT,Hybrid (Petrol),166
2021,2,RENAULT,PHEV,96
2021,2,RENAULT,Petrol,128
2021,2,ROLLS ROYCE,Petrol,4
2021,2,SEAT,BEV,31
2021,2,SEAT,CNG,5
2021,2,SEAT,Diesel,149
2021,2,SEAT,Hybrid (Petrol),75
2021,2,SEAT,PHEV,83
2021,2,SEAT,Petrol,514
2021,2,SKODA,BEV,29
2021,2,SKODA,CNG,12
2021,2,SKODA,Diesel,537
2021,2,SKODA,Hybrid (Petrol),54
2021,2,SKODA,PHEV,17
2021,2,SKODA,Petrol,770
2021,2,SMART,BEV,20
2021,2,SSANGYONG,Diesel,1
2021,2,SUBARU,Hybrid (Petrol),79
2021,2,SUBARU,Petrol,23
2021,2,SUZUKI,Hybrid (Petrol),285
2021,2,SUZUKI,Petrol,10
2021,2,TESLA,BEV,173
2021,2,TOYOTA,Diesel,44
2021,2,TOYOTA,Hybrid (Petrol),674
2021,2,TOYOTA,Hydrogen,3
2021,2,TOYOTA,PHEV,6
2021,2,TOYOTA,Petrol,170
2021,2,VOLVO,BEV,62
2021,2,VOLVO,Diesel,9
2021,2,VOLVO,Hybrid (Diesel),53
2021,2,VOLVO,Hybrid (Petrol),109
2021,2,VOLVO,PHEV,220
2021,2,VOLVO,Petrol,82
2021,2,VW,BEV,205
2021,2,VW,CNG,3
2021,2,VW,Diesel,394
2021,2,VW,Hybrid (Petrol),107
2021,2,VW,PHEV,15
2021,2,VW,Petrol,831
2021,3,AIWAYS,BEV,9
2021,3,ALFA ROMEO,Diesel,13
2021,3,ALFA ROMEO,Petrol,132
2021,3,ALPINA,Petrol,3
2021,3,ALPINE,Petrol,8
2021,3,ASTON MARTIN,Petrol,23
2021,3,AUDI,BEV,120
2021,3,AUDI,CNG,1
2021,3,AUDI,Diesel,217
2021,3,AUDI,Hybrid (Diesel),250
2021,3,AUDI,Hybrid (Petrol),409
2021,3,AUDI,PHEV,38
2021,3,AUDI,Petrol,675
2021,3,BENTLEY,Hybrid (Petrol),1
2021,3,BENTLEY,Petrol,18
2021,3,BMW,BEV,71
2021,3,BMW,Diesel,502
2021,3,BMW,Hybrid (Diesel),574
2021,3,BMW,Hybrid (Petrol),433
2021,3,BMW,PHEV,38
2021,3,BMW,Petrol,949
2021,3,CADILLAC,Diesel,14
2021,3,CADILLAC,Petrol,16
2021,3,CAN-AM,Petrol,1
2021,3,CATERHAM,Petrol,1
2021,3,CHEVROLET,Petrol,3
2021,3,CHRYSLER,Petrol,1
2021,3,CITROEN,BEV,16
2021,3,CITROEN,Diesel,58
2021,3,CITROEN,PHEV,23
2021,3,CITROEN,Petrol,181
2021,3,CUPRA,Hybrid (Petrol),18
2021,3,CUPRA,Petrol,302
2021,3,DACIA,Diesel,42
2021,3,DACIA,Petrol,520
2021,3,DODGE,Petrol,3
2021,3,DS,BEV,2
2021,3,DS,Diesel,4
2021,3,DS,PHEV,22
2021,3,DS,Petrol,10
2021,3,FERRARI,Hybrid (Petrol),9
2021,3,FERRARI,Petrol,73
2021,3,FIAT,BEV,138
2021,3,FIAT,CNG,4
2021,3,FIAT,Diesel,30
2021,3,FIAT,Hybrid (Petrol),95
2021,3,FIAT,Petrol,341
2021,3,FORD,Diesel,278
2021,3,FORD,Hybrid (Diesel),22
2021,3,FORD,Hybrid (Petrol),156
2021,3,FORD,PHEV,70
2021,3,FORD,Petrol,342
2021,3,FORD-CNG-TECHNIK,Hybrid (Petrol),9
2021,3,GENESIS,Diesel,3
2021,3,GENESIS,Petrol,2
2021,3,HONDA,BEV,24
2021,3,HONDA,Hybrid (Petrol),191
2021,3,HONDA,Petrol,105
2021,3,HYUNDAI,BEV,101
2021,3,HYUNDAI,Diesel,10
2021,3,HYUNDAI,Hybrid (Diesel),19
2021,3,HYUNDAI,Hybrid (Petrol),548
2021,3,HYUNDAI,Hydrogen,3
2021,3,HYUNDAI,Petrol,137
2021,3,INFINITI,Diesel,1
2021,3,JAGUAR,BEV,19
2021,3,JAGUAR,Diesel,6
2021,3,JAGUAR,Hybrid (Diesel),14
2021,3,JAGUAR,Hybrid (Petrol),25
2021,3,JAGUAR,Petrol,46
2021,3,JEEP,Diesel,33
2021,3,JEEP,Hybrid (Petrol),4
2021,3,JEEP,PHEV,93
2021,3,JEEP,Petrol,155
2021,3,KIA,BEV,43
2021,3,KIA,Diesel,19
2021,3,KIA,Hybrid (Diesel),27
2021,3,KIA,Hybrid (Petrol),100
2021,3,KIA,LPG,1
2021,3,KIA,PHEV,33
2021,3,KIA,Petrol,211
2021,3,LAMBORGHINI,Petrol,34
2021,3,LAND ROVER,Diesel,23
2021,3,LAND ROVER,Hybrid (Diesel),73
2021,3,LAND ROVER,Hybrid (Petrol),110
2021,3,LAND ROVER,PHEV,12
2021,3,LAND ROVER,Petrol,55
2021,3,LEXUS,BEV,5
2021,3,LEXUS,Hybrid (Petrol),35
2021,3,LEXUS,Petrol,2
2021,3,LOTUS,Petrol,2
2021,3,MAN,Diesel,3
2021,3,MASERATI,Hybrid (Petrol),6
2021,3,MASERATI,Petrol,25
2021,3,MAZDA,BEV,3
2021,3,MAZDA,Diesel,9
2021,3,MAZDA,Hybrid (Petrol),76
2021,3,MAZDA,Petrol,359
2021,3,MC LAREN,Hybrid (Petrol),1
2021,3,MC LAREN,Petrol,5
2021,3,MERCEDES-AMG,Hybrid (Petrol),7
2021,3,MERCEDES-AMG,Petrol,17
2021,3,MERCEDES-BENZ,BEV,92
2021,3,MERCEDES-BENZ,Diesel,744
2021,3,MERCEDES-BENZ,Diesel PHEV,31
2021,3,MERCEDES-BENZ,Hybrid (Diesel),19
2021,3,MERCEDES-BENZ,Hybrid (Petrol),377
2021,3,MERCEDES-BENZ,PHEV,85
2021,3,MERCEDES-BENZ,Petrol,1125
2021,3,MINI,BEV,30
2021,3,MINI,Diesel,6
2021,3,MINI,Hybrid (Petrol),51
2021,3,MINI,PHEV,4
2021,3,MINI,Petrol,431
2021,3,MITSUBISHI,BEV,1
2021,3,MITSUBISHI,Diesel,1
2021,3,MITSUBISHI,Hybrid (Petrol),83
2021,3,MITSUBISHI,PHEV,17
2021,3,MITSUBISHI,Petrol,183
2021,3,MORGAN,Petrol,2
2021,3,NISSAN,BEV,66
2021,3,NISSAN,Diesel,56
2021,3,NISSAN,Petrol,270
2021,3,OPEL,BEV,75
2021,3,OPEL,Diesel,84
2021,3,OPEL,Hybrid (Petrol),30
2021,3,OPEL,PHEV,74
2021,3,OPEL,Petrol,458
2021,3,PAGANI,Petrol,1
2021,3,PEUGEOT,BEV,88
2021,3,PEUGEOT,Diesel,96
2021,3,PEUGEOT,PHEV,62
2021,3,PEUGEOT,Petrol,377
2021,3,POLESTAR,BEV,84
2021,3,PORSCHE,BEV,54
2021,3,PORSCHE,Hybrid (Petrol),59
2021,3,PORSCHE,Petrol,403
2021,3,RENAULT,BEV,208
2021,3,RENAULT,Diesel,141
2021,3,RENAULT,Hybrid (Petrol),233
2021,3,RENAULT,PHEV,89
2021,3,RENAULT,Petrol,285
2021,3,ROLLS ROYCE,Petrol,6
2021,3,ROVER,Hybrid (Petrol),1
2021,3,SEAT,BEV,34
2021,3,SEAT,CNG,12
2021,3,SEAT,Diesel,195
2021,3,SEAT,Hybrid (Petrol),62
2021,3,SEAT,PHEV,69
2021,3,SEAT,Petrol,723
2021,3,SKODA,BEV,24
2021,3,SKODA,CNG,7
2021,3,SKODA,Diesel,473
2021,3,SKODA,Hybrid (Petrol),59
2021,3,SKODA,PHEV,23
2021,3,SKODA,Petrol,1132
2021,3,SMART,BEV,33
2021,3,SMART,Petrol,1
2021,3,SSANGYONG,Diesel,3
2021,3,SSANGYONG,Petrol,1
2021,3,SUBARU,Hybrid (Petrol),163
2021,3,SUBARU,Petrol,65
2021,3,SUZUKI,Hybrid (Petrol),603
2021,3,SUZUKI,Petrol,11
2021,3,TESLA,BEV,530
2021,3,TOYOTA,Diesel,75
2021,3,TOYOTA,Hybrid (Petrol),546
2021,3,TOYOTA,Hydrogen,7
2021,3,TOYOTA,PHEV,12
2021,3,TOYOTA,Petrol,261
2021,3,VOLVO,BEV,67
2021,3,VOLVO,Diesel,15
2021,3,VOLVO,Hybrid (Diesel),92
2021,3,VOLVO,Hybrid (Petrol),177
2021,3,VOLVO,PHEV,359
2021,3,VOLVO,Petrol,124
2021,3,VW,BEV,387
2021,3,VW,CNG,3
2021,3,VW,Diesel,780
2021,3,VW,Hybrid (Petrol),228
2021,3,VW,PHEV,35
2021,3,VW,Petrol,1186
2021,4,AIWAYS,BEV,1
2021,4,ALFA ROMEO,Diesel,13
2021,4,ALFA ROMEO,Petrol,127
2021,4,ALPINA,Diesel,3
2021,4,ALPINA,Petrol,8
2021,4,ALPINE,Petrol,12
2021,4,ASTON MARTIN,Petrol,15
2021,4,AUDI,BEV,95
2021,4,AUDI,CNG,5
2021,4,AUDI,Diesel,165
2021,4,AUDI,Hybrid (Diesel),320
2021,4,AUDI,Hybrid (Petrol),501
2021,4,AUDI,PHEV,25
2021,4,AUDI,Petrol,695
2021,4,BENTLEY,Petrol,15
2021,4,BMW,BEV,93
2021,4,BMW,Diesel,306
2021,4,BMW,Hybrid (Diesel),376
2021,4,BMW,Hybrid (Petrol),424
2021,4,BMW,PHEV,18
2021,4,BMW,Petrol,665
2021,4,BUGATTI,Petrol,4
2021,4,CADILLAC,Petrol,10
2021,4,CATERHAM,Petrol,1
2021,4,CHEVROLET,Petrol,3
2021,4,CITROEN,BEV,12
2021,4,CITROEN,Diesel,47
2021,4,CITROEN,PHEV,25
2021,4,CITROEN,Petrol,192
2021,4,CLUB CAR,BEV,1
2021,4,CUPRA,Hybrid (Petrol),47
2021,4,CUPRA,Petrol,273
2021,4,DACIA,Diesel,17
2021,4,DACIA,Petrol,279
2021,4,DFSK,BEV,1
2021,4,DODGE,Petrol,2
2021,4,DS,BEV,3
2021,4,DS,Diesel,7
2021,4,DS,PHEV,8
2021,4,DS,Petrol,10
2021,4,FERRARI,Hybrid (Petrol),10
2021,4,FERRARI,Petrol,55
2021,4,FIAT,BEV,131
2021,4,FIAT,Diesel,14
2021,4,FIAT,Hybrid (Petrol),87
2021,4,FIAT,Petrol,339
2021,4,FORD,Diesel,223
2021,4,FORD,Hybrid (Diesel),14
2021,4,FORD,Hybrid (Petrol),130
2021,4,FORD,PHEV,85
2021,4,FORD,Petrol,253
2021,4,FORD-CNG-TECHNIK,Hybrid (Petrol),3
2021,4,HONDA,BEV,17
2021,4,HONDA,Hybrid (Petrol),121
2021,4,HONDA,Petrol,41
2021,4,HYUNDAI,BEV,82
2021,4,HYUNDAI,Diesel,7
2021,4,HYUNDAI,Hybrid (Diesel),17
2021,4,HYUNDAI,Hybrid (Petrol),394
2021,4,HYUNDAI,Hydrogen,2
2021,4,HYUNDAI,PHEV,3
2021,4,HYUNDAI,Petrol,180
2021,4,JAGUAR,BEV,13
2021,4,JAGUAR,Diesel,1
2021,4,JAGUAR,Hybrid (Diesel),12
2021,4,JAGUAR,Hybrid (Petrol),53
2021,4,JAGUAR,Petrol,43
2021,4,JEEP,Diesel,31
2021,4,JEEP,Hybrid (Petrol),40
2021,4,JEEP,PHEV,42
2021,4,JEEP,Petrol,187
2021,4,KIA,BEV,31
2021,4,KIA,Diesel,21
2021,4,KIA,Hybrid (Diesel),24
2021,4,KIA,Hybrid (Petrol),91
2021,4,KIA,PHEV,12
2021,4,KIA,Petrol,247
2021,4,LAMBORGHINI,Petrol,26
2021,4,LAND ROVER,Diesel,16
2021,4,LAND ROVER,Hybrid (Diesel),77
2021,4,LAND ROVER,Hybrid (Petrol),124
2021,4,LAND ROVER,PHEV,18
2021,4,LAND ROVER,Petrol,30
2021,4,LEXUS,BEV,4
2021,4,LEXUS,Hybrid (Petrol),31
2021,4,LEXUS,Petrol,1
2021,4,LOTUS,Petrol,5
2021,4,MASERATI,Hybrid (Petrol),5
2021,4,MASERATI,Petrol,18
2021,4,MAZDA,BEV,5
2021,4,MAZDA,Diesel,2
2021,4,MAZDA,Hybrid (Petrol),62
2021,4,MAZDA,Petrol,370
2021,4,MC LAREN,Petrol,6
2021,4,MERCEDES-AMG,Hybrid (Petrol),3
2021,4,MERCEDES-AMG,Petrol,19
2021,4,MERCEDES-BENZ,BEV,154
2021,4,MERCEDES-BENZ,Diesel,745
2021,4,MERCEDES-BENZ,Diesel PHEV,20
2021,4,MERCEDES-BENZ,Hybrid (Diesel),16
2021,4,MERCEDES-BENZ,Hybrid (Petrol),356
2021,4,MERCEDES-BENZ,PHEV,109
2021,4,MERCEDES-BENZ,Petrol,1058
2021,4,MINI,BEV,49
2021,4,MINI,Diesel,1
2021,4,MINI,Hybrid (Petrol),54
2021,4,MINI,PHEV,2
2021,4,MINI,Petrol,386
2021,4,MITSUBISHI,BEV,2
2021,4,MITSUBISHI,Hybrid (Petrol),9
2021,4,MITSUBISHI,PHEV,18
2021,4,MITSUBISHI,Petrol,172
2021,4,MORGAN,Petrol,2
2021,4,NISSAN,BEV,33
2021,4,NISSAN,Diesel,31
2021,4,NISSAN,Petrol,162
2021,4,OPEL,BEV,112
2021,4,OPEL,Diesel,65
2021,4,OPEL,Hybrid (Petrol),20
2021,4,OPEL,PHEV,5
2021,4,OPEL,Petrol,275
2021,4,PEUGEOT,BEV,59
2021,4,PEUGEOT,Diesel,92
2021,4,PEUGEOT,PHEV,69
2021,4,PEUGEOT,Petrol,316
2021,4,POLESTAR,BEV,72
2021,4,PORSCHE,BEV,34
2021,4,PORSCHE,Hybrid (Petrol),45
2021,4,PORSCHE,Petrol,227
2021,4,RENAULT,BEV,181
2021,4,RENAULT,Diesel,68
2021,4,RENAULT,Hybrid (Petrol),165
2021,4,RENAULT,PHEV,83
2021,4,RENAULT,Petrol,230
2021,4,ROLLS ROYCE,Petrol,3
2021,4,ROVER,Petrol,1
2021,4,SEAT,BEV,23
2021,4,SEAT,CNG,13
2021,4,SEAT,Diesel,179
2021,4,SEAT,Hybrid (Petrol),49
2021,4,SEAT,LPG,1
2021,4,SEAT,PHEV,90
2021,4,SEAT,Petrol,635
2021,4,SKODA,BEV,83
2021,4,SKODA,CNG,7
2021,4,SKODA,Diesel,642
2021,4,SKODA,Hybrid (Petrol),118
2021,4,SKODA,PHEV,32
2021,4,SKODA,Petrol,948
2021,4,SMART,BEV,31
2021,4,SSANGYONG,Petrol,3
2021,4,SUBARU,Hybrid (Petrol),129
2021,4,SUBARU,Petrol,19
2021,4,SUZUKI,Hybrid (Petrol),701
2021,4,SUZUKI,Petrol,13
2021,4,TESLA,BEV,69
2021,4,TOYOTA,Diesel,50
2021,4,TOYOTA,Hybrid (Petrol),649
2021,4,TOYOTA,Hydrogen,3
2021,4,TOYOTA,PHEV,108
2021,4,TOYOTA,Petrol,200
2021,4,UEBRIGE (SIEHE TYP),BEV,1
2021,4,UEBRIGE (SIEHE TYP),LPG,1
2021,4,VOLVO,BEV,65
2021,4,VOLVO,Diesel,3
2021,4,VOLVO,Hybrid (Diesel),78
2021,4,VOLVO,Hybrid (Petrol),168
2021,4,VOLVO,PHEV,296
2021,4,VOLVO,Petrol,96
2021,4,VW,BEV,512
2021,4,VW,CNG,4
2021,4,VW,Diesel,553
2021,4,VW,Hybrid (Petrol),150
2021,4,VW,PHEV,15
2021,4,VW,Petrol,1061
2021,5,ALFA ROMEO,Diesel,6
2021,5,ALFA ROMEO,Petrol,129
2021,5,ALPINA,Diesel,2
2021,5,ALPINA,Petrol,1
2021,5,ALPINE,Petrol,7
2021,5,ASTON MARTIN,Petrol,11
2021,5,AUDI,BEV,177
2021,5,AUDI,CNG,3
2021,5,AUDI,Diesel,170
2021,5,AUDI,Hybrid (Diesel),264
2021,5,AUDI,Hybrid (Petrol),558
2021,5,AUDI,PHEV,21
2021,5,AUDI,Petrol,586
2021,5,BENTLEY,Petrol,12
2021,5,BMW,BEV,65
2021,5,BMW,Diesel,335
2021,5,BMW,Hybrid (Diesel),362
2021,5,BMW,Hybrid (Petrol),481
2021,5,BMW,PHEV,32
2021,5,BMW,Petrol,570
2021,5,CADILLAC,Diesel,2
2021,5,CADILLAC,Petrol,9
2021,5,CATERHAM,Petrol,1
2021,5,CHEVROLET,Petrol,7
2021,5,CHRYSLER,Petrol,1
2021,5,CITROEN,BEV,22
2021,5,CITROEN,Diesel,69
2021,5,CITROEN,PHEV,18
2021,5,CITROEN,Petrol,234
2021,5,CUPRA,Hybrid (Petrol),64
2021,5,CUPRA,Petrol,146
2021,5,DACIA,BEV,2
2021,5,DACIA,Diesel,19
2021,5,DACIA,Petrol,295
2021,5,DODGE,Petrol,1
2021,5,DS,BEV,4
2021,5,DS,Diesel,6
2021,5,DS,PHEV,18
2021,5,DS,Petrol,15
2021,5,FERRARI,Hybrid (Petrol),8
2021,5,FERRARI,Petrol,43
2021,5,FIAT,BEV,137
2021,5,FIAT,Diesel,16
2021,5,FIAT,Hybrid (Petrol),94
2021,5,FIAT,Petrol,229
2021,5,FORD,BEV,72
2021,5,FORD,Diesel,160
2021,5,FORD,Hybrid (Diesel),9
2021,5,FORD,Hybrid (Petrol),138
2021,5,FORD,PHEV,101
2021,5,FORD,Petrol,212
2021,5,FORD-CNG-TECHNIK,Hybrid (Petrol),8
2021,5,GENESIS,Diesel,1
2021,5,HONDA,BEV,16
2021,5,HONDA,Hybrid (Petrol),126
2021,5,HONDA,Petrol,42
2021,5,HYUNDAI,BEV,86
2021,5,HYUNDAI,Diesel,13
2021,5,HYUNDAI,Hybrid (Diesel),15
2021,5,HYUNDAI,Hybrid (Petrol),286
2021,5,HYUNDAI,Hydrogen,2
2021,5,HYUNDAI,PHEV,2
2021,5,HYUNDAI,Petrol,146
2021,5,JAGUAR,BEV,13
2021,5,JAGUAR,Diesel,3
2021,5,JAGUAR,Hybrid (Diesel),10
2021,5,JAGUAR,Hybrid (Petrol),46
2021,5,JAGUAR,Petrol,30
2021,5,JEEP,Diesel,23
2021,5,JEEP,Hybrid (Petrol),72
2021,5,JEEP,PHEV,40
2021,5,JEEP,Petrol,155
2021,5,KIA,BEV,47
2021,5,KIA,Diesel,37
2021,5,KIA,Hybrid (Diesel),24
2021,5,KIA,Hybrid (Petrol),104
2021,5,KIA,PHEV,29
2021,5,KIA,Petrol,176
2021,5,LAMBORGHINI,Petrol,16
2021,5,LAND ROVER,Diesel,10
2021,5,LAND ROVER,Hybrid (Diesel),42
2021,5,LAND ROVER,Hybrid (Petrol),65
2021,5,LAND ROVER,PHEV,9
2021,5,LAND ROVER,Petrol,33
2021,5,LEXUS,Hybrid (Petrol),30
2021,5,LEXUS,Petrol,1
2021,5,LOTUS,Petrol,7
2021,5,MASERATI,Hybrid (Petrol),1
2021,5,MASERATI,Petrol,12
2021,5,MAZDA,BEV,9
2021,5,MAZDA,Diesel,20
2021,5,MAZDA,Hybrid (Petrol),114
2021,5,MAZDA,Petrol,304
2021,5,MC LAREN,Hybrid (Petrol),1
2021,5,MC LAREN,Petrol,5
2021,5,MERCEDES-AMG,Hybrid (Petrol),6
2021,5,MERCEDES-AMG,Petrol,7
2021,5,MERCEDES-BENZ,BEV,95
2021,5,MERCEDES-BENZ,Diesel,563
2021,5,MERCEDES-BENZ,Diesel PHEV,28
2021,5,MERCEDES-BENZ,Hybrid (Diesel),23
2021,5,MERCEDES-BENZ,Hybrid (Petrol),255
2021,5,MERCEDES-BENZ,PHEV,56
2021,5,MERCEDES-BENZ,Petrol,746
2021,5,MINI,BEV,31
2021,5,MINI,Diesel,6
2021,5,MINI,Hybrid (Petrol),41
2021,5,MINI,PHEV,1
2021,5,MINI,Petrol,322
2021,5,MITSUBISHI,Hybrid (Petrol),5
2021,5,MITSUBISHI,PHEV,14
2021,5,MITSUBISHI,Petrol,122
2021,5,MORGAN,Petrol,1
2021,5,NISSAN,BEV,20
2021,5,NISSAN,Diesel,25
2021,5,NISSAN,Hybrid (Petrol),1
2021,5,NISSAN,Petrol,99
2021,5,OPEL,BEV,63
2021,5,OPEL,Diesel,46
2021,5,OPEL,Hybrid (Petrol),10
2021,5,OPEL,PHEV,5
2021,5,OPEL,Petrol,204
2021,5,PEUGEOT,BEV,61
2021,5,PEUGEOT,Diesel,62
2021,5,PEUGEOT,PHEV,42
2021,5,PEUGEOT,Petrol,270
2021,5,POLESTAR,BEV,49
2021,5,POLESTAR,PHEV,2
2021,5,PORSCHE,BEV,35
2021,5,PORSCHE,Hybrid (Petrol),55
2021,5,PORSCHE,Petrol,275
2021,5,RENAULT,BEV,158
2021,5,RENAULT,Diesel,96
2021,5,RENAULT,Hybrid (Petrol),136
2021,5,RENAULT,PHEV,44
2021,5,RENAULT,Petrol,206
2021,5,ROLLS ROYCE,Petrol,1
2021,5,SEAT,BEV,16
2021,5,SEAT,CNG,19
2021,5,SEAT,Diesel,147
2021,5,SEAT,Hybrid (Petrol),28
2021,5,SEAT,PHEV,95
2021,5,SEAT,Petrol,542
2021,5,SKODA,BEV,131
2021,5,SKODA,CNG,1
2021,5,SKODA,Diesel,720
2021,5,SKODA,Hybrid (Petrol),78
2021,5,SKODA,PHEV,29
2021,5,SKODA,Petrol,1053
2021,5,SMART,BEV,40
2021,5,SSANGYONG,Diesel,1
2021,5,SSANGYONG,Petrol,1
2021,5,SUBARU,Hybrid (Petrol),82
2021,5,SUBARU,Petrol,49
2021,5,SUZUKI,Hybrid (Petrol),437
2021,5,SUZUKI,PHEV,19
2021,5,SUZUKI,Petrol,10
2021,5,TESLA,BEV,143
2021,5,TOYOTA,Diesel,56
2021,5,TOYOTA,Hybrid (Petrol),477
2021,5,TOYOTA,PHEV,82
2021,5,TOYOTA,Petrol,167
2021,5,UEBRIGE (SIEHE TYP),LPG,1
2021,5,VOLVO,BEV,75
2021,5,VOLVO,Hybrid (Diesel),56
2021,5,VOLVO,Hybrid (Petrol),154
2021,5,VOLVO,PHEV,242
2021,5,VOLVO,Petrol,93
2021,5,VW,BEV,355
2021,5,VW,CNG,1
2021,5,VW,Diesel,585
2021,5,VW,Hybrid (Petrol),223
2021,5,VW,PHEV,54
2021,5,VW,Petrol,1256
2021,6,AIWAYS,BEV,1
2021,6,ALFA ROMEO,Diesel,5
2021,6,ALFA ROMEO,Petrol,153
2021,6,ALPINA,Diesel,8
2021,6,ALPINA,Hybrid (Diesel),1
2021,6,ALPINA,Petrol,7
2021,6,ALPINE,Petrol,9
2021,6,ASTON MARTIN,Petrol,15
2021,6,AUDI,BEV,206
2021,6,AUDI,CNG,3
2021,6,AUDI,Diesel,183
2021,6,AUDI,Hybrid (Diesel),385
2021,6,AUDI,Hybrid (Petrol),560
2021,6,AUDI,PHEV,30
2021,6,AUDI,Petrol,597
2021,6,BENTLEY,Petrol,9
2021,6,BMW,BEV,187
2021,6,BMW,Diesel,277
2021,6,BMW,Hybrid (Diesel),432
2021,6,BMW,Hybrid (Petrol),564
2021,6,BMW,PHEV,32
2021,6,BMW,Petrol,665
2021,6,BUGATTI,Petrol,2
2021,6,CADILLAC,Petrol,10
2021,6,CATERHAM,Petrol,3
2021,6,CHEVROLET,Petrol,2
2021,6,CITROEN,BEV,20
2021,6,CITROEN,Diesel,49
2021,6,CITROEN,PHEV,17
2021,6,CITROEN,Petrol,296
2021,6,CITROEN-DANGEL,Diesel,1
2021,6,CUPRA,Hybrid (Petrol),78
2021,6,CUPRA,PHEV,1
2021,6,CUPRA,Petrol,183
2021,6,DACIA,BEV,47
2021,6,DACIA,Diesel,38
2021,6,DACIA,Petrol,629
2021,6,DODGE,Petrol,4
2021,6,DS,BEV,2
2021,6,DS,Diesel,5
2021,6,DS,PHEV,19
2021,6,DS,Petrol,8
2021,6,FERRARI,Hybrid (Petrol),10
2021,6,FERRARI,Petrol,45
2021,6,FIAT,BEV,154
2021,6,FIAT,CNG,2
2021,6,FIAT,Diesel,33
2021,6,FIAT,Hybrid (Petrol),189
2021,6,FIAT,Petrol,318
2021,6,FORD,BEV,82
2021,6,FORD,Diesel,188
2021,6,FORD,Hybrid (Diesel),5
2021,6,FORD,Hybrid (Petrol),359
2021,6,FORD,PHEV,70
2021,6,FORD,Petrol,206
2021,6,FORD-CNG-TECHNIK,Hybrid (Petrol),11
2021,6,GENESIS,Diesel,5
2021,6,GENESIS,Petrol,6
2021,6,HONDA,BEV,21
2021,6,HONDA,Hybrid (Petrol),200
2021,6,HONDA,Petrol,50
2021,6,HYUNDAI,BEV,104
2021,6,HYUNDAI,Diesel,8
2021,6,HYUNDAI,Hybrid (Diesel),7
2021,6,HYUNDAI,Hybrid (Petrol),429
2021,6,HYUNDAI,Hydrogen,2
2021,6,HYUNDAI,PHEV,1
2021,6,HYUNDAI,Petrol,138
2021,6,JAGUAR,BEV,17
2021,6,JAGUAR,Diesel,3
2021,6,JAGUAR,Hybrid (Diesel),12
2021,6,JAGUAR,Hybrid (Petrol),41
2021,6,JAGUAR,Petrol,42
2021,6,JEEP,Diesel,21
2021,6,JEEP,Hybrid (Petrol),109
2021,6,JEEP,PHEV,42
2021,6,JEEP,Petrol,152
2021,6,KIA,BEV,43
2021,6,KIA,Diesel,22
2021,6,KIA,Hybrid (Diesel),25
2021,6,KIA,Hybrid (Petrol),95
2021,6,KIA,PHEV,48
2021,6,KIA,Petrol,180
2021,6,LAMBORGHINI,Hybrid (Petrol),1
2021,6,LAMBORGHINI,Petrol,22
2021,6,LAND ROVER,Diesel,28
2021,6,LAND ROVER,Hybrid (Diesel),66
2021,6,LAND ROVER,Hybrid (Petrol),84
2021,6,LAND ROVER,PHEV,17
2021,6,LAND ROVER,Petrol,39
2021,6,LEXUS,BEV,2
2021,6,LEXUS,Hybrid (Petrol),35
2021,6,LEXUS,Petrol,1
2021,6,LOTUS,Petrol,14
2021,6,MASERATI,Hybrid (Petrol),2
2021,6,MASERATI,Petrol,13
2021,6,MAZDA,BEV,1
2021,6,MAZDA,Diesel,29
2021,6,MAZDA,Hybrid (Petrol),107
2021,6,MAZDA,Petrol,428
2021,6,MC LAREN,Petrol,9
2021,6,MERCEDES-AMG,Hybrid (Petrol),4
2021,6,MERCEDES-AMG,Petrol,16
2021,6,MERCEDES-BENZ,BEV,112
2021,6,MERCEDES-BENZ,Diesel,663
2021,6,MERCEDES-BENZ,Diesel PHEV,40
2021,6,MERCEDES-BENZ,Hybrid (Diesel),52
2021,6,MERCEDES-BENZ,Hybrid (Petrol),359
2021,6,MERCEDES-BENZ,PHEV,76
2021,6,MERCEDES-BENZ,Petrol,721
2021,6,MINI,BEV,36
2021,6,MINI,Diesel,2
2021,6,MINI,Hybrid (Petrol),42
2021,6,MINI,Petrol,418
2021,6,MITSUBISHI,BEV,1
2021,6,MITSUBISHI,Hybrid (Petrol),20
2021,6,MITSUBISHI,PHEV,48
2021,6,MITSUBISHI,Petrol,190
2021,6,MORGAN,Petrol,1
2021,6,NISSAN,BEV,32
2021,6,NISSAN,Diesel,25
2021,6,NISSAN,Hybrid (Petrol),3
2021,6,NISSAN,Petrol,103
2021,6,OPEL,BEV,68
2021,6,OPEL,Diesel,68
2021,6,OPEL,Hybrid (Petrol),9
2021,6,OPEL,PHEV,9
2021,6,OPEL,Petrol,325
2021,6,OPEL-DANGEL,Diesel,1
2021,6,PEUGEOT,BEV,82
2021,6,PEUGEOT,Diesel,172
2021,6,PEUGEOT,PHEV,49
2021,6,PEUGEOT,Petrol,433
2021,6,POLESTAR,BEV,96
2021,6,POLESTAR,PHEV,1
2021,6,PORSCHE,BEV,28
2021,6,PORSCHE,Hybrid (Petrol),42
2021,6,PORSCHE,Petrol,297
2021,6,RENAULT,BEV,193
2021,6,RENAULT,Diesel,118
2021,6,RENAULT,Hybrid (Petrol),211
2021,6,RENAULT,PHEV,91
2021,6,RENAULT,Petrol,300
2021,6,ROLLS ROYCE,Petrol,3
2021,6,SEAT,BEV,21
2021,6,SEAT,CNG,12
2021,6,SEAT,Diesel,206
2021,6,SEAT,Hybrid (Petrol),92
2021,6,SEAT,PHEV,99
2021,6,SEAT,Petrol,823
2021,6,SKODA,BEV,175
2021,6,SKODA,CNG,9
2021,6,SKODA,Diesel,616
2021,6,SKODA,Hybrid (Petrol),62
2021,6,SKODA,PHEV,45
2021,6,SKODA,Petrol,841
2021,6,SMART,BEV,31
2021,6,SSANGYONG,Petrol,2
2021,6,SUBARU,Hybrid (Petrol),117
2021,6,SUBARU,Petrol,139
2021,6,SUZUKI,Hybrid (Petrol),524
2021,6,SUZUKI,PHEV,14
2021,6,SUZUKI,Petrol,10
2021,6,TESLA,BEV,1298
2021,6,TOYOTA,Diesel,47
2021,6,TOYOTA,Hybrid (Petrol),663
2021,6,TOYOTA,Hydrogen,7
2021,6,TOYOTA,PHEV,90
2021,6,TOYOTA,Petrol,217
2021,6,VOLVO,BEV,101
2021,6,VOLVO,Diesel,3
2021,6,VOLVO,Hybrid (Diesel),78
2021,6,VOLVO,Hybrid (Petrol),138
2021,6,VOLVO,PHEV,291
2021,6,VOLVO,Petrol,97
2021,6,VW,BEV,530
2021,6,VW,CNG,3
2021,6,VW,Diesel,667
2021,6,VW,Hybrid (Petrol),299
2021,6,VW,PHEV,51
2021,6,VW,Petrol,1910
2021,7,AIWAYS,BEV,13
2021,7,ALFA ROMEO,Diesel,7
2021,7,ALFA ROMEO,Petrol,97
2021,7,ALPINA,Petrol,4
2021,7,ALPINE,Petrol,5
2021,7,ASTON MARTIN,Petrol,16
2021,7,AUDI,BEV,150
2021,7,AUDI,Diesel,119
2021,7,AUDI,Hybrid (Diesel),275
2021,7,AUDI,Hybrid (Petrol),410
2021,7,AUDI,PHEV,14
2021,7,AUDI,Petrol,387
2021,7,AUSTIN,Petrol,1
2021,7,BENTLEY,Petrol,7
2021,7,BMW,BEV,74
2021,7,BMW,Diesel,259
2021,7,BMW,Hybrid (Diesel),405
2021,7,BMW,Hybrid (Petrol),377
2021,7,BMW,PHEV,4
2021,7,BMW,Petrol,577
2021,7,BUGATTI,Petrol,1
2021,7,CADILLAC,Diesel,2
2021,7,CADILLAC,Petrol,6
2021,7,CHEVROLET,Petrol,5
2021,7,CITROEN,BEV,12
2021,7,CITROEN,Diesel,24
2021,7,CITROEN,PHEV,14
2021,7,CITROEN,Petrol,165
2021,7,CUPRA,Hybrid (Petrol),70
2021,7,CUPRA,PHEV,2
2021,7,CUPRA,Petrol,126
2021,7,DACIA,BEV,8
2021,7,DACIA,Diesel,53
2021,7,DACIA,Petrol,559
2021,7,DODGE,Petrol,12
2021,7,DS,BEV,5
2021,7,DS,PHEV,10
2021,7,DS,Petrol,8
2021,7,FERRARI,Hybrid (Petrol),6
2021,7,FERRARI,Petrol,48
2021,7,FIAT,BEV,131
2021,7,FIAT,CNG,1
2021,7,FIAT,Diesel,28
2021,7,FIAT,Hybrid (Petrol),114
2021,7,FIAT,Petrol,163
2021,7,FORD,BEV,80
2021,7,FORD,Diesel,132
2021,7,FORD,Hybrid (Diesel),7
2021,7,FORD,Hybrid (Petrol),277
2021,7,FORD,PHEV,86
2021,7,FORD,Petrol,112
2021,7,FORD-CNG-TECHNIK,Hybrid (Petrol),22
2021,7,GENESIS,Diesel,7
2021,7,GENESIS,Petrol,11
2021,7,HONDA,BEV,12
2021,7,HONDA,Hybrid (Petrol),108
2021,7,HONDA,Petrol,37
2021,7,HYUNDAI,BEV,139
2021,7,HYUNDAI,Diesel,17
2021,7,HYUNDAI,Hybrid (Diesel),6
2021,7,HYUNDAI,Hybrid (Petrol),407
2021,7,HYUNDAI,PHEV,3
2021,7,HYUNDAI,Petrol,98
2021,7,JAGUAR,BEV,18
2021,7,JAGUAR,Diesel,1
2021,7,JAGUAR,Hybrid (Diesel),6
2021,7,JAGUAR,Hybrid (Petrol),38
2021,7,JAGUAR,Petrol,22
2021,7,JEEP,Diesel,25
2021,7,JEEP,Hybrid (Petrol),86
2021,7,JEEP,PHEV,37
2021,7,JEEP,Petrol,85
2021,7,KIA,BEV,26
2021,7,KIA,Diesel,14
2021,7,KIA,Hybrid (Diesel),14
2021,7,KIA,Hybrid (Petrol),90
2021,7,KIA,PHEV,34
2021,7,KIA,Petrol,177
2021,7,LAMBORGHINI,Hybrid (Petrol),1
2021,7,LAMBORGHINI,Petrol,15
2021,7,LAND ROVER,Diesel,16
2021,7,LAND ROVER,Hybrid (Diesel),59
2021,7,LAND ROVER,Hybrid (Petrol),85
2021,7,LAND ROVER,PHEV,6
2021,7,LAND ROVER,Petrol,23
2021,7,LEXUS,BEV,3
2021,7,LEXUS,Hybrid (Petrol),35
2021,7,LEXUS,Petrol,3
2021,7,LOTUS,Petrol,7
2021,7,MASERATI,Hybrid (Petrol),4
2021,7,MASERATI,Petrol,27
2021,7,MAZDA,BEV,11
2021,7,MAZDA,Diesel,9
2021,7,MAZDA,Hybrid (Petrol),111
2021,7,MAZDA,Petrol,368
2021,7,MC LAREN,Petrol,5
2021,7,MERCEDES-AMG,Hybrid (Petrol),7
2021,7,MERCEDES-AMG,Petrol,9
2021,7,MERCEDES-BENZ,BEV,147
2021,7,MERCEDES-BENZ,Diesel,483
2021,7,MERCEDES-BENZ,Diesel PHEV,33
2021,7,MERCEDES-BENZ,Hybrid (Diesel),48
2021,7,MERCEDES-BENZ,Hybrid (Petrol),325
2021,7,MERCEDES-BENZ,PHEV,58
2021,7,MERCEDES-BENZ,Petrol,697
2021,7,MINI,BEV,44
2021,7,MINI,Hybrid (Petrol),41
2021,7,MINI,PHEV,1
2021,7,MINI,Petrol,308
2021,7,MITSUBISHI,BEV,1
2021,7,MITSUBISHI,Hybrid (Petrol),17
2021,7,MITSUBISHI,PHEV,57
2021,7,MITSUBISHI,Petrol,198
2021,7,MORGAN,Petrol,6
2021,7,MUSTANG,Petrol,1
2021,7,NISSAN,BEV,39
2021,7,NISSAN,Diesel,13
2021,7,NISSAN,Hybrid (Petrol),59
2021,7,NISSAN,Petrol,101
2021,7,OPEL,BEV,36
2021,7,OPEL,Diesel,74
2021,7,OPEL,Hybrid (Petrol),5
2021,7,OPEL,PHEV,7
2021,7,OPEL,Petrol,281
2021,7,PEUGEOT,BEV,127
2021,7,PEUGEOT,Diesel,120
2021,7,PEUGEOT,PHEV,53
2021,7,PEUGEOT,Petrol,350
2021,7,POLESTAR,BEV,48
2021,7,POLESTAR,PHEV,1
2021,7,PORSCHE,BEV,45
2021,7,PORSCHE,Hybrid (Petrol),38
2021,7,PORSCHE,Petrol,256
2021,7,RENAULT,BEV,128
2021,7,RENAULT,Diesel,66
2021,7,RENAULT,Hybrid (Petrol),142
2021,7,RENAULT,PHEV,44
2021,7,RENAULT,Petrol,230
2021,7,ROLLS ROYCE,Petrol,3
2021,7,SEAT,BEV,31
2021,7,SEAT,CNG,5
2021,7,SEAT,Diesel,146
2021,7,SEAT,Hybrid (Petrol),43
2021,7,SEAT,PHEV,72
2021,7,SEAT,Petrol,614
2021,7,SKODA,BEV,146
2021,7,SKODA,CNG,6
2021,7,SKODA,Diesel,371
2021,7,SKODA,Hybrid (Petrol),60
2021,7,SKODA,PHEV,47
2021,7,SKODA,Petrol,831
2021,7,SMART,BEV,16
2021,7,SSANGYONG,Diesel,1
2021,7,SSANGYONG,Petrol,1
2021,7,STIMBO,BEV,1
2021,7,SUBARU,Hybrid (Petrol),64
2021,7,SUBARU,Petrol,22
2021,7,SUZUKI,Hybrid (Petrol),291
2021,7,SUZUKI,PHEV,4
2021,7,SUZUKI,Petrol,8
2021,7,TESLA,BEV,16
2021,7,TOYOTA,Diesel,36
2021,7,TOYOTA,Hybrid (Petrol),625
2021,7,TOYOTA,Hydrogen,9
2021,7,TOYOTA,PHEV,53
2021,7,TOYOTA,Petrol,237
2021,7,VOLVO,BEV,102
2021,7,VOLVO,Diesel,1
2021,7,VOLVO,Hybrid (Diesel),67
2021,7,VOLVO,Hybrid (Petrol),197
2021,7,VOLVO,PHEV,247
2021,7,VOLVO,Petrol,49
2021,7,VW,BEV,223
2021,7,VW,Diesel,567
2021,7,VW,Hybrid (Petrol),144
2021,7,VW,PHEV,27
2021,7,VW,Petrol,1322
2021,8,AIWAYS,BEV,3
2021,8,ALFA ROMEO,Diesel,4
2021,8,ALFA ROMEO,Petrol,66
2021,8,ALPINA,Diesel,2
2021,8,ALPINA,Hybrid (Diesel),2
2021,8,ALPINA,Petrol,8
2021,8,ALPINE,Petrol,16
2021,8,ASTON MARTIN,Petrol,12
2021,8,AUDI,BEV,193
2021,8,AUDI,CNG,1
2021,8,AUDI,Diesel,96
2021,8,AUDI,Hybrid (Diesel),243
2021,8,AUDI,Hybrid (Petrol),393
2021,8,AUDI,PHEV,16
2021,8,AUDI,Petrol,300
2021,8,BENTLEY,Hybrid (Petrol),1
2021,8,BENTLEY,Petrol,20
2021,8,BMW,BEV,93
2021,8,BMW,Diesel,159
2021,8,BMW,Hybrid (Diesel),315
2021,8,BMW,Hybrid (Petrol),392
2021,8,BMW,PHEV,1
2021,8,BMW,Petrol,390
2021,8,CADILLAC,Diesel,1
2021,8,CADILLAC,Petrol,13
2021,8,CATERHAM,Petrol,1
2021,8,CHEVROLET,Petrol,2
2021,8,CITROEN,BEV,33
2021,8,CITROEN,Diesel,28
2021,8,CITROEN,PHEV,28
2021,8,CITROEN,Petrol,177
2021,8,CUPRA,Diesel,1
2021,8,CUPRA,Hybrid (Petrol),76
2021,8,CUPRA,PHEV,1
2021,8,CUPRA,Petrol,210
2021,8,DACIA,BEV,4
2021,8,DACIA,Diesel,39
2021,8,DACIA,Petrol,412
2021,8,DODGE,Petrol,7
2021,8,DS,BEV,2
2021,8,DS,Diesel,2
2021,8,DS,PHEV,13
2021,8,DS,Petrol,15
2021,8,FERRARI,Hybrid (Petrol),7
2021,8,FERRARI,Petrol,41
2021,8,FIAT,BEV,99
2021,8,FIAT,Diesel,19
2021,8,FIAT,Hybrid (Petrol),137
2021,8,FIAT,Petrol,178
2021,8,FORD,BEV,55
2021,8,FORD,Diesel,146
2021,8,FORD,Hybrid (Diesel),13
2021,8,FORD,Hybrid (Petrol),347
2021,8,FORD,PHEV,65
2021,8,FORD,Petrol,116
2021,8,FORD-CNG-TECHNIK,Hybrid (Petrol),18
2021,8,GENESIS,Diesel,6
2021,8,GENESIS,Petrol,6
2021,8,GMC,Petrol,1
2021,8,HONDA,BEV,13
2021,8,HONDA,Hybrid (Petrol),150
2021,8,HONDA,Petrol,28
2021,8,HYUNDAI,BEV,155
2021,8,HYUNDAI,Diesel,6
2021,8,HYUNDAI,Hybrid (Diesel),4
2021,8,HYUNDAI,Hybrid (Petrol),320
2021,8,HYUNDAI,Hydrogen,2
2021,8,HYUNDAI,PHEV,1
2021,8,HYUNDAI,Petrol,122
2021,8,JAGUAR,BEV,22
2021,8,JAGUAR,Hybrid (Diesel),4
2021,8,JAGUAR,Hybrid (Petrol),22
2021,8,JAGUAR,Petrol,14
2021,8,JEEP,Diesel,20
2021,8,JEEP,Hybrid (Petrol),81
2021,8,JEEP,PHEV,26
2021,8,JEEP,Petrol,73
2021,8,KIA,BEV,30
2021,8,KIA,Diesel,5
2021,8,KIA,Hybrid (Diesel),15
2021,8,KIA,Hybrid (Petrol),62
2021,8,KIA,PHEV,40
2021,8,KIA,Petrol,154
2021,8,LAMBORGHINI,Hybrid (Petrol),2
2021,8,LAMBORGHINI,Petrol,5
2021,8,LAND ROVER,Diesel,8
2021,8,LAND ROVER,Hybrid (Diesel),27
2021,8,LAND ROVER,Hybrid (Petrol),65
2021,8,LAND ROVER,PHEV,11
2021,8,LAND ROVER,Petrol,20
2021,8,LEXUS,BEV,1
2021,8,LEXUS,Hybrid (Petrol),26
2021,8,LEXUS,Petrol,1
2021,8,LOTUS,Petrol,7
2021,8,MAN,Diesel,1
2021,8,MASERATI,Petrol,18
2021,8,MAZDA,BEV,17
2021,8,MAZDA,Diesel,12
2021,8,MAZDA,Hybrid (Petrol),41
2021,8,MAZDA,Petrol,229
2021,8,MC LAREN,Petrol,3
2021,8,MERCEDES-AMG,Hybrid (Petrol),2
2021,8,MERCEDES-AMG,Petrol,7
2021,8,MERCEDES-BENZ,BEV,181
2021,8,MERCEDES-BENZ,Diesel,338
2021,8,MERCEDES-BENZ,Diesel PHEV,40
2021,8,MERCEDES-BENZ,Hybrid (Diesel),56
2021,8,MERCEDES-BENZ,Hybrid (Petrol),284
2021,8,MERCEDES-BENZ,PHEV,64
2021,8,MERCEDES-BENZ,Petrol,435
2021,8,MINI,BEV,48
2021,8,MINI,Diesel,2
2021,8,MINI,Hybrid (Petrol),32
2021,8,MINI,Petrol,197
2021,8,MITSUBISHI,BEV,1
2021,8,MITSUBISHI,Diesel,1
2021,8,MITSUBISHI,Hybrid (Petrol),14
2021,8,MITSUBISHI,PHEV,36
2021,8,MITSUBISHI,Petrol,165
2021,8,MORGAN,Petrol,4
2021,8,NISSAN,BEV,28
2021,8,NISSAN,Diesel,21
2021,8,NISSAN,Hybrid (Petrol),73
2021,8,NISSAN,Petrol,65
2021,8,OPEL,BEV,47
2021,8,OPEL,Diesel,42
2021,8,OPEL,Hybrid (Petrol),5
2021,8,OPEL,PHEV,1
2021,8,OPEL,Petrol,220
2021,8,PAGANI,Petrol,1
2021,8,PEUGEOT,BEV,59
2021,8,PEUGEOT,Diesel,117
2021,8,PEUGEOT,Hybrid (Petrol),1
2021,8,PEUGEOT,PHEV,40
2021,8,PEUGEOT,Petrol,220
2021,8,POLESTAR,BEV,38
2021,8,PORSCHE,BEV,31
2021,8,PORSCHE,Hybrid (Petrol),42
2021,8,PORSCHE,Petrol,120
2021,8,RENAULT,BEV,132
2021,8,RENAULT,Diesel,49
2021,8,RENAULT,Hybrid (Petrol),97
2021,8,RENAULT,PHEV,30
2021,8,RENAULT,Petrol,129
2021,8,ROLLS ROYCE,Petrol,4
2021,8,SEAT,BEV,21
2021,8,SEAT,CNG,11
2021,8,SEAT,Diesel,79
2021,8,SEAT,Hybrid (Petrol),56
2021,8,SEAT,PHEV,48
2021,8,SEAT,Petrol,423
2021,8,SKODA,BEV,171
2021,8,SKODA,CNG,3
2021,8,SKODA,Diesel,262
2021,8,SKODA,Hybrid (Petrol),107
2021,8,SKODA,PHEV,37
2021,8,SKODA,Petrol,584
2021,8,SMART,BEV,29
2021,8,SSANGYONG,Petrol,1
2021,8,SUBARU,Hybrid (Petrol),100
2021,8,SUBARU,Petrol,24
2021,8,SUZUKI,Hybrid (Petrol),447
2021,8,SUZUKI,PHEV,8
2021,8,SUZUKI,Petrol,9
2021,8,TESLA,BEV,285
2021,8,TOYOTA,Diesel,39
2021,8,TOYOTA,Hybrid (Petrol),732
2021,8,TOYOTA,Hydrogen,9
2021,8,TOYOTA,PHEV,62
2021,8,TOYOTA,Petrol,168
2021,8,UEBRIGE (SIEHE TYP),LPG,1
2021,8,VOLVO,BEV,42
2021,8,VOLVO,Diesel,1
2021,8,VOLVO,Hybrid (Diesel),52
2021,8,VOLVO,Hybrid (Petrol),134
2021,8,VOLVO,PHEV,214
2021,8,VOLVO,Petrol,30
2021,8,VW,BEV,412
2021,8,VW,CNG,1
2021,8,VW,Diesel,412
2021,8,VW,Hybrid (Petrol),138
2021,8,VW,PHEV,20
2021,8,VW,Petrol,850
2021,9,AIWAYS,BEV,6
2021,9,ALFA ROMEO,Diesel,5
2021,9,ALFA ROMEO,Petrol,83
2021,9,ALPINA,Diesel,1
2021,9,ALPINA,Hybrid (Diesel),1
2021,9,ALPINA,Petrol,7
2021,9,ALPINE,Petrol,7
2021,9,ARIES,Petrol,1
2021,9,ASTON MARTIN,Petrol,5
2021,9,AUDI,BEV,242
2021,9,AUDI,CNG,2
2021,9,AUDI,Diesel,69
2021,9,AUDI,Hybrid (Diesel),243
2021,9,AUDI,Hybrid (Petrol),406
2021,9,AUDI,PHEV,30
2021,9,AUDI,Petrol,266
2021,9,BENTLEY,Hybrid (Petrol),4
2021,9,BENTLEY,Petrol,18
2021,9,BMW,BEV,97
2021,9,BMW,Diesel,213
2021,9,BMW,Hybrid (Diesel),391
2021,9,BMW,Hybrid (Petrol),481
2021,9,BMW,PHEV,4
2021,9,BMW,Petrol,512
2021,9,CADILLAC,Diesel,2
2021,9,CADILLAC,Petrol,6
2021,9,CATERHAM,Petrol,1
2021,9,CHEVROLET,Petrol,6
2021,9,CITROEN,BEV,20
2021,9,CITROEN,Diesel,34
2021,9,CITROEN,PHEV,14
2021,9,CITROEN,Petrol,179
2021,9,CUPRA,Hybrid (Petrol),40
2021,9,CUPRA,Petrol,141
2021,9,DACIA,BEV,1
2021,9,DACIA,Diesel,30
2021,9,DACIA,Petrol,499
2021,9,DODGE,Petrol,1
2021,9,DS,BEV,6
2021,9,DS,Diesel,2
2021,9,DS,PHEV,14
2021,9,DS,Petrol,14
2021,9,FERRARI,Hybrid (Petrol),12
2021,9,FERRARI,Petrol,26
2021,9,FIAT,BEV,167
2021,9,FIAT,CNG,2
2021,9,FIAT,Diesel,14
2021,9,FIAT,Hybrid (Petrol),101
2021,9,FIAT,Petrol,147
2021,9,FORD,BEV,38
2021,9,FORD,Diesel,128
2021,9,FORD,Hybrid (Diesel),15
2021,9,FORD,Hybrid (Petrol),218
2021,9,FORD,PHEV,65
2021,9,FORD,Petrol,188
2021,9,FORD-CNG-TECHNIK,Hybrid (Petrol),2
2021,9,GENESIS,Diesel,4
2021,9,GENESIS,Petrol,4
2021,9,HONDA,BEV,14
2021,9,HONDA,Hybrid (Petrol),163
2021,9,HONDA,Petrol,28
2021,9,HYUNDAI,BEV,230
2021,9,HYUNDAI,Diesel,16
2021,9,HYUNDAI,Hybrid (Diesel),6
2021,9,HYUNDAI,Hybrid (Petrol),324
2021,9,HYUNDAI,Hydrogen,2
2021,9,HYUNDAI,PHEV,1
2021,9,HYUNDAI,Petrol,169
2021,9,JAC,BEV,17
2021,9,JAGUAR,BEV,26
2021,9,JAGUAR,Hybrid (Diesel),8
2021,9,JAGUAR,Hybrid (Petrol),18
2021,9,JAGUAR,Petrol,18
2021,9,JEEP,Diesel,30
2021,9,JEEP,Hybrid (Petrol),78
2021,9,JEEP,PHEV,42
2021,9,JEEP,Petrol,93
2021,9,KIA,BEV,56
2021,9,KIA,Diesel,14
2021,9,KIA,Hybrid (Diesel),10
2021,9,KIA,Hybrid (Petrol),138
2021,9,KIA,PHEV,66
2021,9,KIA,Petrol,193
2021,9,LAMBORGHINI,Petrol,12
2021,9,LAND ROVER,Diesel,5
2021,9,LAND ROVER,Hybrid (Diesel),42
2021,9,LAND ROVER,Hybrid (Petrol),51
2021,9,LAND ROVER,PHEV,9
2021,9,LAND ROVER,Petrol,24
2021,9,LEXUS,BEV,2
2021,9,LEXUS,Hybrid (Petrol),39
2021,9,LEXUS,Petrol,1
2021,9,LOTUS,Petrol,3
2021,9,MASERATI,Hybrid (Petrol),8
2021,9,MASERATI,Petrol,21
2021,9,MAZDA,BEV,10
2021,9,MAZDA,Diesel,16
2021,9,MAZDA,Hybrid (Petrol),48
2021,9,MAZDA,Petrol,287
2021,9,MC LAREN,Petrol,1
2021,9,MERCEDES-AMG,Hybrid (Petrol),1
2021,9,MERCEDES-AMG,Petrol,6
2021,9,MERCEDES-BENZ,BEV,120
2021,9,MERCEDES-BENZ,Diesel,353
2021,9,MERCEDES-BENZ,Diesel PHEV,50
2021,9,MERCEDES-BENZ,Hybrid (Diesel),26
2021,9,MERCEDES-BENZ,Hybrid (Petrol),266
2021,9,MERCEDES-BENZ,PHEV,66
2021,9,MERCEDES-BENZ,Petrol,504
2021,9,MINI,BEV,32
2021,9,MINI,Hybrid (Petrol),35
2021,9,MINI,Petrol,213
2021,9,MITSUBISHI,Hybrid (Petrol),15
2021,9,MITSUBISHI,PHEV,38
2021,9,MITSUBISHI,Petrol,170
2021,9,MORGAN,Petrol,1
2021,9,NISSAN,BEV,29
2021,9,NISSAN,Diesel,13
2021,9,NISSAN,Hybrid (Petrol),118
2021,9,NISSAN,Petrol,106
2021,9,OPEL,BEV,66
2021,9,OPEL,Diesel,51
2021,9,OPEL,Hybrid (Petrol),11
2021,9,OPEL,PHEV,4
2021,9,OPEL,Petrol,249
2021,9,PEUGEOT,BEV,105
2021,9,PEUGEOT,Diesel,110
2021,9,PEUGEOT,PHEV,78
2021,9,PEUGEOT,Petrol,224
2021,9,POLESTAR,BEV,47
2021,9,POLESTAR,PHEV,1
2021,9,PORSCHE,BEV,45
2021,9,PORSCHE,Hybrid (Petrol),37
2021,9,PORSCHE,Petrol,140
2021,9,RENAULT,BEV,148
2021,9,RENAULT,Diesel,77
2021,9,RENAULT,Hybrid (Petrol),338
2021,9,RENAULT,PHEV,33
2021,9,RENAULT,Petrol,218
2021,9,SEAT,BEV,14
2021,9,SEAT,CNG,2
2021,9,SEAT,Diesel,42
2021,9,SEAT,Hybrid (Petrol),43
2021,9,SEAT,PHEV,27
2021,9,SEAT,Petrol,395
2021,9,SKODA,BEV,311
2021,9,SKODA,CNG,3
2021,9,SKODA,Diesel,260
2021,9,SKODA,Hybrid (Petrol),63
2021,9,SKODA,PHEV,27
2021,9,SKODA,Petrol,596
2021,9,SMART,BEV,42
2021,9,SSANGYONG,Diesel,2
2021,9,SSANGYONG,Petrol,2
2021,9,SUBARU,Hybrid (Petrol),190
2021,9,SUBARU,Petrol,67
2021,9,SUZUKI,Hybrid (Petrol),583
2021,9,SUZUKI,PHEV,11
2021,9,SUZUKI,Petrol,12
2021,9,TESLA,BEV,1639
2021,9,TOYOTA,Diesel,37
2021,9,TOYOTA,Hybrid (Petrol),724
2021,9,TOYOTA,Hydrogen,3
2021,9,TOYOTA,PHEV,55
2021,9,TOYOTA,Petrol,155
2021,9,UEBRIGE (SIEHE TYP),Petrol,1
2021,9,VOLVO,BEV,45
2021,9,VOLVO,Diesel,1
2021,9,VOLVO,Hybrid (Diesel),95
2021,9,VOLVO,Hybrid (Petrol),173
2021,9,VOLVO,PHEV,215
2021,9,VOLVO,Petrol,67
2021,9,VW,BEV,460
2021,9,VW,CNG,2
2021,9,VW,Diesel,417
2021,9,VW,Hybrid (Petrol),199
2021,9,VW,PHEV,17
2021,9,VW,Petrol,958
2021,10,ALFA ROMEO,Diesel,7
2021,10,ALFA ROMEO,Petrol,99
2021,10,ALPINA,Diesel,1
2021,10,ALPINA,Hybrid (Diesel),2
2021,10,ALPINA,Petrol,5
2021,10,ALPINE,Petrol,12
2021,10,ASTON MARTIN,Petrol,12
2021,10,AUDI,BEV,163
2021,10,AUDI,CNG,1
2021,10,AUDI,Diesel,48
2021,10,AUDI,Hybrid (Diesel),169
2021,10,AUDI,Hybrid (Petrol),276
2021,10,AUDI,PHEV,11
2021,10,AUDI,Petrol,162
2021,10,BENTLEY,Petrol,15
2021,10,BMW,BEV,85
2021,10,BMW,Diesel,189
2021,10,BMW,Hybrid (Diesel),278
2021,10,BMW,Hybrid (Petrol),440
2021,10,BMW,PHEV,2
2021,10,BMW,Petrol,437
2021,10,CADILLAC,Petrol,1
2021,10,CHEVROLET,Petrol,4
2021,10,CITROEN,BEV,24
2021,10,CITROEN,Diesel,31
2021,10,CITROEN,PHEV,23
2021,10,CITROEN,Petrol,131
2021,10,CUPRA,BEV,6
2021,10,CUPRA,Hybrid (Petrol),47
2021,10,CUPRA,Petrol,98
2021,10,DACIA,BEV,37
2021,10,DACIA,Diesel,12
2021,10,DACIA,Petrol,303
2021,10,DODGE,Petrol,3
2021,10,DS,BEV,10
2021,10,DS,Diesel,1
2021,10,DS,PHEV,24
2021,10,DS,Petrol,22
2021,10,FERRARI,Hybrid (Petrol),4
2021,10,FERRARI,Petrol,32
2021,10,FIAT,BEV,115
2021,10,FIAT,CNG,1
2021,10,FIAT,Diesel,12
2021,10,FIAT,Hybrid (Petrol),115
2021,10,FIAT,Petrol,145
2021,10,FORD,BEV,15
2021,10,FORD,Diesel,105
2021,10,FORD,Hybrid (Diesel),8
2021,10,FORD,Hybrid (Petrol),190
2021,10,FORD,PHEV,45
2021,10,FORD,Petrol,151
2021,10,FORD-CNG-TECHNIK,Hybrid (Petrol),4
2021,10,GENESIS,Diesel,4
2021,10,GENESIS,Petrol,1
2021,10,HONDA,BEV,14
2021,10,HONDA,Hybrid (Petrol),154
2021,10,HONDA,Petrol,17
2021,10,HYUNDAI,BEV,244
2021,10,HYUNDAI,Diesel,18
2021,10,HYUNDAI,Hybrid (Diesel),4
2021,10,HYUNDAI,Hybrid (Petrol),336
2021,10,HYUNDAI,Hydrogen,1
2021,10,HYUNDAI,PHEV,2
2021,10,HYUNDAI,Petrol,153
2021,10,JAC,BEV,3
2021,10,JAGUAR,BEV,17
2021,10,JAGUAR,Diesel,1
2021,10,JAGUAR,Hybrid (Diesel),3
2021,10,JAGUAR,Hybrid (Petrol),23
2021,10,JAGUAR,Petrol,17
2021,10,JEEP,Diesel,7
2021,10,JEEP,Hybrid (Petrol),61
2021,10,JEEP,PHEV,16
2021,10,JEEP,Petrol,68
2021,10,JUMBOLINO,BEV,1
2021,10,KIA,BEV,41
2021,10,KIA,Diesel,6
2021,10,KIA,Hybrid (Diesel),24
2021,10,KIA,Hybrid (Petrol),105
2021,10,KIA,PHEV,15
2021,10,KIA,Petrol,188
2021,10,LAMBORGHINI,Petrol,15
2021,10,LAND ROVER,Diesel,6
2021,10,LAND ROVER,Hybrid (Diesel),46
2021,10,LAND ROVER,Hybrid (Petrol),70
2021,10,LAND ROVER,PHEV,42
2021,10,LAND ROVER,Petrol,21
2021,10,LEXUS,BEV,2
2021,10,LEXUS,Hybrid (Petrol),41
2021,10,LEXUS,Petrol,1
2021,10,LOTUS,Petrol,1
2021,10,MAN,Diesel,2
2021,10,MASERATI,Hybrid (Petrol),8
2021,10,MASERATI,Petrol,18
2021,10,MAZDA,BEV,3
2021,10,MAZDA,Diesel,2
2021,10,MAZDA,Hybrid (Petrol),71
2021,10,MAZDA,Petrol,194
2021,10,MC LAREN,Petrol,2
2021,10,MERCEDES-AMG,Hybrid (Petrol),4
2021,10,MERCEDES-AMG,Petrol,7
2021,10,MERCEDES-BENZ,BEV,159
2021,10,MERCEDES-BENZ,Diesel,376
2021,10,MERCEDES-BENZ,Diesel PHEV,31
2021,10,MERCEDES-BENZ,Hybrid (Diesel),15
2021,10,MERCEDES-BENZ,Hybrid (Petrol),271
2021,10,MERCEDES-BENZ,PHEV,56
2021,10,MERCEDES-BENZ,Petrol,550
2021,10,MINI,BEV,78
2021,10,MINI,Diesel,2
2021,10,MINI,Hybrid (Petrol),25
2021,10,MINI,Petrol,251
2021,10,MITSUBISHI,Hybrid (Petrol),22
2021,10,MITSUBISHI,PHEV,31
2021,10,MITSUBISHI,Petrol,130
2021,10,MORGAN,Petrol,2
2021,10,NISSAN,BEV,38
2021,10,NISSAN,Diesel,15
2021,10,NISSAN,Hybrid (Petrol),90
2021,10,NISSAN,Petrol,81
2021,10,OPEL,BEV,45
2021,10,OPEL,Diesel,29
2021,10,OPEL,Hybrid (Petrol),3
2021,10,OPEL,PHEV,4
2021,10,OPEL,Petrol,274
2021,10,PAGANI,Petrol,1
2021,10,PEUGEOT,BEV,54
2021,10,PEUGEOT,Diesel,51
2021,10,PEUGEOT,Hybrid (Petrol),2
2021,10,PEUGEOT,PHEV,20
2021,10,PEUGEOT,Petrol,202
2021,10,POLESTAR,BEV,73
2021,10,PORSCHE,BEV,50
2021,10,PORSCHE,Hybrid (Petrol),32
2021,10,PORSCHE,Petrol,255
2021,10,RENAULT,BEV,135
2021,10,RENAULT,Diesel,72
2021,10,RENAULT,Hybrid (Petrol),167
2021,10,RENAULT,PHEV,19
2021,10,RENAULT,Petrol,188
2021,10,ROLLS ROYCE,Petrol,1
2021,10,SEAT,BEV,18
2021,10,SEAT,CNG,20
2021,10,SEAT,Diesel,12
2021,10,SEAT,Hybrid (Petrol),27
2021,10,SEAT,PHEV,33
2021,10,SEAT,Petrol,245
2021,10,SECMA,Petrol,1
2021,10,SKODA,BEV,314
2021,10,SKODA,CNG,1
2021,10,SKODA,Diesel,191
2021,10,SKODA,Hybrid (Petrol),60
2021,10,SKODA,PHEV,57
2021,10,SKODA,Petrol,591
2021,10,SMART,BEV,51
2021,10,SSANGYONG,Petrol,6
2021,10,SUBARU,Hybrid (Petrol),120
2021,10,SUBARU,Petrol,40
2021,10,SUZUKI,Hybrid (Petrol),420
2021,10,SUZUKI,PHEV,12
2021,10,SUZUKI,Petrol,7
2021,10,TESLA,BEV,46
2021,10,TOYOTA,Diesel,48
2021,10,TOYOTA,Hybrid (Petrol),518
2021,10,TOYOTA,Hydrogen,2
2021,10,TOYOTA,PHEV,51
2021,10,TOYOTA,Petrol,132
2021,10,UEBRIGE (SIEHE TYP),CNG,1
2021,10,UEBRIGE (SIEHE TYP),Hybrid (Petrol),1
2021,10,UEBRIGE (SIEHE TYP),Petrol,3
2021,10,VOLVO,BEV,93
2021,10,VOLVO,Hybrid (Diesel),20
2021,10,VOLVO,Hybrid (Petrol),159
2021,10,VOLVO,PHEV,181
2021,10,VOLVO,Petrol,30
2021,10,VW,BEV,249
2021,10,VW,Diesel,270
2021,10,VW,Hybrid (Petrol),110
2021,10,VW,PHEV,5
2021,10,VW,Petrol,780
2021,11,AIWAYS,BEV,2
2021,11,ALFA ROMEO,Diesel,7
2021,11,ALFA ROMEO,Petrol,113
2021,11,ALPINA,Diesel,2
2021,11,ALPINA,Petrol,7
2021,11,ALPINE,Petrol,5
2021,11,ASTON MARTIN,Petrol,9
2021,11,AUDI,BEV,283
2021,11,AUDI,CNG,1
2021,11,AUDI,Diesel,74
2021,11,AUDI,Hybrid (Diesel),148
2021,11,AUDI,Hybrid (Petrol),406
2021,11,AUDI,PHEV,32
2021,11,AUDI,Petrol,327
2021,11,BENTLEY,Petrol,16
2021,11,BMW,BEV,190
2021,11,BMW,Diesel,273
2021,11,BMW,Hybrid (Diesel),422
2021,11,BMW,Hybrid (Petrol),561
2021,11,BMW,LPG,1
2021,11,BMW,PHEV,2
2021,11,BMW,Petrol,390
2021,11,CADILLAC,Petrol,4
2021,11,CHEVROLET,Petrol,19
2021,11,CITROEN,BEV,54
2021,11,CITROEN,Diesel,70
2021,11,CITROEN,PHEV,30
2021,11,CITROEN,Petrol,349
2021,11,CUPRA,BEV,73
2021,11,CUPRA,Hybrid (Petrol),77
2021,11,CUPRA,Petrol,110
2021,11,DACIA,BEV,56
2021,11,DACIA,Diesel,51
2021,11,DACIA,Petrol,637
2021,11,DODGE,Petrol,7
2021,11,DS,BEV,6
2021,11,DS,Diesel,2
2021,11,DS,PHEV,21
2021,11,DS,Petrol,14
2021,11,FERRARI,Hybrid (Petrol),7
2021,11,FERRARI,Petrol,13
2021,11,FIAT,BEV,130
2021,11,FIAT,Diesel,16
2021,11,FIAT,Hybrid (Petrol),128
2021,11,FIAT,Petrol,194
2021,11,FORD,BEV,48
2021,11,FORD,Diesel,127
2021,11,FORD,Hybrid (Diesel),8
2021,11,FORD,Hybrid (Petrol),239
2021,11,FORD,PHEV,33
2021,11,FORD,Petrol,128
2021,11,FORD-CNG-TECHNIK,Hybrid (Petrol),5
2021,11,GENESIS,Diesel,10
2021,11,GENESIS,Petrol,16
2021,11,HONDA,BEV,15
2021,11,HONDA,Hybrid (Petrol),163
2021,11,HONDA,Petrol,19
2021,11,HYUNDAI,BEV,203
2021,11,HYUNDAI,Diesel,13
2021,11,HYUNDAI,Hybrid (Diesel),3
2021,11,HYUNDAI,Hybrid (Petrol),337
2021,11,HYUNDAI,Petrol,213
2021,11,JAC,BEV,14
2021,11,JAGUAR,BEV,14
2021,11,JAGUAR,Diesel,1
2021,11,JAGUAR,Hybrid (Diesel),7
2021,11,JAGUAR,Hybrid (Petrol),29
2021,11,JAGUAR,Petrol,18
2021,11,JEEP,Diesel,9
2021,11,JEEP,Hybrid (Petrol),121
2021,11,JEEP,PHEV,19
2021,11,JEEP,Petrol,119
2021,11,KIA,BEV,57
2021,11,KIA,Diesel,2
2021,11,KIA,Hybrid (Diesel),30
2021,11,KIA,Hybrid (Petrol),100
2021,11,KIA,PHEV,10
2021,11,KIA,Petrol,144
2021,11,LAMBORGHINI,Petrol,13
2021,11,LAND ROVER,Diesel,2
2021,11,LAND ROVER,Hybrid (Diesel),52
2021,11,LAND ROVER,Hybrid (Petrol),62
2021,11,LAND ROVER,PHEV,18
2021,11,LAND ROVER,Petrol,25
2021,11,LEXUS,BEV,2
2021,11,LEXUS,Hybrid (Petrol),39
2021,11,LEXUS,Petrol,2
2021,11,MAN,Diesel,3
2021,11,MASERATI,Hybrid (Petrol),8
2021,11,MASERATI,Petrol,15
2021,11,MAZDA,BEV,5
2021,11,MAZDA,Diesel,8
2021,11,MAZDA,Hybrid (Petrol),122
2021,11,MAZDA,Petrol,99
2021,11,MC LAREN,Petrol,1
2021,11,MERCEDES-AMG,Hybrid (Petrol),9
2021,11,MERCEDES-AMG,Petrol,11
2021,11,MERCEDES-BENZ,BEV,206
2021,11,MERCEDES-BENZ,Diesel,399
2021,11,MERCEDES-BENZ,Diesel PHEV,28
2021,11,MERCEDES-BENZ,Hybrid (Diesel),60
2021,11,MERCEDES-BENZ,Hybrid (Petrol),309
2021,11,MERCEDES-BENZ,PHEV,30
2021,11,MERCEDES-BENZ,Petrol,571
2021,11,MG,Hybrid (Petrol),1
2021,11,MINI,BEV,101
2021,11,MINI,Diesel,1
2021,11,MINI,Hybrid (Petrol),56
2021,11,MINI,PHEV,1
2021,11,MINI,Petrol,207
2021,11,MITSUBISHI,Hybrid (Petrol),13
2021,11,MITSUBISHI,PHEV,49
2021,11,MITSUBISHI,Petrol,100
2021,11,MORGAN,Petrol,1
2021,11,NISSAN,BEV,44
2021,11,NISSAN,Diesel,7
2021,11,NISSAN,Hybrid (Petrol),47
2021,11,NISSAN,Petrol,63
2021,11,OPEL,BEV,34
2021,11,OPEL,Diesel,39
2021,11,OPEL,Hybrid (Petrol),3
2021,11,OPEL,PHEV,3
2021,11,OPEL,Petrol,299
2021,11,PAGANI,Petrol,1
2021,11,PEUGEOT,BEV,72
2021,11,PEUGEOT,Diesel,80
2021,11,PEUGEOT,Hybrid (Petrol),3
2021,11,PEUGEOT,PHEV,33
2021,11,PEUGEOT,Petrol,237
2021,11,POLESTAR,BEV,86
2021,11,POLESTAR,PHEV,1
2021,11,PORSCHE,BEV,74
2021,11,PORSCHE,Hybrid (Petrol),38
2021,11,PORSCHE,Petrol,183
2021,11,RENAULT,BEV,179
2021,11,RENAULT,Diesel,106
2021,11,RENAULT,Hybrid (Petrol),221
2021,11,RENAULT,PHEV,12
2021,11,RENAULT,Petrol,264
2021,11,ROLLS ROYCE,Petrol,1
2021,11,SEAT,BEV,22
2021,11,SEAT,CNG,10
2021,11,SEAT,Diesel,19
2021,11,SEAT,Hybrid (Petrol),42
2021,11,SEAT,PHEV,20
2021,11,SEAT,Petrol,277
2021,11,SKODA,BEV,357
2021,11,SKODA,CNG,1
2021,11,SKODA,Diesel,355
2021,11,SKODA,Hybrid (Petrol),64
2021,11,SKODA,PHEV,38
2021,11,SKODA,Petrol,702
2021,11,SMART,BEV,36
2021,11,SSANGYONG,Petrol,2
2021,11,SUBARU,Hybrid (Petrol),140
2021,11,SUBARU,Petrol,22
2021,11,SUZUKI,Hybrid (Petrol),337
2021,11,SUZUKI,PHEV,7
2021,11,SUZUKI,Petrol,3
2021,11,TESLA,BEV,827
2021,11,TOYOTA,BEV,5
2021,11,TOYOTA,Diesel,42
2021,11,TOYOTA,Hybrid (Petrol),547
2021,11,TOYOTA,Hydrogen,3
2021,11,TOYOTA,PHEV,58
2021,11,TOYOTA,Petrol,116
2021,11,VOLVO,BEV,119
2021,11,VOLVO,Hybrid (Diesel),54
2021,11,VOLVO,Hybrid (Petrol),188
2021,11,VOLVO,PHEV,248
2021,11,VOLVO,Petrol,43
2021,11,VW,BEV,275
2021,11,VW,Diesel,273
2021,11,VW,Hybrid (Petrol),87
2021,11,VW,PHEV,4
2021,11,VW,Petrol,1091
2021,12,ALFA ROMEO,Diesel,14
2021,12,ALFA ROMEO,Petrol,91
2021,12,ALPINA,Diesel,6
2021,12,ALPINA,Petrol,10
2021,12,ALPINE,Petrol,5
2021,12,ASTON MARTIN,Petrol,11
2021,12,AUDI,BEV,491
2021,12,AUDI,CNG,1
2021,12,AUDI,Diesel,115
2021,12,AUDI,Hybrid (Diesel),282
2021,12,AUDI,Hybrid (Petrol),427
2021,12,AUDI,PHEV,30
2021,12,AUDI,Petrol,499
2021,12,BENTLEY,Hybrid (Petrol),1
2021,12,BENTLEY,Petrol,9
2021,12,BMW,BEV,277
2021,12,BMW,Diesel,262
2021,12,BMW,Hybrid (Diesel),369
2021,12,BMW,Hybrid (Petrol),564
2021,12,BMW,Petrol,364
2021,12,BUGATTI,Petrol,3
2021,12,CADILLAC,Diesel,2
2021,12,CADILLAC,Petrol,48
2021,12,CHEVROLET,Petrol,38
2021,12,CHRYSLER,Petrol,6
2021,12,CITROEN,BEV,30
2021,12,CITROEN,Diesel,110
2021,12,CITROEN,PHEV,30
2021,12,CITROEN,Petrol,122
2021,12,CUPRA,BEV,239
2021,12,CUPRA,Hybrid (Petrol),301
2021,12,CUPRA,Petrol,131
2021,12,DACIA,BEV,96
2021,12,DACIA,Diesel,32
2021,12,DACIA,Petrol,416
2021,12,DALLARA,Petrol,2
2021,12,DODGE,Petrol,54
2021,12,DS,BEV,4
2021,12,DS,Diesel,1
2021,12,DS,PHEV,11
2021,12,DS,Petrol,9
2021,12,FERRARI,Hybrid (Petrol),14
2021,12,FERRARI,Petrol,85
2021,12,FIAT,BEV,112
2021,12,FIAT,CNG,6
2021,12,FIAT,Diesel,7
2021,12,FIAT,Hybrid (Petrol),139
2021,12,FIAT,Petrol,166
2021,12,FORD,BEV,43
2021,12,FORD,Diesel,127
2021,12,FORD,Hybrid (Diesel),16
2021,12,FORD,Hybrid (Petrol),339
2021,12,FORD,PHEV,24
2021,12,FORD,Petrol,186
2021,12,FORD-CNG-TECHNIK,Hybrid (Petrol),10
2021,12,GENESIS,Diesel,11
2021,12,GENESIS,Petrol,7
2021,12,GMC,Petrol,1
2021,12,HONDA,BEV,16
2021,12,HONDA,Diesel,1
2021,12,HONDA,Hybrid (Petrol),215
2021,12,HONDA,Petrol,13
2021,12,HYUNDAI,BEV,258
2021,12,HYUNDAI,Diesel,15
2021,12,HYUNDAI,Hybrid (Diesel),5
2021,12,HYUNDAI,Hybrid (Petrol),439
2021,12,HYUNDAI,Hydrogen,3
2021,12,HYUNDAI,Petrol,168
2021,12,JAC,BEV,47
2021,12,JAGUAR,BEV,13
2021,12,JAGUAR,Diesel,5
2021,12,JAGUAR,Hybrid (Diesel),8
2021,12,JAGUAR,Hybrid (Petrol),40
2021,12,JAGUAR,Petrol,31
2021,12,JEEP,Diesel,3
2021,12,JEEP,Hybrid (Petrol),129
2021,12,JEEP,PHEV,11
2021,12,JEEP,Petrol,161
2021,12,JUMBOLINO,BEV,2
2021,12,KIA,BEV,90
2021,12,KIA,Diesel,4
2021,12,KIA,Hybrid (Diesel),12
2021,12,KIA,Hybrid (Petrol),135
2021,12,KIA,PHEV,30
2021,12,KIA,Petrol,206
2021,12,LAMBORGHINI,Petrol,8
2021,12,LAND ROVER,Diesel,3
2021,12,LAND ROVER,Hybrid (Diesel),40
2021,12,LAND ROVER,Hybrid (Petrol),101
2021,12,LAND ROVER,PHEV,24
2021,12,LAND ROVER,Petrol,33
2021,12,LEXUS,BEV,4
2021,12,LEXUS,Hybrid (Petrol),17
2021,12,LOTUS,Petrol,2
2021,12,MAN,Diesel,5
2021,12,MASERATI,Hybrid (Petrol),46
2021,12,MASERATI,Petrol,21
2021,12,MAZDA,BEV,1
2021,12,MAZDA,Diesel,9
2021,12,MAZDA,Hybrid (Petrol),119
2021,12,MAZDA,Petrol,110
2021,12,MC LAREN,Hybrid (Petrol),1
2021,12,MC LAREN,Petrol,3
2021,12,MERCEDES-AMG,Hybrid (Petrol),4
2021,12,MERCEDES-AMG,Petrol,9
2021,12,MERCEDES-BENZ,BEV,168
2021,12,MERCEDES-BENZ,Diesel,505
2021,12,MERCEDES-BENZ,Diesel PHEV,21
2021,12,MERCEDES-BENZ,Hybrid (Diesel),99
2021,12,MERCEDES-BENZ,Hybrid (Petrol),371
2021,12,MERCEDES-BENZ,PHEV,28
2021,12,MERCEDES-BENZ,Petrol,732
2021,12,MINI,BEV,77
2021,12,MINI,Diesel,2
2021,12,MINI,Hybrid (Petrol),56
2021,12,MINI,Petrol,271
2021,12,MITSUBISHI,BEV,1
2021,12,MITSUBISHI,Hybrid (Petrol),25
2021,12,MITSUBISHI,PHEV,79
2021,12,MITSUBISHI,Petrol,104
2021,12,MORGAN,Petrol,2
2021,12,NISSAN,BEV,79
2021,12,NISSAN,Diesel,4
2021,12,NISSAN,Hybrid (Petrol),60
2021,12,NISSAN,Petrol,52
2021,12,OPEL,BEV,54
2021,12,OPEL,Diesel,76
2021,12,OPEL,Hybrid (Petrol),9
2021,12,OPEL,PHEV,4
2021,12,OPEL,Petrol,280
2021,12,PEUGEOT,BEV,51
2021,12,PEUGEOT,Diesel,71
2021,12,PEUGEOT,Hybrid (Petrol),1
2021,12,PEUGEOT,PHEV,26
2021,12,PEUGEOT,Petrol,326
2021,12,POLESTAR,BEV,117
2021,12,PORSCHE,BEV,74
2021,12,PORSCHE,Hybrid (Petrol),53
2021,12,PORSCHE,Petrol,408
2021,12,RENAULT,BEV,161
2021,12,RENAULT,Diesel,286
2021,12,RENAULT,Hybrid (Petrol),416
2021,12,RENAULT,PHEV,7
2021,12,RENAULT,Petrol,283
2021,12,ROLLS ROYCE,Petrol,2
2021,12,SEAT,BEV,66
2021,12,SEAT,CNG,40
2021,12,SEAT,Diesel,104
2021,12,SEAT,Hybrid (Petrol),86
2021,12,SEAT,PHEV,32
2021,12,SEAT,Petrol,417
2021,12,SKODA,BEV,613
2021,12,SKODA,CNG,11
2021,12,SKODA,Diesel,678
2021,12,SKODA,Hybrid (Petrol),107
2021,12,SKODA,PHEV,74
2021,12,SKODA,Petrol,837
2021,12,SMART,BEV,46
2021,12,SSANGYONG,Petrol,3
2021,12,SUBARU,Hybrid (Petrol),171
2021,12,SUBARU,Petrol,31
2021,12,SUZUKI,Hybrid (Petrol),371
2021,12,SUZUKI,PHEV,10
2021,12,SUZUKI,Petrol,16
2021,12,TESLA,BEV,1406
2021,12,TOYOTA,BEV,3
2021,12,TOYOTA,Diesel,32
2021,12,TOYOTA,Hybrid (Petrol),561
2021,12,TOYOTA,Hydrogen,1
2021,12,TOYOTA,PHEV,67
2021,12,TOYOTA,Petrol,98
2021,12,VOLVO,BEV,188
2021,12,VOLVO,Diesel,3
2021,12,VOLVO,Hybrid (Diesel),60
2021,12,VOLVO,Hybrid (Petrol),263
2021,12,VOLVO,PHEV,311
2021,12,VOLVO,Petrol,39
2021,12,VW,BEV,771
2021,12,VW,CNG,2
2021,12,VW,Diesel,519
2021,12,VW,Hybrid (Petrol),166
2021,12,VW,PHEV,4
2021,12,VW,Petrol,1315
2022,1,AIWAYS,BEV,1
2022,1,ALFA ROMEO,Diesel,4
2022,1,ALFA ROMEO,Petrol,39
2022,1,ALPINA,Diesel,1
2022,1,ALPINA,Petrol,1
2022,1,ALPINE,Petrol,5
2022,1,ASTON MARTIN,Petrol,16
2022,1,AUDI,BEV,370
2022,1,AUDI,Diesel,34
2022,1,AUDI,Hybrid (Diesel),217
2022,1,AUDI,Hybrid (Petrol),202
2022,1,AUDI,PHEV,104
2022,1,AUDI,Petrol,502
2022,1,BENTLEY,Hybrid (Petrol),2
2022,1,BENTLEY,Petrol,16
2022,1,BMW,BEV,101
2022,1,BMW,Diesel,170
2022,1,BMW,Hybrid (Diesel),247
2022,1,BMW,Hybrid (Petrol),149
2022,1,BMW,PHEV,228
2022,1,BMW,Petrol,318
2022,1,BUGATTI,Petrol,1
2022,1,CITROEN,BEV,23
2022,1,CITROEN,Diesel,41
2022,1,CITROEN,PHEV,17
2022,1,CITROEN,Petrol,185
2022,1,CUPRA,BEV,95
2022,1,CUPRA,PHEV,37
2022,1,CUPRA,Petrol,109
2022,1,DACIA,BEV,30
2022,1,DACIA,Diesel,15
2022,1,DACIA,Petrol,296
2022,1,DS,BEV,3
2022,1,DS,Diesel,5
2022,1,DS,PHEV,38
2022,1,DS,Petrol,28
2022,1,FERRARI,Hybrid (Petrol),2
2022,1,FERRARI,Petrol,7
2022,1,FIAT,BEV,78
2022,1,FIAT,CNG,2
2022,1,FIAT,Diesel,6
2022,1,FIAT,Hybrid (Petrol),86
2022,1,FIAT,Petrol,92
2022,1,FORD,BEV,29
2022,1,FORD,Diesel,54
2022,1,FORD,Hybrid (Diesel),3
2022,1,FORD,Hybrid (Petrol),303
2022,1,FORD,PHEV,30
2022,1,FORD,Petrol,81
2022,1,FORD-CNG-TECHNIK,Hybrid (Petrol),3
2022,1,GENESIS,Diesel,6
2022,1,GENESIS,Petrol,13
2022,1,HONDA,BEV,7
2022,1,HONDA,Hybrid (Petrol),145
2022,1,HYUNDAI,BEV,204
2022,1,HYUNDAI,Diesel,17
2022,1,HYUNDAI,Hybrid (Diesel),4
2022,1,HYUNDAI,Hybrid (Petrol),239
2022,1,HYUNDAI,Hydrogen,3
2022,1,HYUNDAI,PHEV,30
2022,1,HYUNDAI,Petrol,195
2022,1,JAC,BEV,9
2022,1,JAGUAR,BEV,11
2022,1,JAGUAR,Diesel,1
2022,1,JAGUAR,Hybrid (Diesel),2
2022,1,JAGUAR,Hybrid (Petrol),10
2022,1,JAGUAR,Petrol,12
2022,1,JEEP,Hybrid (Petrol),21
2022,1,JEEP,PHEV,38
2022,1,JEEP,Petrol,41
2022,1,KIA,BEV,59
2022,1,KIA,Diesel,6
2022,1,KIA,Hybrid (Diesel),9
2022,1,KIA,Hybrid (Petrol),150
2022,1,KIA,PHEV,13
2022,1,KIA,Petrol,96
2022,1,LAMBORGHINI,Hybrid (Petrol),1
2022,1,LAMBORGHINI,Petrol,11
2022,1,LAND ROVER,Hybrid (Diesel),21
2022,1,LAND ROVER,Hybrid (Petrol),25
2022,1,LAND ROVER,PHEV,13
2022,1,LAND ROVER,Petrol,20
2022,1,LEXUS,BEV,1
2022,1,LEXUS,Hybrid (Petrol),29
2022,1,LEXUS,PHEV,17
2022,1,LEXUS,Petrol,1
2022,1,MAN,BEV,1
2022,1,MASERATI,Hybrid (Petrol),8
2022,1,MASERATI,Petrol,10
2022,1,MAZDA,BEV,1
2022,1,MAZDA,Diesel,8
2022,1,MAZDA,Hybrid (Petrol),136
2022,1,MAZDA,Petrol,150
2022,1,MC LAREN,Petrol,2
2022,1,MERCEDES-AMG,Hybrid (Petrol),4
2022,1,MERCEDES-AMG,Petrol,16
2022,1,MERCEDES-BENZ,BEV,94
2022,1,MERCEDES-BENZ,Diesel,416
2022,1,MERCEDES-BENZ,Diesel PHEV,18
2022,1,MERCEDES-BENZ,Hybrid (Diesel),115
2022,1,MERCEDES-BENZ,Hybrid (Petrol),248
2022,1,MERCEDES-BENZ,PHEV,64
2022,1,MERCEDES-BENZ,Petrol,503
2022,1,MG,BEV,3
2022,1,MINI,BEV,39
2022,1,MINI,Diesel,2
2022,1,MINI,PHEV,45
2022,1,MINI,Petrol,212
2022,1,MITSUBISHI,PHEV,38
2022,1,MITSUBISHI,Petrol,77
2022,1,NISSAN,BEV,23
2022,1,NISSAN,Diesel,3
2022,1,NISSAN,Hybrid (Petrol),69
2022,1,NISSAN,Petrol,39
2022,1,OPEL,BEV,56
2022,1,OPEL,Diesel,44
2022,1,OPEL,PHEV,1
2022,1,OPEL,Petrol,278
2022,1,PEUGEOT,BEV,143
2022,1,PEUGEOT,Diesel,56
2022,1,PEUGEOT,Hybrid (Petrol),2
2022,1,PEUGEOT,PHEV,137
2022,1,PEUGEOT,Petrol,319
2022,1,POLESTAR,BEV,46
2022,1,POLESTAR,PHEV,2
2022,1,PORSCHE,BEV,90
2022,1,PORSCHE,Hybrid (Petrol),21
2022,1,PORSCHE,PHEV,26
2022,1,PORSCHE,Petrol,288
2022,1,RENAULT,BEV,111
2022,1,RENAULT,Diesel,107
2022,1,RENAULT,Hybrid (Petrol),207
2022,1,RENAULT,PHEV,28
2022,1,RENAULT,Petrol,233
2022,1,ROLLS ROYCE,Petrol,5
2022,1,SEAT,BEV,1
2022,1,SEAT,CNG,7
2022,1,SEAT,Diesel,122
2022,1,SEAT,Hybrid (Petrol),44
2022,1,SEAT,PHEV,24
2022,1,SEAT,Petrol,352
2022,1,SKODA,BEV,231
2022,1,SKODA,CNG,3
2022,1,SKODA,Diesel,409
2022,1,SKODA,Hybrid (Petrol),110
2022,1,SKODA,PHEV,27
2022,1,SKODA,Petrol,823
2022,1,SMART,BEV,15
2022,1,SSANGYONG,Diesel,1
2022,1,SSANGYONG,Petrol,2
2022,1,SUBARU,Hybrid (Petrol),69
2022,1,SUBARU,Petrol,11
2022,1,SUZUKI,Hybrid (Petrol),282
2022,1,SUZUKI,PHEV,2
2022,1,SUZUKI,Petrol,2
2022,1,TESLA,BEV,18
2022,1,TOYOTA,BEV,6
2022,1,TOYOTA,Diesel,75
2022,1,TOYOTA,Hybrid (Petrol),643
2022,1,TOYOTA,Hydrogen,5
2022,1,TOYOTA,LPG,1
2022,1,TOYOTA,PHEV,53
2022,1,TOYOTA,Petrol,130
2022,1,UEBRIGE (SIEHE TYP),BEV,1
2022,1,VOLVO,BEV,128
2022,1,VOLVO,Hybrid (Diesel),63
2022,1,VOLVO,Hybrid (Petrol),301
2022,1,VOLVO,PHEV,149
2022,1,VOLVO,Petrol,51
2022,1,VW,BEV,124
2022,1,VW,CNG,1
2022,1,VW,Diesel,495
2022,1,VW,Hybrid (Petrol),93
2022,1,VW,PHEV,58
2022,1,VW,Petrol,762
2022,2,AIWAYS,BEV,3
2022,2,ALFA ROMEO,Diesel,3
2022,2,ALFA ROMEO,Petrol,43
2022,2,ALPINA,Diesel,2
2022,2,ALPINA,Petrol,1
2022,2,ALPINE,Petrol,6
2022,2,ASTON MARTIN,Petrol,6
2022,2,AUDI,BEV,243
2022,2,AUDI,CNG,1
2022,2,AUDI,Diesel,44
2022,2,AUDI,Hybrid (Diesel),197
2022,2,AUDI,Hybrid (Petrol),227
2022,2,AUDI,PHEV,89
2022,2,AUDI,Petrol,451
2022,2,BENTLEY,Petrol,16
2022,2,BMW,BEV,136
2022,2,BMW,Diesel,245
2022,2,BMW,Hybrid (Diesel),297
2022,2,BMW,Hybrid (Petrol),171
2022,2,BMW,PHEV,202
2022,2,BMW,Petrol,324
2022,2,CADILLAC,Petrol,1
2022,2,CITROEN,BEV,75
2022,2,CITROEN,Diesel,71
2022,2,CITROEN,PHEV,29
2022,2,CITROEN,Petrol,242
2022,2,CUPRA,BEV,33
2022,2,CUPRA,PHEV,37
2022,2,CUPRA,Petrol,73
2022,2,DACIA,BEV,34
2022,2,DACIA,Diesel,12
2022,2,DACIA,Petrol,277
2022,2,DODGE,Petrol,1
2022,2,DS,BEV,16
2022,2,DS,PHEV,31
2022,2,DS,Petrol,35
2022,2,FERRARI,Hybrid (Petrol),4
2022,2,FERRARI,Petrol,20
2022,2,FIAT,BEV,89
2022,2,FIAT,Diesel,2
2022,2,FIAT,Hybrid (Petrol),70
2022,2,FIAT,Petrol,50
2022,2,FORD,BEV,43
2022,2,FORD,Diesel,78
2022,2,FORD,Hybrid (Diesel),6
2022,2,FORD,Hybrid (Petrol),308
2022,2,FORD,PHEV,38
2022,2,FORD,Petrol,94
2022,2,FORD-CNG-TECHNIK,Hybrid (Petrol),6
2022,2,GENESIS,Diesel,7
2022,2,GENESIS,Petrol,13
2022,2,HONDA,BEV,12
2022,2,HONDA,Hybrid (Petrol),228
2022,2,HYUNDAI,BEV,248
2022,2,HYUNDAI,Diesel,12
2022,2,HYUNDAI,Hybrid (Petrol),243
2022,2,HYUNDAI,PHEV,55
2022,2,HYUNDAI,Petrol,150
2022,2,JAC,BEV,10
2022,2,JAGUAR,BEV,8
2022,2,JAGUAR,Hybrid (Diesel),6
2022,2,JAGUAR,Hybrid (Petrol),16
2022,2,JAGUAR,PHEV,1
2022,2,JAGUAR,Petrol,19
2022,2,JEEP,Hybrid (Petrol),24
2022,2,JEEP,PHEV,46
2022,2,JEEP,Petrol,51
2022,2,KIA,BEV,49
2022,2,KIA,Diesel,9
2022,2,KIA,Hybrid (Diesel),10
2022,2,KIA,Hybrid (Petrol),136
2022,2,KIA,PHEV,41
2022,2,KIA,Petrol,120
2022,2,LAMBORGHINI,Hybrid (Petrol),1
2022,2,LAMBORGHINI,Petrol,10
2022,2,LAND ROVER,Hybrid (Diesel),22
2022,2,LAND ROVER,Hybrid (Petrol),35
2022,2,LAND ROVER,PHEV,9
2022,2,LAND ROVER,Petrol,21
2022,2,LEXUS,BEV,6
2022,2,LEXUS,Hybrid (Petrol),33
2022,2,LEXUS,PHEV,18
2022,2,LEXUS,Petrol,2
2022,2,LOTUS,Petrol,3
2022,2,MASERATI,Hybrid (Petrol),10
2022,2,MASERATI,Petrol,12
2022,2,MAZDA,BEV,1
2022,2,MAZDA,Diesel,19
2022,2,MAZDA,Hybrid (Petrol),256
2022,2,MAZDA,Petrol,197
2022,2,MC LAREN,Petrol,1
2022,2,MERCEDES-AMG,Hybrid (Petrol),5
2022,2,MERCEDES-AMG,Petrol,19
2022,2,MERCEDES-BENZ,BEV,176
2022,2,MERCEDES-BENZ,Diesel,368
2022,2,MERCEDES-BENZ,Diesel PHEV,26
2022,2,MERCEDES-BENZ,Hybrid (Diesel),140
2022,2,MERCEDES-BENZ,Hybrid (Petrol),267
2022,2,MERCEDES-BENZ,PHEV,53
2022,2,MERCEDES-BENZ,Petrol,407
2022,2,MINI,BEV,46
2022,2,MINI,Diesel,1
2022,2,MINI,PHEV,44
2022,2,MINI,Petrol,273
2022,2,MITSUBISHI,PHEV,51
2022,2,MITSUBISHI,Petrol,99
2022,2,NISSAN,BEV,2
2022,2,NISSAN,Diesel,1
2022,2,NISSAN,Hybrid (Petrol),43
2022,2,NISSAN,Petrol,22
2022,2,OPEL,BEV,57
2022,2,OPEL,Diesel,51
2022,2,OPEL,PHEV,1
2022,2,OPEL,Petrol,288
2022,2,PEUGEOT,BEV,129
2022,2,PEUGEOT,Diesel,92
2022,2,PEUGEOT,PHEV,70
2022,2,PEUGEOT,Petrol,419
2022,2,POLESTAR,BEV,65
2022,2,PORSCHE,BEV,60
2022,2,PORSCHE,Hybrid (Petrol),18
2022,2,PORSCHE,PHEV,29
2022,2,PORSCHE,Petrol,207
2022,2,RENAULT,BEV,96
2022,2,RENAULT,Diesel,48
2022,2,RENAULT,Hybrid (Petrol),143
2022,2,RENAULT,PHEV,31
2022,2,RENAULT,Petrol,149
2022,2,ROLLS ROYCE,Petrol,3
2022,2,SEAT,BEV,1
2022,2,SEAT,CNG,3
2022,2,SEAT,Diesel,129
2022,2,SEAT,Hybrid (Petrol),37
2022,2,SEAT,PHEV,21
2022,2,SEAT,Petrol,292
2022,2,SKODA,BEV,166
2022,2,SKODA,CNG,2
2022,2,SKODA,Diesel,460
2022,2,SKODA,Hybrid (Petrol),78
2022,2,SKODA,PHEV,12
2022,2,SKODA,Petrol,732
2022,2,SMART,BEV,17
2022,2,SSANGYONG,BEV,1
2022,2,SSANGYONG,Diesel,1
2022,2,SSANGYONG,Petrol,2
2022,2,SUBARU,Hybrid (Petrol),113
2022,2,SUBARU,Petrol,30
2022,2,SUZUKI,Hybrid (Petrol),228
2022,2,SUZUKI,PHEV,4
2022,2,TESLA,BEV,375
2022,2,TOYOTA,BEV,5
2022,2,TOYOTA,Diesel,74
2022,2,TOYOTA,Hybrid (Petrol),709
2022,2,TOYOTA,Hydrogen,4
2022,2,TOYOTA,PHEV,71
2022,2,TOYOTA,Petrol,205
2022,2,VOLVO,BEV,115
2022,2,VOLVO,Hybrid (Diesel),53
2022,2,VOLVO,Hybrid (Petrol),158
2022,2,VOLVO,PHEV,159
2022,2,VOLVO,Petrol,43
2022,2,VW,BEV,138
2022,2,VW,Diesel,428
2022,2,VW,Hybrid (Petrol),81
2022,2,VW,PHEV,128
2022,2,VW,Petrol,956
2022,3,AIWAYS,BEV,6
2022,3,ALFA ROMEO,Diesel,6
2022,3,ALFA ROMEO,Petrol,65
2022,3,ALPINA,Diesel,1
2022,3,ALPINA,Hybrid (Diesel),2
2022,3,ALPINA,Petrol,2
2022,3,ALPINE,Petrol,12
2022,3,ASTON MARTIN,Petrol,14
2022,3,AUDI,BEV,234
2022,3,AUDI,CNG,2
2022,3,AUDI,Diesel,87
2022,3,AUDI,Hybrid (Diesel),194
2022,3,AUDI,Hybrid (Petrol),384
2022,3,AUDI,PHEV,103
2022,3,AUDI,Petrol,565
2022,3,BENTLEY,Hybrid (Petrol),1
2022,3,BENTLEY,Petrol,18
2022,3,BMW,BEV,280
2022,3,BMW,Diesel,250
2022,3,BMW,Hybrid (Diesel),416
2022,3,BMW,Hybrid (Petrol),340
2022,3,BMW,PHEV,303
2022,3,BMW,Petrol,513
2022,3,CADILLAC,Diesel,2
2022,3,CATERHAM,Petrol,4
2022,3,CHEVROLET,Petrol,1
2022,3,CITROEN,BEV,39
2022,3,CITROEN,Diesel,42
2022,3,CITROEN,PHEV,4
2022,3,CITROEN,Petrol,209
2022,3,CUPRA,BEV,36
2022,3,CUPRA,PHEV,66
2022,3,CUPRA,Petrol,260
2022,3,DACIA,BEV,84
2022,3,DACIA,Diesel,4
2022,3,DACIA,Petrol,720
2022,3,DALLARA,Petrol,2
2022,3,DODGE,Petrol,2
2022,3,DONKERVOORT,Petrol,1
2022,3,DS,BEV,6
2022,3,DS,Diesel,1
2022,3,DS,PHEV,29
2022,3,DS,Petrol,35
2022,3,FERRARI,Hybrid (Petrol),6
2022,3,FERRARI,Petrol,36
2022,3,FIAT,BEV,196
2022,3,FIAT,CNG,1
2022,3,FIAT,Diesel,4
2022,3,FIAT,Hybrid (Petrol),132
2022,3,FIAT,Petrol,89
2022,3,FORD,BEV,65
2022,3,FORD,Diesel,85
2022,3,FORD,Hybrid (Diesel),7
2022,3,FORD,Hybrid (Petrol),407
2022,3,FORD,PHEV,69
2022,3,FORD,Petrol,101
2022,3,FORD-CNG-TECHNIK,Hybrid (Petrol),4
2022,3,GENESIS,BEV,1
2022,3,GENESIS,Diesel,5
2022,3,GENESIS,Petrol,9
2022,3,HONDA,BEV,33
2022,3,HONDA,Hybrid (Petrol),270
2022,3,HYUNDAI,BEV,264
2022,3,HYUNDAI,Diesel,14
2022,3,HYUNDAI,Hybrid (Petrol),293
2022,3,HYUNDAI,Hydrogen,3
2022,3,HYUNDAI,PHEV,61
2022,3,HYUNDAI,Petrol,155
2022,3,JAC,BEV,11
2022,3,JAGUAR,BEV,10
2022,3,JAGUAR,Hybrid (Diesel),9
2022,3,JAGUAR,Hybrid (Petrol),17
2022,3,JAGUAR,Petrol,19
2022,3,JEEP,Hybrid (Petrol),33
2022,3,JEEP,PHEV,89
2022,3,JEEP,Petrol,62
2022,3,KIA,BEV,101
2022,3,KIA,Diesel,8
2022,3,KIA,Hybrid (Diesel),5
2022,3,KIA,Hybrid (Petrol),206
2022,3,KIA,PHEV,55
2022,3,KIA,Petrol,168
2022,3,LAMBORGHINI,Hybrid (Petrol),1
2022,3,LAMBORGHINI,Petrol,22
2022,3,LANCIA,Hybrid (Petrol),1
2022,3,LAND ROVER,Diesel,1
2022,3,LAND ROVER,Hybrid (Diesel),31
2022,3,LAND ROVER,Hybrid (Petrol),44
2022,3,LAND ROVER,PHEV,11
2022,3,LAND ROVER,Petrol,24
2022,3,LEXUS,BEV,5
2022,3,LEXUS,Hybrid (Petrol),29
2022,3,LEXUS,PHEV,27
2022,3,LOTUS,Petrol,2
2022,3,MAN,Diesel,2
2022,3,MASERATI,Hybrid (Petrol),4
2022,3,MASERATI,Petrol,14
2022,3,MAZDA,BEV,2
2022,3,MAZDA,Diesel,5
2022,3,MAZDA,Hybrid (Petrol),162
2022,3,MAZDA,Petrol,256
2022,3,MC LAREN,Hybrid (Petrol),1
2022,3,MC LAREN,Petrol,3
2022,3,MERCEDES-AMG,Hybrid (Petrol),5
2022,3,MERCEDES-AMG,Petrol,12
2022,3,MERCEDES-BENZ,BEV,125
2022,3,MERCEDES-BENZ,Diesel,479
2022,3,MERCEDES-BENZ,Diesel PHEV,42
2022,3,MERCEDES-BENZ,Hybrid (Diesel),156
2022,3,MERCEDES-BENZ,Hybrid (Petrol),376
2022,3,MERCEDES-BENZ,PHEV,54
2022,3,MERCEDES-BENZ,Petrol,405
2022,3,MINI,BEV,58
2022,3,MINI,Diesel,5
2022,3,MINI,PHEV,22
2022,3,MINI,Petrol,230
2022,3,MITSUBISHI,PHEV,84
2022,3,MITSUBISHI,Petrol,138
2022,3,MORGAN,Petrol,4
2022,3,NISSAN,BEV,12
2022,3,NISSAN,Hybrid (Petrol),48
2022,3,NISSAN,Petrol,43
2022,3,OPEL,BEV,94
2022,3,OPEL,Diesel,52
2022,3,OPEL,PHEV,9
2022,3,OPEL,Petrol,420
2022,3,PEUGEOT,BEV,183
2022,3,PEUGEOT,Diesel,55
2022,3,PEUGEOT,PHEV,58
2022,3,PEUGEOT,Petrol,285
2022,3,POLESTAR,BEV,68
2022,3,PORSCHE,BEV,65
2022,3,PORSCHE,Hybrid (Petrol),14
2022,3,PORSCHE,PHEV,25
2022,3,PORSCHE,Petrol,381
2022,3,RENAULT,BEV,125
2022,3,RENAULT,Diesel,99
2022,3,RENAULT,Hybrid (Petrol),222
2022,3,RENAULT,PHEV,58
2022,3,RENAULT,Petrol,204
2022,3,ROLLS ROYCE,Petrol,4
2022,3,SEAT,CNG,1
2022,3,SEAT,Diesel,82
2022,3,SEAT,Hybrid (Petrol),57
2022,3,SEAT,PHEV,15
2022,3,SEAT,Petrol,267
2022,3,SKODA,BEV,114
2022,3,SKODA,CNG,8
2022,3,SKODA,Diesel,269
2022,3,SKODA,Hybrid (Petrol),100
2022,3,SKODA,PHEV,9
2022,3,SKODA,Petrol,752
2022,3,SMART,BEV,29
2022,3,SSANGYONG,BEV,1
2022,3,SUBARU,Hybrid (Petrol),209
2022,3,SUBARU,Petrol,34
2022,3,SUZUKI,Hybrid (Petrol),391
2022,3,SUZUKI,PHEV,6
2022,3,SUZUKI,Petrol,2
2022,3,TESLA,BEV,1573
2022,3,TOYOTA,BEV,9
2022,3,TOYOTA,Diesel,71
2022,3,TOYOTA,Hybrid (Petrol),735
2022,3,TOYOTA,Hydrogen,3
2022,3,TOYOTA,PHEV,76
2022,3,TOYOTA,Petrol,186
2022,3,VOLVO,BEV,162
2022,3,VOLVO,Hybrid (Diesel),63
2022,3,VOLVO,Hybrid (Petrol),171
2022,3,VOLVO,PHEV,260
2022,3,VOLVO,Petrol,38
2022,3,VW,BEV,261
2022,3,VW,Diesel,597
2022,3,VW,Hybrid (Petrol),72
2022,3,VW,PHEV,99
2022,3,VW,Petrol,1191
2022,4,AIWAYS,BEV,3
2022,4,ALFA ROMEO,Diesel,8
2022,4,ALFA ROMEO,Petrol,51
2022,4,ALPINA,Diesel,1
2022,4,ALPINA,Petrol,4
2022,4,ALPINE,Petrol,21
2022,4,ASTON MARTIN,Petrol,8
2022,4,AUDI,BEV,167
2022,4,AUDI,Diesel,86
2022,4,AUDI,Hybrid (Diesel),191
2022,4,AUDI,Hybrid (Petrol),343
2022,4,AUDI,PHEV,134
2022,4,AUDI,Petrol,378
2022,4,BENTLEY,Petrol,14
2022,4,BMW,BEV,181
2022,4,BMW,Diesel,210
2022,4,BMW,Hybrid (Diesel),261
2022,4,BMW,Hybrid (Petrol),201
2022,4,BMW,PHEV,244
2022,4,BMW,Petrol,449
2022,4,BUGATTI,Petrol,3
2022,4,CADILLAC,Petrol,3
2022,4,CHEVROLET,Petrol,3
2022,4,CHRYSLER,Petrol,1
2022,4,CITROEN,BEV,34
2022,4,CITROEN,Diesel,33
2022,4,CITROEN,PHEV,4
2022,4,CITROEN,Petrol,204
2022,4,CUPRA,BEV,45
2022,4,CUPRA,PHEV,42
2022,4,CUPRA,Petrol,254
2022,4,DACIA,BEV,61
2022,4,DACIA,Diesel,5
2022,4,DACIA,Petrol,350
2022,4,DALLARA,Petrol,1
2022,4,DODGE,Petrol,8
2022,4,DS,BEV,1
2022,4,DS,Diesel,2
2022,4,DS,PHEV,17
2022,4,DS,Petrol,11
2022,4,FERRARI,Hybrid (Petrol),3
2022,4,FERRARI,Petrol,57
2022,4,FIAT,BEV,168
2022,4,FIAT,Diesel,2
2022,4,FIAT,Hybrid (Petrol),74
2022,4,FIAT,Petrol,55
2022,4,FORD,BEV,57
2022,4,FORD,Diesel,135
2022,4,FORD,Hybrid (Diesel),9
2022,4,FORD,Hybrid (Petrol),323
2022,4,FORD,PHEV,29
2022,4,FORD,Petrol,97
2022,4,FORD-CNG-TECHNIK,Hybrid (Petrol),2
2022,4,GENESIS,Diesel,4
2022,4,GENESIS,Petrol,8
2022,4,HONDA,BEV,15
2022,4,HONDA,Hybrid (Petrol),186
2022,4,HYUNDAI,BEV,178
2022,4,HYUNDAI,Diesel,7
2022,4,HYUNDAI,Hybrid (Diesel),2
2022,4,HYUNDAI,Hybrid (Petrol),292
2022,4,HYUNDAI,Hydrogen,3
2022,4,HYUNDAI,PHEV,51
2022,4,HYUNDAI,Petrol,163
2022,4,JAC,BEV,1
2022,4,JAGUAR,BEV,6
2022,4,JAGUAR,Hybrid (Diesel),5
2022,4,JAGUAR,Hybrid (Petrol),12
2022,4,JAGUAR,PHEV,2
2022,4,JAGUAR,Petrol,14
2022,4,JEEP,Hybrid (Petrol),25
2022,4,JEEP,PHEV,47
2022,4,JEEP,Petrol,23
2022,4,KIA,BEV,122
2022,4,KIA,Diesel,8
2022,4,KIA,Hybrid (Diesel),5
2022,4,KIA,Hybrid (Petrol),184
2022,4,KIA,PHEV,44
2022,4,KIA,Petrol,123
2022,4,KTM,Petrol,1
2022,4,LAMBORGHINI,Petrol,14
2022,4,LAND ROVER,Hybrid (Diesel),27
2022,4,LAND ROVER,Hybrid (Petrol),75
2022,4,LAND ROVER,PHEV,10
2022,4,LAND ROVER,Petrol,22
2022,4,LEXUS,BEV,5
2022,4,LEXUS,Hybrid (Petrol),23
2022,4,LEXUS,PHEV,13
2022,4,LEXUS,Petrol,1
2022,4,MAN,Diesel,1
2022,4,MASERATI,Hybrid (Petrol),11
2022,4,MASERATI,Petrol,19
2022,4,MAZDA,BEV,2
2022,4,MAZDA,Diesel,8
2022,4,MAZDA,Hybrid (Petrol),179
2022,4,MAZDA,Petrol,148
2022,4,MC LAREN,Petrol,3
2022,4,MERCEDES-AMG,Hybrid (Petrol),2
2022,4,MERCEDES-AMG,Petrol,17
2022,4,MERCEDES-BENZ,BEV,137
2022,4,MERCEDES-BENZ,Diesel,387
2022,4,MERCEDES-BENZ,Diesel PHEV,31
2022,4,MERCEDES-BENZ,Hybrid (Diesel),137
2022,4,MERCEDES-BENZ,Hybrid (Petrol),288
2022,4,MERCEDES-BENZ,PHEV,48
2022,4,MERCEDES-BENZ,Petrol,357
2022,4,MINI,BEV,43
2022,4,MINI,Diesel,2
2022,4,MINI,PHEV,34
2022,4,MINI,Petrol,176
2022,4,MITSUBISHI,PHEV,14
2022,4,MITSUBISHI,Petrol,115
2022,4,MORGAN,Petrol,3
2022,4,NISSAN,BEV,18
2022,4,NISSAN,Hybrid (Petrol),108
2022,4,NISSAN,Petrol,42
2022,4,OPEL,BEV,51
2022,4,OPEL,Diesel,46
2022,4,OPEL,PHEV,4
2022,4,OPEL,Petrol,155
2022,4,PEUGEOT,BEV,76
2022,4,PEUGEOT,Diesel,81
2022,4,PEUGEOT,PHEV,54
2022,4,PEUGEOT,Petrol,395
2022,4,POLESTAR,BEV,89
2022,4,PORSCHE,BEV,38
2022,4,PORSCHE,Hybrid (Petrol),15
2022,4,PORSCHE,PHEV,14
2022,4,PORSCHE,Petrol,263
2022,4,RENAULT,BEV,107
2022,4,RENAULT,Diesel,94
2022,4,RENAULT,Hybrid (Petrol),108
2022,4,RENAULT,PHEV,24
2022,4,RENAULT,Petrol,109
2022,4,ROLLS ROYCE,Petrol,2
2022,4,SEAT,CNG,6
2022,4,SEAT,Diesel,59
2022,4,SEAT,Hybrid (Petrol),41
2022,4,SEAT,PHEV,14
2022,4,SEAT,Petrol,265
2022,4,SKODA,BEV,89
2022,4,SKODA,CNG,1
2022,4,SKODA,Diesel,337
2022,4,SKODA,Hybrid (Petrol),30
2022,4,SKODA,PHEV,18
2022,4,SKODA,Petrol,550
2022,4,SMART,BEV,18
2022,4,SSANGYONG,Diesel,2
2022,4,SSANGYONG,Petrol,5
2022,4,SUBARU,Hybrid (Petrol),74
2022,4,SUBARU,Petrol,27
2022,4,SUZUKI,Hybrid (Petrol),316
2022,4,SUZUKI,PHEV,9
2022,4,TESLA,BEV,61
2022,4,TOYOTA,BEV,6
2022,4,TOYOTA,Diesel,40
2022,4,TOYOTA,Hybrid (Petrol),613
2022,4,TOYOTA,Hydrogen,6
2022,4,TOYOTA,PHEV,37
2022,4,TOYOTA,Petrol,194
2022,4,VOLVO,BEV,146
2022,4,VOLVO,Hybrid (Diesel),51
2022,4,VOLVO,Hybrid (Petrol),92
2022,4,VOLVO,PHEV,125
2022,4,VOLVO,Petrol,21
2022,4,VW,BEV,185
2022,4,VW,Diesel,358
2022,4,VW,Hybrid (Petrol),43
2022,4,VW,PHEV,58
2022,4,VW,Petrol,881
2022,5,AIWAYS,BEV,4
2022,5,ALFA ROMEO,Diesel,6
2022,5,ALFA ROMEO,Petrol,57
2022,5,ALPINA,Diesel,3
2022,5,ALPINA,Petrol,1
2022,5,ALPINE,Petrol,9
2022,5,ASTON MARTIN,Petrol,7
2022,5,AUDI,BEV,272
2022,5,AUDI,Diesel,143
2022,5,AUDI,Hybrid (Diesel),207
2022,5,AUDI,Hybrid (Petrol),461
2022,5,AUDI,PHEV,102
2022,5,AUDI,Petrol,509
2022,5,BENTLEY,Hybrid (Petrol),1
2022,5,BENTLEY,Petrol,24
2022,5,BMW,BEV,213
2022,5,BMW,Diesel,192
2022,5,BMW,Hybrid (Diesel),364
2022,5,BMW,Hybrid (Petrol),211
2022,5,BMW,PHEV,365
2022,5,BMW,Petrol,442
2022,5,BUGATTI,Petrol,1
2022,5,CADILLAC,Petrol,4
2022,5,CATERHAM,Petrol,2
2022,5,CHEVROLET,Petrol,5
2022,5,CHRYSLER,Petrol,3
2022,5,CITROEN,BEV,30
2022,5,CITROEN,Diesel,43
2022,5,CITROEN,PHEV,11
2022,5,CITROEN,Petrol,286
2022,5,CUPRA,BEV,183
2022,5,CUPRA,PHEV,38
2022,5,CUPRA,Petrol,284
2022,5,DACIA,BEV,32
2022,5,DACIA,Diesel,18
2022,5,DACIA,Petrol,263
2022,5,DODGE,Petrol,6
2022,5,DS,BEV,1
2022,5,DS,Diesel,1
2022,5,DS,PHEV,22
2022,5,DS,Petrol,27
2022,5,FERRARI,Hybrid (Petrol),4
2022,5,FERRARI,Petrol,42
2022,5,FIAT,BEV,126
2022,5,FIAT,Diesel,4
2022,5,FIAT,Hybrid (Petrol),129
2022,5,FIAT,Petrol,94
2022,5,FORD,BEV,41
2022,5,FORD,Diesel,163
2022,5,FORD,Hybrid (Diesel),8
2022,5,FORD,Hybrid (Petrol),411
2022,5,FORD,PHEV,106
2022,5,FORD,Petrol,78
2022,5,FORD-CNG-TECHNIK,Hybrid (Petrol),4
2022,5,GENESIS,BEV,9
2022,5,GENESIS,Diesel,4
2022,5,GENESIS,Petrol,16
2022,5,GMC,Petrol,1
2022,5,HONDA,BEV,10
2022,5,HONDA,Hybrid (Petrol),200
2022,5,HYUNDAI,BEV,162
2022,5,HYUNDAI,Diesel,9
2022,5,HYUNDAI,Hybrid (Diesel),1
2022,5,HYUNDAI,Hybrid (Petrol),253
2022,5,HYUNDAI,Hydrogen,1
2022,5,HYUNDAI,PHEV,47
2022,5,HYUNDAI,Petrol,207
2022,5,JAGUAR,BEV,11
2022,5,JAGUAR,Diesel,1
2022,5,JAGUAR,Hybrid (Diesel),4
2022,5,JAGUAR,Hybrid (Petrol),9
2022,5,JAGUAR,PHEV,6
2022,5,JAGUAR,Petrol,21
2022,5,JEEP,Diesel,1
2022,5,JEEP,Hybrid (Petrol),40
2022,5,JEEP,PHEV,79
2022,5,JEEP,Petrol,84
2022,5,KIA,BEV,103
2022,5,KIA,Diesel,6
2022,5,KIA,Hybrid (Diesel),2
2022,5,KIA,Hybrid (Petrol),192
2022,5,KIA,PHEV,57
2022,5,KIA,Petrol,166
2022,5,KLINGLER,BEV,1
2022,5,LAMBORGHINI,Hybrid (Petrol),4
2022,5,LAMBORGHINI,Petrol,23
2022,5,LAND ROVER,Hybrid (Diesel),119
2022,5,LAND ROVER,Hybrid (Petrol),48
2022,5,LAND ROVER,PHEV,6
2022,5,LAND ROVER,Petrol,25
2022,5,LEXUS,BEV,4
2022,5,LEXUS,Hybrid (Petrol),28
2022,5,LEXUS,PHEV,5
2022,5,LEXUS,Petrol,2
2022,5,LOTUS,Petrol,1
2022,5,MAN,Diesel,1
2022,5,MASERATI,Hybrid (Petrol),4
2022,5,MASERATI,Petrol,14
2022,5,MAZDA,BEV,1
2022,5,MAZDA,Diesel,3
2022,5,MAZDA,Hybrid (Petrol),176
2022,5,MAZDA,Petrol,115
2022,5,MC LAREN,Petrol,4
2022,5,MERCEDES-ADRIA,Hybrid (Petrol),1
2022,5,MERCEDES-AMG,Hybrid (Petrol),10
2022,5,MERCEDES-AMG,Petrol,10
2022,5,MERCEDES-BENZ,BEV,138
2022,5,MERCEDES-BENZ,Diesel,446
2022,5,MERCEDES-BENZ,Diesel PHEV,32
2022,5,MERCEDES-BENZ,Hybrid (Diesel),133
2022,5,MERCEDES-BENZ,Hybrid (Petrol),337
2022,5,MERCEDES-BENZ,PHEV,44
2022,5,MERCEDES-BENZ,Petrol,378
2022,5,MINI,BEV,50
2022,5,MINI,Diesel,4
2022,5,MINI,PHEV,22
2022,5,MINI,Petrol,226
2022,5,MITSUBISHI,PHEV,63
2022,5,MITSUBISHI,Petrol,114
2022,5,MORGAN,Petrol,1
2022,5,NISSAN,BEV,17
2022,5,NISSAN,Diesel,1
2022,5,NISSAN,Hybrid (Petrol),77
2022,5,NISSAN,Petrol,62
2022,5,OPEL,BEV,62
2022,5,OPEL,Diesel,64
2022,5,OPEL,PHEV,35
2022,5,OPEL,Petrol,166
2022,5,PEUGEOT,BEV,101
2022,5,PEUGEOT,Diesel,115
2022,5,PEUGEOT,Hybrid (Petrol),3
2022,5,PEUGEOT,PHEV,77
2022,5,PEUGEOT,Petrol,302
2022,5,POLESTAR,BEV,91
2022,5,PORSCHE,BEV,54
2022,5,PORSCHE,Hybrid (Petrol),20
2022,5,PORSCHE,PHEV,17
2022,5,PORSCHE,Petrol,291
2022,5,RENAULT,BEV,58
2022,5,RENAULT,Diesel,113
2022,5,RENAULT,Hybrid (Petrol),175
2022,5,RENAULT,PHEV,15
2022,5,RENAULT,Petrol,149
2022,5,ROLLS ROYCE,Petrol,3
2022,5,SEAT,BEV,1
2022,5,SEAT,CNG,3
2022,5,SEAT,Diesel,49
2022,5,SEAT,Hybrid (Petrol),51
2022,5,SEAT,PHEV,5
2022,5,SEAT,Petrol,422
2022,5,SKODA,BEV,125
2022,5,SKODA,CNG,5
2022,5,SKODA,Diesel,723
2022,5,SKODA,Hybrid (Petrol),34
2022,5,SKODA,PHEV,31
2022,5,SKODA,Petrol,522
2022,5,SMART,BEV,29
2022,5,SSANGYONG,BEV,13
2022,5,SSANGYONG,Diesel,5
2022,5,SSANGYONG,Petrol,2
2022,5,SUBARU,Hybrid (Petrol),58
2022,5,SUBARU,Petrol,31
2022,5,SUZUKI,Hybrid (Petrol),286
2022,5,SUZUKI,PHEV,16
2022,5,SUZUKI,Petrol,1
2022,5,TESLA,BEV,251
2022,5,TOYOTA,BEV,5
2022,5,TOYOTA,Diesel,52
2022,5,TOYOTA,Hybrid (Petrol),672
2022,5,TOYOTA,Hydrogen,9
2022,5,TOYOTA,PHEV,61
2022,5,TOYOTA,Petrol,201
2022,5,VOLVO,BEV,115
2022,5,VOLVO,Hybrid (Diesel),71
2022,5,VOLVO,Hybrid (Petrol),94
2022,5,VOLVO,PHEV,131
2022,5,VOLVO,Petrol,21
2022,5,VW,BEV,310
2022,5,VW,CNG,1
2022,5,VW,Diesel,445
2022,5,VW,Hybrid (Petrol),96
2022,5,VW,PHEV,46
2022,5,VW,Petrol,1047
2022,6,AIWAYS,BEV,4
2022,6,ALFA ROMEO,Diesel,9
2022,6,ALFA ROMEO,Hybrid (Petrol),82
2022,6,ALFA ROMEO,Petrol,91
2022,6,ALPINA,Diesel,2
2022,6,ALPINA,Petrol,2
2022,6,ALPINE,Petrol,6
2022,6,ASTON MARTIN,Hybrid (Petrol),1
2022,6,ASTON MARTIN,Petrol,3
2022,6,AUDI,BEV,268
2022,6,AUDI,CNG,3
2022,6,AUDI,Diesel,89
2022,6,AUDI,Hybrid (Diesel),196
2022,6,AUDI,Hybrid (Petrol),373
2022,6,AUDI,PHEV,66
2022,6,AUDI,Petrol,542
2022,6,BENTLEY,Hybrid (Petrol),3
2022,6,BENTLEY,Petrol,10
2022,6,BMW,BEV,213
2022,6,BMW,Diesel,185
2022,6,BMW,Hybrid (Diesel),357
2022,6,BMW,Hybrid (Petrol),228
2022,6,BMW,PHEV,309
2022,6,BMW,Petrol,442
2022,6,BUGATTI,Petrol,3
2022,6,CADILLAC,Diesel,2
2022,6,CADILLAC,Petrol,7
2022,6,CHEVROLET,Petrol,2
2022,6,CHRYSLER,Petrol,3
2022,6,CITROEN,BEV,47
2022,6,CITROEN,Diesel,22
2022,6,CITROEN,PHEV,70
2022,6,CITROEN,Petrol,191
2022,6,CUPRA,BEV,196
2022,6,CUPRA,PHEV,30
2022,6,CUPRA,Petrol,360
2022,6,DACIA,BEV,48
2022,6,DACIA,Diesel,64
2022,6,DACIA,LPG,1
2022,6,DACIA,Petrol,794
2022,6,DODGE,Petrol,5
2022,6,DS,BEV,1
2022,6,DS,Diesel,5
2022,6,DS,PHEV,30
2022,6,DS,Petrol,20
2022,6,FERRARI,Hybrid (Petrol),6
2022,6,FERRARI,Petrol,42
2022,6,FIAT,BEV,129
2022,6,FIAT,Diesel,2
2022,6,FIAT,Hybrid (Petrol),129
2022,6,FIAT,Petrol,71
2022,6,FORD,BEV,51
2022,6,FORD,Diesel,104
2022,6,FORD,Hybrid (Diesel),16
2022,6,FORD,Hybrid (Petrol),364
2022,6,FORD,PHEV,71
2022,6,FORD,Petrol,95
2022,6,FORD-CNG-TECHNIK,Hybrid (Petrol),2
2022,6,GENESIS,BEV,27
2022,6,GENESIS,Diesel,10
2022,6,GENESIS,Petrol,23
2022,6,HONDA,BEV,21
2022,6,HONDA,Hybrid (Petrol),249
2022,6,HYUNDAI,BEV,126
2022,6,HYUNDAI,Diesel,9
2022,6,HYUNDAI,Hybrid (Petrol),198
2022,6,HYUNDAI,Hydrogen,4
2022,6,HYUNDAI,PHEV,58
2022,6,HYUNDAI,Petrol,121
2022,6,JAGUAR,BEV,7
2022,6,JAGUAR,Hybrid (Diesel),2
2022,6,JAGUAR,Hybrid (Petrol),23
2022,6,JAGUAR,PHEV,17
2022,6,JAGUAR,Petrol,14
2022,6,JEEP,Hybrid (Petrol),61
2022,6,JEEP,PHEV,76
2022,6,JEEP,Petrol,48
2022,6,KIA,BEV,73
2022,6,KIA,Hybrid (Petrol),242
2022,6,KIA,PHEV,61
2022,6,KIA,Petrol,206
2022,6,LAMBORGHINI,Petrol,24
2022,6,LAND ROVER,Hybrid (Diesel),44
2022,6,LAND ROVER,Hybrid (Petrol),46
2022,6,LAND ROVER,PHEV,12
2022,6,LAND ROVER,Petrol,16
2022,6,LEXUS,Hybrid (Petrol),25
2022,6,LEXUS,PHEV,2
2022,6,LEXUS,Petrol,1
2022,6,LOTUS,Petrol,4
2022,6,MASERATI,Hybrid (Petrol),13
2022,6,MASERATI,Petrol,17
2022,6,MAZDA,Diesel,12
2022,6,MAZDA,Hybrid (Petrol),204
2022,6,MAZDA,Petrol,115
2022,6,MC LAREN,Hybrid (Petrol),1
2022,6,MC LAREN,Petrol,4
2022,6,MERCEDES-AMG,Hybrid (Petrol),3
2022,6,MERCEDES-AMG,PHEV,1
2022,6,MERCEDES-AMG,Petrol,51
2022,6,MERCEDES-BENZ,BEV,133
2022,6,MERCEDES-BENZ,Diesel,480
2022,6,MERCEDES-BENZ,Diesel PHEV,40
2022,6,MERCEDES-BENZ,Hybrid (Diesel),163
2022,6,MERCEDES-BENZ,Hybrid (Petrol),309
2022,6,MERCEDES-BENZ,PHEV,61
2022,6,MERCEDES-BENZ,Petrol,502
2022,6,MINI,BEV,31
2022,6,MINI,Diesel,4
2022,6,MINI,PHEV,28
2022,6,MINI,Petrol,266
2022,6,MITSUBISHI,PHEV,103
2022,6,MITSUBISHI,Petrol,105
2022,6,MORGAN,Petrol,3
2022,6,NISSAN,BEV,19
2022,6,NISSAN,Diesel,2
2022,6,NISSAN,Hybrid (Petrol),84
2022,6,NISSAN,Petrol,64
2022,6,OPEL,BEV,61
2022,6,OPEL,Diesel,45
2022,6,OPEL,Hybrid (Petrol),1
2022,6,OPEL,PHEV,22
2022,6,OPEL,Petrol,206
2022,6,PEUGEOT,BEV,58
2022,6,PEUGEOT,Diesel,228
2022,6,PEUGEOT,PHEV,101
2022,6,PEUGEOT,Petrol,324
2022,6,POLESTAR,BEV,43
2022,6,POLESTAR,PHEV,1
2022,6,PORSCHE,BEV,52
2022,6,PORSCHE,Hybrid (Petrol),15
2022,6,PORSCHE,PHEV,24
2022,6,PORSCHE,Petrol,266
2022,6,RENAULT,BEV,208
2022,6,RENAULT,Diesel,69
2022,6,RENAULT,Hybrid (Petrol),224
2022,6,RENAULT,PHEV,12
2022,6,RENAULT,Petrol,148
2022,6,ROLLS ROYCE,Petrol,2
2022,6,SEAT,BEV,1
2022,6,SEAT,CNG,3
2022,6,SEAT,Diesel,77
2022,6,SEAT,Hybrid (Petrol),29
2022,6,SEAT,PHEV,7
2022,6,SEAT,Petrol,329
2022,6,SKODA,BEV,244
2022,6,SKODA,CNG,3
2022,6,SKODA,Diesel,474
2022,6,SKODA,Hybrid (Petrol),38
2022,6,SKODA,PHEV,30
2022,6,SKODA,Petrol,817
2022,6,SMART,BEV,27
2022,6,SSANGYONG,BEV,2
2022,6,SSANGYONG,Diesel,1
2022,6,SSANGYONG,Petrol,1
2022,6,SUBARU,BEV,8
2022,6,SUBARU,Hybrid (Petrol),163
2022,6,SUBARU,Petrol,37
2022,6,SUZUKI,Hybrid (Petrol),320
2022,6,SUZUKI,PHEV,8
2022,6,SUZUKI,Petrol,3
2022,6,TESLA,BEV,1958
2022,6,TOYOTA,BEV,12
2022,6,TOYOTA,Diesel,59
2022,6,TOYOTA,Hybrid (Petrol),736
2022,6,TOYOTA,Hydrogen,6
2022,6,TOYOTA,PHEV,52
2022,6,TOYOTA,Petrol,213
2022,6,UEBRIGE (SIEHE TYP),BEV,1
2022,6,VOLVO,BEV,51
2022,6,VOLVO,Hybrid (Diesel),82
2022,6,VOLVO,Hybrid (Petrol),97
2022,6,VOLVO,PHEV,76
2022,6,VOLVO,Petrol,20
2022,6,VW,BEV,340
2022,6,VW,Diesel,515
2022,6,VW,Hybrid (Petrol),118
2022,6,VW,PHEV,67
2022,6,VW,Petrol,1016
2022,7,AIWAYS,BEV,5
2022,7,ALFA ROMEO,Diesel,7
2022,7,ALFA ROMEO,Hybrid (Petrol),41
2022,7,ALFA ROMEO,Petrol,93
2022,7,ALPINA,Diesel,2
2022,7,ALPINA,Petrol,1
2022,7,ALPINE,Petrol,4
2022,7,ASTON MARTIN,Petrol,12
2022,7,AUDI,BEV,183
2022,7,AUDI,CNG,2
2022,7,AUDI,Diesel,67
2022,7,AUDI,Hybrid (Diesel),189
2022,7,AUDI,Hybrid (Petrol),221
2022,7,AUDI,PHEV,26
2022,7,AUDI,Petrol,492
2022,7,BENTLEY,Hybrid (Petrol),1
2022,7,BENTLEY,Petrol,15
2022,7,BMW,BEV,85
2022,7,BMW,Diesel,141
2022,7,BMW,Hybrid (Diesel),279
2022,7,BMW,Hybrid (Petrol),142
2022,7,BMW,PHEV,158
2022,7,BMW,Petrol,296
2022,7,CADILLAC,Petrol,11
2022,7,CATERHAM,Petrol,4
2022,7,CHEVROLET,Petrol,3
2022,7,CHRYSLER,Petrol,2
2022,7,CITROEN,BEV,52
2022,7,CITROEN,Diesel,36
2022,7,CITROEN,PHEV,49
2022,7,CITROEN,Petrol,135
2022,7,CUPRA,BEV,136
2022,7,CUPRA,PHEV,9
2022,7,CUPRA,Petrol,298
2022,7,DACIA,BEV,29
2022,7,DACIA,Diesel,28
2022,7,DACIA,Petrol,540
2022,7,DAIHATSU,Petrol,1
2022,7,DODGE,Petrol,7
2022,7,DS,BEV,5
2022,7,DS,Diesel,3
2022,7,DS,PHEV,5
2022,7,DS,Petrol,25
2022,7,FERRARI,Hybrid (Petrol),4
2022,7,FERRARI,Petrol,34
2022,7,FIAT,BEV,131
2022,7,FIAT,CNG,1
2022,7,FIAT,Diesel,16
2022,7,FIAT,Hybrid (Petrol),113
2022,7,FIAT,Petrol,70
2022,7,FORD,BEV,142
2022,7,FORD,Diesel,88
2022,7,FORD,Hybrid (Diesel),3
2022,7,FORD,Hybrid (Petrol),183
2022,7,FORD,PHEV,55
2022,7,FORD,Petrol,101
2022,7,GENESIS,BEV,8
2022,7,GENESIS,Diesel,17
2022,7,GENESIS,Petrol,22
2022,7,HONDA,BEV,8
2022,7,HONDA,Hybrid (Petrol),65
2022,7,HYUNDAI,BEV,106
2022,7,HYUNDAI,Diesel,15
2022,7,HYUNDAI,Hybrid (Diesel),1
2022,7,HYUNDAI,Hybrid (Petrol),266
2022,7,HYUNDAI,Hydrogen,6
2022,7,HYUNDAI,PHEV,36
2022,7,HYUNDAI,Petrol,191
2022,7,JAGUAR,BEV,9
2022,7,JAGUAR,Hybrid (Diesel),7
2022,7,JAGUAR,Hybrid (Petrol),16
2022,7,JAGUAR,PHEV,3
2022,7,JAGUAR,Petrol,14
2022,7,JEEP,Hybrid (Petrol),23
2022,7,JEEP,PHEV,79
2022,7,JEEP,Petrol,43
2022,7,JUMBOLINO,BEV,1
2022,7,KIA,BEV,45
2022,7,KIA,Diesel,4
2022,7,KIA,Hybrid (Diesel),2
2022,7,KIA,Hybrid (Petrol),166
2022,7,KIA,PHEV,40
2022,7,KIA,Petrol,156
2022,7,LAMBORGHINI,Hybrid (Petrol),2
2022,7,LAMBORGHINI,Petrol,23
2022,7,LAND ROVER,Hybrid (Diesel),68
2022,7,LAND ROVER,Hybrid (Petrol),53
2022,7,LAND ROVER,PHEV,6
2022,7,LAND ROVER,Petrol,33
2022,7,LEXUS,BEV,1
2022,7,LEXUS,Hybrid (Petrol),12
2022,7,LEXUS,PHEV,21
2022,7,LEXUS,Petrol,1
2022,7,MAN,BEV,1
2022,7,MAN,Diesel,1
2022,7,MASERATI,Hybrid (Petrol),25
2022,7,MASERATI,Petrol,12
2022,7,MAZDA,Diesel,4
2022,7,MAZDA,Hybrid (Petrol),130
2022,7,MAZDA,Petrol,90
2022,7,MC LAREN,Petrol,2
2022,7,MERCEDES-AMG,Hybrid (Petrol),4
2022,7,MERCEDES-AMG,Petrol,28
2022,7,MERCEDES-BENZ,BEV,160
2022,7,MERCEDES-BENZ,Diesel,376
2022,7,MERCEDES-BENZ,Diesel PHEV,31
2022,7,MERCEDES-BENZ,Hybrid (Diesel),131
2022,7,MERCEDES-BENZ,Hybrid (Petrol),289
2022,7,MERCEDES-BENZ,PHEV,58
2022,7,MERCEDES-BENZ,Petrol,389
2022,7,MINI,BEV,29
2022,7,MINI,Diesel,3
2022,7,MINI,PHEV,48
2022,7,MINI,Petrol,214
2022,7,MITSUBISHI,PHEV,10
2022,7,MITSUBISHI,Petrol,109
2022,7,NISSAN,BEV,21
2022,7,NISSAN,Diesel,2
2022,7,NISSAN,Hybrid (Petrol),48
2022,7,NISSAN,Petrol,32
2022,7,OPEL,BEV,56
2022,7,OPEL,Diesel,36
2022,7,OPEL,PHEV,73
2022,7,OPEL,Petrol,250
2022,7,PEUGEOT,BEV,32
2022,7,PEUGEOT,Diesel,232
2022,7,PEUGEOT,PHEV,31
2022,7,PEUGEOT,Petrol,146
2022,7,POLESTAR,BEV,47
2022,7,PORSCHE,BEV,27
2022,7,PORSCHE,Hybrid (Petrol),8
2022,7,PORSCHE,PHEV,14
2022,7,PORSCHE,Petrol,245
2022,7,RENAULT,BEV,119
2022,7,RENAULT,Diesel,80
2022,7,RENAULT,Hybrid (Petrol),69
2022,7,RENAULT,PHEV,14
2022,7,RENAULT,Petrol,98
2022,7,ROLLS ROYCE,Petrol,1
2022,7,SEAT,BEV,1
2022,7,SEAT,CNG,6
2022,7,SEAT,Diesel,40
2022,7,SEAT,Hybrid (Petrol),28
2022,7,SEAT,PHEV,4
2022,7,SEAT,Petrol,326
2022,7,SKODA,BEV,222
2022,7,SKODA,CNG,1
2022,7,SKODA,Diesel,306
2022,7,SKODA,Hybrid (Petrol),26
2022,7,SKODA,PHEV,12
2022,7,SKODA,Petrol,673
2022,7,SMART,BEV,28
2022,7,SSANGYONG,BEV,3
2022,7,SSANGYONG,Diesel,6
2022,7,SSANGYONG,Petrol,5
2022,7,SUBARU,Hybrid (Petrol),41
2022,7,SUBARU,Petrol,26
2022,7,SUZUKI,Hybrid (Petrol),192
2022,7,SUZUKI,PHEV,7
2022,7,SUZUKI,Petrol,2
2022,7,TESLA,BEV,75
2022,7,TOYOTA,BEV,7
2022,7,TOYOTA,Diesel,68
2022,7,TOYOTA,Hybrid (Petrol),534
2022,7,TOYOTA,Hydrogen,4
2022,7,TOYOTA,PHEV,35
2022,7,TOYOTA,Petrol,148
2022,7,VOLVO,BEV,34
2022,7,VOLVO,Hybrid (Diesel),79
2022,7,VOLVO,Hybrid (Petrol),155
2022,7,VOLVO,PHEV,187
2022,7,VOLVO,Petrol,31
2022,7,VW,BEV,183
2022,7,VW,Diesel,383
2022,7,VW,Hybrid (Petrol),74
2022,7,VW,PHEV,153
2022,7,VW,Petrol,1279
2022,8,AIWAYS,BEV,7
2022,8,ALFA ROMEO,Diesel,5
2022,8,ALFA ROMEO,Hybrid (Petrol),63
2022,8,ALFA ROMEO,Petrol,70
2022,8,ALPINA,Diesel,2
2022,8,ALPINA,Petrol,3
2022,8,ALPINE,Petrol,10
2022,8,ASTON MARTIN,Petrol,10
2022,8,AUDI,BEV,180
2022,8,AUDI,CNG,1
2022,8,AUDI,Diesel,89
2022,8,AUDI,Hybrid (Diesel),206
2022,8,AUDI,Hybrid (Petrol),273
2022,8,AUDI,PHEV,22
2022,8,AUDI,Petrol,590
2022,8,BENTLEY,Hybrid (Petrol),1
2022,8,BENTLEY,Petrol,14
2022,8,BMW,BEV,212
2022,8,BMW,Diesel,195
2022,8,BMW,Hybrid (Diesel),419
2022,8,BMW,Hybrid (Petrol),219
2022,8,BMW,PHEV,194
2022,8,BMW,Petrol,299
2022,8,BMW/ALPINA,Petrol,1
2022,8,BUGATTI,Petrol,1
2022,8,CADILLAC,Diesel,3
2022,8,CADILLAC,Petrol,2
2022,8,CHEVROLET,Petrol,4
2022,8,CHRYSLER,Petrol,3
2022,8,CITROEN,BEV,15
2022,8,CITROEN,Diesel,47
2022,8,CITROEN,PHEV,72
2022,8,CITROEN,Petrol,82
2022,8,CLUB CAR,BEV,2
2022,8,CUPRA,BEV,141
2022,8,CUPRA,PHEV,11
2022,8,CUPRA,Petrol,331
2022,8,DACIA,BEV,40
2022,8,DACIA,Diesel,37
2022,8,DACIA,Petrol,699
2022,8,DODGE,Petrol,2
2022,8,DS,BEV,2
2022,8,DS,PHEV,6
2022,8,DS,Petrol,29
2022,8,FERRARI,Hybrid (Petrol),12
2022,8,FERRARI,Petrol,28
2022,8,FIAT,BEV,132
2022,8,FIAT,Diesel,2
2022,8,FIAT,Hybrid (Petrol),232
2022,8,FIAT,Petrol,66
2022,8,FORD,BEV,64
2022,8,FORD,Diesel,125
2022,8,FORD,Hybrid (Diesel),2
2022,8,FORD,Hybrid (Petrol),414
2022,8,FORD,PHEV,76
2022,8,FORD,Petrol,83
2022,8,FORD-CNG-TECHNIK,Hybrid (Petrol),1
2022,8,GENESIS,BEV,16
2022,8,GENESIS,Diesel,9
2022,8,GENESIS,Petrol,13
2022,8,HONDA,BEV,23
2022,8,HONDA,Hybrid (Petrol),130
2022,8,HYUNDAI,BEV,69
2022,8,HYUNDAI,Diesel,9
2022,8,HYUNDAI,Hybrid (Diesel),2
2022,8,HYUNDAI,Hybrid (Petrol),166
2022,8,HYUNDAI,Hydrogen,2
2022,8,HYUNDAI,PHEV,37
2022,8,HYUNDAI,Petrol,231
2022,8,JAGUAR,BEV,9
2022,8,JAGUAR,Hybrid (Diesel),5
2022,8,JAGUAR,Hybrid (Petrol),6
2022,8,JAGUAR,PHEV,9
2022,8,JAGUAR,Petrol,7
2022,8,JEEP,Hybrid (Petrol),35
2022,8,JEEP,PHEV,32
2022,8,JEEP,Petrol,29
2022,8,KIA,BEV,44
2022,8,KIA,Diesel,5
2022,8,KIA,Hybrid (Diesel),3
2022,8,KIA,Hybrid (Petrol),165
2022,8,KIA,PHEV,48
2022,8,KIA,Petrol,112
2022,8,LAMBORGHINI,Hybrid (Petrol),1
2022,8,LAMBORGHINI,Petrol,11
2022,8,LAND ROVER,Hybrid (Diesel),57
2022,8,LAND ROVER,Hybrid (Petrol),44
2022,8,LAND ROVER,PHEV,10
2022,8,LAND ROVER,Petrol,17
2022,8,LEXUS,BEV,2
2022,8,LEXUS,Hybrid (Petrol),12
2022,8,LEXUS,PHEV,9
2022,8,LEXUS,Petrol,1
2022,8,MAN,Diesel,1
2022,8,MASERATI,Hybrid (Petrol),20
2022,8,MASERATI,Petrol,11
2022,8,MAZDA,BEV,1
2022,8,MAZDA,Diesel,19
2022,8,MAZDA,Hybrid (Petrol),163
2022,8,MAZDA,PHEV,11
2022,8,MAZDA,Petrol,144
2022,8,MC LAREN,Petrol,3
2022,8,MERCEDES-AMG,Hybrid (Petrol),3
2022,8,MERCEDES-AMG,PHEV,1
2022,8,MERCEDES-AMG,Petrol,24
2022,8,MERCEDES-BENZ,BEV,157
2022,8,MERCEDES-BENZ,Diesel,349
2022,8,MERCEDES-BENZ,Diesel PHEV,24
2022,8,MERCEDES-BENZ,Hybrid (Diesel),128
2022,8,MERCEDES-BENZ,Hybrid (Petrol),210
2022,8,MERCEDES-BENZ,PHEV,67
2022,8,MERCEDES-BENZ,Petrol,463
2022,8,MINI,BEV,40
2022,8,MINI,Diesel,5
2022,8,MINI,PHEV,58
2022,8,MINI,Petrol,204
2022,8,MITSUBISHI,PHEV,60
2022,8,MITSUBISHI,Petrol,80
2022,8,MORGAN,Petrol,2
2022,8,NISSAN,BEV,9
2022,8,NISSAN,Diesel,1
2022,8,NISSAN,Hybrid (Petrol),42
2022,8,NISSAN,Petrol,26
2022,8,OPEL,BEV,28
2022,8,OPEL,Diesel,21
2022,8,OPEL,PHEV,69
2022,8,OPEL,Petrol,212
2022,8,PEUGEOT,BEV,51
2022,8,PEUGEOT,Diesel,194
2022,8,PEUGEOT,PHEV,30
2022,8,PEUGEOT,Petrol,179
2022,8,POLESTAR,BEV,45
2022,8,PORSCHE,BEV,23
2022,8,PORSCHE,Hybrid (Petrol),13
2022,8,PORSCHE,PHEV,9
2022,8,PORSCHE,Petrol,142
2022,8,RENAULT,BEV,160
2022,8,RENAULT,Diesel,46
2022,8,RENAULT,Hybrid (Petrol),89
2022,8,RENAULT,PHEV,12
2022,8,RENAULT,Petrol,69
2022,8,ROLLS ROYCE,Petrol,3
2022,8,SEAT,CNG,14
2022,8,SEAT,Diesel,56
2022,8,SEAT,Hybrid (Petrol),39
2022,8,SEAT,PHEV,12
2022,8,SEAT,Petrol,369
2022,8,SKODA,BEV,271
2022,8,SKODA,CNG,3
2022,8,SKODA,Diesel,394
2022,8,SKODA,Hybrid (Petrol),27
2022,8,SKODA,PHEV,17
2022,8,SKODA,Petrol,631
2022,8,SMART,BEV,11
2022,8,SSANGYONG,BEV,1
2022,8,SSANGYONG,Diesel,4
2022,8,SSANGYONG,Petrol,5
2022,8,SUBARU,BEV,1
2022,8,SUBARU,Hybrid (Petrol),50
2022,8,SUBARU,Petrol,26
2022,8,SUZUKI,Hybrid (Petrol),222
2022,8,SUZUKI,PHEV,5
2022,8,SUZUKI,Petrol,1
2022,8,TESLA,BEV,290
2022,8,TOYOTA,BEV,4
2022,8,TOYOTA,Diesel,60
2022,8,TOYOTA,Hybrid (Petrol),521
2022,8,TOYOTA,Hydrogen,3
2022,8,TOYOTA,PHEV,37
2022,8,TOYOTA,Petrol,232
2022,8,TRIUMPH,Petrol,1
2022,8,VOLVO,BEV,16
2022,8,VOLVO,Hybrid (Diesel),39
2022,8,VOLVO,Hybrid (Petrol),86
2022,8,VOLVO,PHEV,115
2022,8,VOLVO,Petrol,15
2022,8,VW,BEV,227
2022,8,VW,Diesel,378
2022,8,VW,Hybrid (Petrol),50
2022,8,VW,PHEV,82
2022,8,VW,Petrol,1139
2022,9,AIWAYS,BEV,7
2022,9,ALFA ROMEO,Diesel,3
2022,9,ALFA ROMEO,Hybrid (Petrol),69
2022,9,ALFA ROMEO,Petrol,58
2022,9,ALPINA,Hybrid (Diesel),1
2022,9,ALPINA,Petrol,7
2022,9,ALPINE,Petrol,12
2022,9,ASTON MARTIN,Petrol,4
2022,9,AUDI,BEV,236
2022,9,AUDI,Diesel,92
2022,9,AUDI,Hybrid (Diesel),219
2022,9,AUDI,Hybrid (Petrol),300
2022,9,AUDI,PHEV,30
2022,9,AUDI,Petrol,559
2022,9,BENTLEY,Petrol,12
2022,9,BMW,BEV,216
2022,9,BMW,Diesel,256
2022,9,BMW,Hybrid (Diesel),392
2022,9,BMW,Hybrid (Petrol),182
2022,9,BMW,PHEV,202
2022,9,BMW,Petrol,444
2022,9,BUGATTI,Petrol,1
2022,9,CADILLAC,Diesel,2
2022,9,CADILLAC,Petrol,4
2022,9,CATERHAM,Petrol,3
2022,9,CHEVROLET,Petrol,4
2022,9,CHRYSLER,Hybrid (Petrol),1
2022,9,CHRYSLER,Petrol,1
2022,9,CITROEN,BEV,25
2022,9,CITROEN,Diesel,30
2022,9,CITROEN,PHEV,30
2022,9,CITROEN,Petrol,127
2022,9,CUPRA,BEV,129
2022,9,CUPRA,PHEV,13
2022,9,CUPRA,Petrol,410
2022,9,DACIA,BEV,60
2022,9,DACIA,Diesel,21
2022,9,DACIA,LPG,1
2022,9,DACIA,Petrol,766
2022,9,DODGE,Petrol,2
2022,9,DS,BEV,3
2022,9,DS,Diesel,1
2022,9,DS,PHEV,7
2022,9,DS,Petrol,18
2022,9,FERRARI,Hybrid (Petrol),7
2022,9,FERRARI,Petrol,30
2022,9,FIAT,BEV,119
2022,9,FIAT,Diesel,2
2022,9,FIAT,Hybrid (Petrol),230
2022,9,FIAT,Petrol,63
2022,9,FORD,BEV,56
2022,9,FORD,Diesel,144
2022,9,FORD,Hybrid (Diesel),5
2022,9,FORD,Hybrid (Petrol),568
2022,9,FORD,PHEV,102
2022,9,FORD,Petrol,98
2022,9,FORD-CNG-TECHNIK,Hybrid (Petrol),1
2022,9,GENESIS,BEV,22
2022,9,GENESIS,Diesel,13
2022,9,GENESIS,Petrol,15
2022,9,HONDA,BEV,4
2022,9,HONDA,Hybrid (Petrol),168
2022,9,HONDA,Petrol,1
2022,9,HYUNDAI,BEV,59
2022,9,HYUNDAI,Diesel,24
2022,9,HYUNDAI,Hybrid (Petrol),212
2022,9,HYUNDAI,Hydrogen,2
2022,9,HYUNDAI,PHEV,38
2022,9,HYUNDAI,Petrol,231
2022,9,JAGUAR,BEV,7
2022,9,JAGUAR,Hybrid (Diesel),4
2022,9,JAGUAR,Hybrid (Petrol),21
2022,9,JAGUAR,PHEV,14
2022,9,JAGUAR,Petrol,19
2022,9,JEEP,Hybrid (Petrol),45
2022,9,JEEP,PHEV,23
2022,9,JEEP,Petrol,78
2022,9,KIA,BEV,67
2022,9,KIA,Diesel,8
2022,9,KIA,Hybrid (Petrol),249
2022,9,KIA,PHEV,109
2022,9,KIA,Petrol,214
2022,9,LAMBORGHINI,Petrol,5
2022,9,LAND ROVER,Hybrid (Diesel),33
2022,9,LAND ROVER,Hybrid (Petrol),33
2022,9,LAND ROVER,PHEV,26
2022,9,LAND ROVER,Petrol,16
2022,9,LEXUS,BEV,1
2022,9,LEXUS,Hybrid (Petrol),21
2022,9,LEXUS,PHEV,13
2022,9,LEXUS,Petrol,1
2022,9,MAN,BEV,1
2022,9,MASERATI,Hybrid (Petrol),14
2022,9,MASERATI,Petrol,23
2022,9,MAZDA,BEV,1
2022,9,MAZDA,Diesel,16
2022,9,MAZDA,Hybrid (Petrol),181
2022,9,MAZDA,PHEV,83
2022,9,MAZDA,Petrol,187
2022,9,MC LAREN,Petrol,2
2022,9,MERCEDES-AMG,Hybrid (Petrol),3
2022,9,MERCEDES-AMG,PHEV,1
2022,9,MERCEDES-AMG,Petrol,31
2022,9,MERCEDES-BENZ,BEV,208
2022,9,MERCEDES-BENZ,Diesel,374
2022,9,MERCEDES-BENZ,Diesel PHEV,36
2022,9,MERCEDES-BENZ,Hybrid (Diesel),206
2022,9,MERCEDES-BENZ,Hybrid (Petrol),342
2022,9,MERCEDES-BENZ,PHEV,102
2022,9,MERCEDES-BENZ,Petrol,653
2022,9,MINI,BEV,31
2022,9,MINI,PHEV,64
2022,9,MINI,Petrol,284
2022,9,MITSUBISHI,PHEV,56
2022,9,MITSUBISHI,Petrol,127
2022,9,MORGAN,Petrol,1
2022,9,NISSAN,BEV,28
2022,9,NISSAN,Diesel,1
2022,9,NISSAN,Hybrid (Petrol),79
2022,9,NISSAN,Petrol,34
2022,9,OPEL,BEV,72
2022,9,OPEL,Diesel,55
2022,9,OPEL,PHEV,33
2022,9,OPEL,Petrol,208
2022,9,PEUGEOT,BEV,45
2022,9,PEUGEOT,Diesel,299
2022,9,PEUGEOT,PHEV,61
2022,9,PEUGEOT,Petrol,162
2022,9,POLESTAR,BEV,56
2022,9,PORSCHE,BEV,9
2022,9,PORSCHE,Hybrid (Petrol),26
2022,9,PORSCHE,PHEV,46
2022,9,PORSCHE,Petrol,287
2022,9,RENAULT,BEV,259
2022,9,RENAULT,Diesel,54
2022,9,RENAULT,Hybrid (Petrol),243
2022,9,RENAULT,PHEV,6
2022,9,RENAULT,Petrol,125
2022,9,ROLLS ROYCE,Petrol,5
2022,9,SEAT,Diesel,42
2022,9,SEAT,Hybrid (Petrol),18
2022,9,SEAT,Petrol,269
2022,9,SKODA,BEV,241
2022,9,SKODA,CNG,3
2022,9,SKODA,Diesel,462
2022,9,SKODA,Hybrid (Petrol),26
2022,9,SKODA,PHEV,19
2022,9,SKODA,Petrol,734
2022,9,SMART,BEV,13
2022,9,SMART,Petrol,1
2022,9,SSANGYONG,BEV,1
2022,9,SSANGYONG,Diesel,4
2022,9,SSANGYONG,Petrol,7
2022,9,SUBARU,BEV,16
2022,9,SUBARU,Hybrid (Petrol),64
2022,9,SUBARU,Petrol,35
2022,9,SUZUKI,Hybrid (Petrol),297
2022,9,SUZUKI,PHEV,10
2022,9,TESLA,BEV,1795
2022,9,TOYOTA,BEV,11
2022,9,TOYOTA,Diesel,102
2022,9,TOYOTA,Hybrid (Petrol),621
2022,9,TOYOTA,Hydrogen,2
2022,9,TOYOTA,PHEV,56
2022,9,TOYOTA,Petrol,307
2022,9,VOLVO,BEV,108
2022,9,VOLVO,Diesel,1
2022,9,VOLVO,Hybrid (Diesel),42
2022,9,VOLVO,Hybrid (Petrol),106
2022,9,VOLVO,PHEV,124
2022,9,VOLVO,Petrol,17
2022,9,VW,BEV,314
2022,9,VW,Diesel,408
2022,9,VW,Hybrid (Petrol),101
2022,9,VW,PHEV,92
2022,9,VW,Petrol,1147
2022,10,AC-COBRA,BEV,3
2022,10,AIWAYS,BEV,2
2022,10,ALFA ROMEO,Diesel,4
2022,10,ALFA ROMEO,Hybrid (Petrol),74
2022,10,ALFA ROMEO,Petrol,30
2022,10,ALPINA,Petrol,2
2022,10,ALPINE,Petrol,9
2022,10,ASTON MARTIN,Petrol,19
2022,10,AUDI,BEV,296
2022,10,AUDI,CNG,1
2022,10,AUDI,Diesel,65
2022,10,AUDI,Hybrid (Diesel),241
2022,10,AUDI,Hybrid (Petrol),225
2022,10,AUDI,PHEV,39
2022,10,AUDI,Petrol,617
2022,10,AUDI-NSU,Diesel,1
2022,10,BENTLEY,Petrol,14
2022,10,BMW,BEV,139
2022,10,BMW,Diesel,121
2022,10,BMW,Hybrid (Diesel),435
2022,10,BMW,Hybrid (Petrol),209
2022,10,BMW,PHEV,222
2022,10,BMW,Petrol,266
2022,10,BUGATTI,Petrol,1
2022,10,CADILLAC,Diesel,4
2022,10,CADILLAC,Petrol,5
2022,10,CHEVROLET,Petrol,2
2022,10,CHRYSLER,Hybrid (Petrol),2
2022,10,CITROEN,BEV,22
2022,10,CITROEN,Diesel,56
2022,10,CITROEN,PHEV,28
2022,10,CITROEN,Petrol,136
2022,10,CLUB CAR,Hybrid (Petrol),1
2022,10,CUPRA,BEV,158
2022,10,CUPRA,Diesel,4
2022,10,CUPRA,PHEV,6
2022,10,CUPRA,Petrol,465
2022,10,DACIA,BEV,26
2022,10,DACIA,Diesel,13
2022,10,DACIA,Petrol,471
2022,10,DAIMLER,Petrol,1
2022,10,DODGE,Petrol,2
2022,10,DS,BEV,1
2022,10,DS,PHEV,18
2022,10,DS,Petrol,21
2022,10,FERRARI,Hybrid (Petrol),15
2022,10,FERRARI,Petrol,20
2022,10,FIAT,BEV,73
2022,10,FIAT,CNG,6
2022,10,FIAT,Hybrid (Petrol),139
2022,10,FIAT,Petrol,26
2022,10,FORD,BEV,58
2022,10,FORD,Diesel,114
2022,10,FORD,Hybrid (Diesel),6
2022,10,FORD,Hybrid (Petrol),486
2022,10,FORD,PHEV,50
2022,10,FORD,Petrol,109
2022,10,FORD-CNG-TECHNIK,Hybrid (Petrol),3
2022,10,GENESIS,BEV,28
2022,10,GENESIS,Diesel,8
2022,10,GENESIS,Petrol,4
2022,10,HONDA,BEV,4
2022,10,HONDA,Hybrid (Petrol),180
2022,10,HYUNDAI,BEV,115
2022,10,HYUNDAI,Diesel,18
2022,10,HYUNDAI,Hybrid (Petrol),202
2022,10,HYUNDAI,PHEV,64
2022,10,HYUNDAI,Petrol,117
2022,10,JAGUAR,BEV,7
2022,10,JAGUAR,Hybrid (Diesel),2
2022,10,JAGUAR,Hybrid (Petrol),11
2022,10,JAGUAR,PHEV,7
2022,10,JAGUAR,Petrol,12
2022,10,JEEP,Hybrid (Petrol),37
2022,10,JEEP,PHEV,22
2022,10,JEEP,Petrol,21
2022,10,KIA,BEV,30
2022,10,KIA,Diesel,6
2022,10,KIA,Hybrid (Diesel),4
2022,10,KIA,Hybrid (Petrol),239
2022,10,KIA,PHEV,63
2022,10,KIA,Petrol,164
2022,10,LAMBORGHINI,Hybrid (Petrol),1
2022,10,LAMBORGHINI,Petrol,16
2022,10,LAND ROVER,Hybrid (Diesel),42
2022,10,LAND ROVER,Hybrid (Petrol),34
2022,10,LAND ROVER,PHEV,22
2022,10,LAND ROVER,Petrol,21
2022,10,LEXUS,Hybrid (Petrol),22
2022,10,LEXUS,PHEV,6
2022,10,LEXUS,Petrol,25
2022,10,MASERATI,Hybrid (Petrol),24
2022,10,MASERATI,Petrol,21
2022,10,MAZDA,BEV,5
2022,10,MAZDA,Diesel,14
2022,10,MAZDA,Hybrid (Petrol),139
2022,10,MAZDA,PHEV,102
2022,10,MAZDA,Petrol,159
2022,10,MC LAREN,Hybrid (Petrol),3
2022,10,MC LAREN,Petrol,1
2022,10,MERCEDES-AMG,Hybrid (Petrol),2
2022,10,MERCEDES-AMG,PHEV,2
2022,10,MERCEDES-AMG,Petrol,23
2022,10,MERCEDES-BENZ,BEV,223
2022,10,MERCEDES-BENZ,Diesel,305
2022,10,MERCEDES-BENZ,Diesel PHEV,28
2022,10,MERCEDES-BENZ,Hybrid (Diesel),119
2022,10,MERCEDES-BENZ,Hybrid (Petrol),169
2022,10,MERCEDES-BENZ,PHEV,85
2022,10,MERCEDES-BENZ,Petrol,459
2022,10,MINI,BEV,29
2022,10,MINI,Diesel,1
2022,10,MINI,PHEV,31
2022,10,MINI,Petrol,216
2022,10,MITSUBISHI,PHEV,26
2022,10,MITSUBISHI,Petrol,104
2022,10,NISSAN,BEV,30
2022,10,NISSAN,Diesel,1
2022,10,NISSAN,Hybrid (Petrol),109
2022,10,NISSAN,Petrol,37
2022,10,OPEL,BEV,41
2022,10,OPEL,Diesel,34
2022,10,OPEL,PHEV,19
2022,10,OPEL,Petrol,141
2022,10,PEUGEOT,BEV,50
2022,10,PEUGEOT,Diesel,89
2022,10,PEUGEOT,Hybrid (Petrol),2
2022,10,PEUGEOT,PHEV,56
2022,10,PEUGEOT,Petrol,161
2022,10,POLESTAR,BEV,64
2022,10,PORSCHE,BEV,22
2022,10,PORSCHE,Diesel,1
2022,10,PORSCHE,Hybrid (Petrol),22
2022,10,PORSCHE,PHEV,32
2022,10,PORSCHE,Petrol,217
2022,10,RENAULT,BEV,193
2022,10,RENAULT,Diesel,75
2022,10,RENAULT,Hybrid (Petrol),317
2022,10,RENAULT,PHEV,7
2022,10,RENAULT,Petrol,110
2022,10,ROLLS ROYCE,Petrol,6
2022,10,SEAT,CNG,3
2022,10,SEAT,Diesel,92
2022,10,SEAT,Hybrid (Petrol),15
2022,10,SEAT,Petrol,286
2022,10,SKODA,BEV,255
2022,10,SKODA,CNG,3
2022,10,SKODA,Diesel,389
2022,10,SKODA,Hybrid (Petrol),8
2022,10,SKODA,PHEV,6
2022,10,SKODA,Petrol,652
2022,10,SMART,BEV,18
2022,10,SSANGYONG,Diesel,4
2022,10,SSANGYONG,Petrol,10
2022,10,SUBARU,BEV,16
2022,10,SUBARU,Hybrid (Petrol),43
2022,10,SUBARU,Petrol,34
2022,10,SUZUKI,Hybrid (Petrol),331
2022,10,SUZUKI,PHEV,6
2022,10,SUZUKI,Petrol,1
2022,10,TESLA,BEV,32
2022,10,TOYOTA,BEV,42
2022,10,TOYOTA,Diesel,53
2022,10,TOYOTA,Hybrid (Petrol),702
2022,10,TOYOTA,Hydrogen,1
2022,10,TOYOTA,PHEV,33
2022,10,TOYOTA,Petrol,399
2022,10,VOLVO,BEV,68
2022,10,VOLVO,Hybrid (Diesel),57
2022,10,VOLVO,Hybrid (Petrol),167
2022,10,VOLVO,PHEV,118
2022,10,VOLVO,Petrol,12
2022,10,VW,BEV,392
2022,10,VW,Diesel,397
2022,10,VW,Hybrid (Petrol),120
2022,10,VW,PHEV,110
2022,10,VW,Petrol,1056
2022,11,AIWAYS,BEV,2
2022,11,ALFA ROMEO,Diesel,5
2022,11,ALFA ROMEO,Hybrid (Petrol),78
2022,11,ALFA ROMEO,Petrol,74
2022,11,ALPINA,Diesel,3
2022,11,ALPINA,Petrol,1
2022,11,ALPINE,Petrol,13
2022,11,ASTON MARTIN,Hybrid (Petrol),2
2022,11,ASTON MARTIN,Petrol,9
2022,11,AUDI,BEV,248
2022,11,AUDI,CNG,1
2022,11,AUDI,Diesel,40
2022,11,AUDI,Hybrid (Diesel),312
2022,11,AUDI,Hybrid (Petrol),285
2022,11,AUDI,PHEV,80
2022,11,AUDI,Petrol,834
2022,11,BENTLEY,Petrol,15
2022,11,BMW,BEV,188
2022,11,BMW,Diesel,174
2022,11,BMW,Hybrid (Diesel),557
2022,11,BMW,Hybrid (Petrol),278
2022,11,BMW,PHEV,356
2022,11,BMW,Petrol,395
2022,11,CADILLAC,Diesel,1
2022,11,CADILLAC,Petrol,3
2022,11,CHEVROLET,Petrol,7
2022,11,CHRYSLER,Hybrid (Petrol),1
2022,11,CHRYSLER,Petrol,1
2022,11,CITROEN,BEV,39
2022,11,CITROEN,Diesel,52
2022,11,CITROEN,Hybrid (Petrol),1
2022,11,CITROEN,PHEV,64
2022,11,CITROEN,Petrol,220
2022,11,CUPRA,BEV,131
2022,11,CUPRA,PHEV,1
2022,11,CUPRA,Petrol,256
2022,11,DACIA,BEV,56
2022,11,DACIA,Diesel,6
2022,11,DACIA,Petrol,660
2022,11,DODGE,Petrol,2
2022,11,DS,BEV,1
2022,11,DS,PHEV,33
2022,11,DS,Petrol,18
2022,11,FERRARI,Hybrid (Petrol),11
2022,11,FERRARI,Petrol,10
2022,11,FIAT,BEV,127
2022,11,FIAT,CNG,1
2022,11,FIAT,Hybrid (Petrol),224
2022,11,FIAT,Petrol,27
2022,11,FORD,BEV,69
2022,11,FORD,Diesel,148
2022,11,FORD,Hybrid (Petrol),567
2022,11,FORD,PHEV,64
2022,11,FORD,Petrol,98
2022,11,FORD-CNG-TECHNIK,Hybrid (Petrol),2
2022,11,GENESIS,BEV,50
2022,11,GENESIS,Diesel,6
2022,11,GENESIS,Petrol,9
2022,11,HONDA,BEV,12
2022,11,HONDA,Hybrid (Petrol),264
2022,11,HYUNDAI,BEV,235
2022,11,HYUNDAI,Diesel,23
2022,11,HYUNDAI,Hybrid (Petrol),185
2022,11,HYUNDAI,PHEV,78
2022,11,HYUNDAI,Petrol,117
2022,11,JAC,BEV,7
2022,11,JAGUAR,BEV,4
2022,11,JAGUAR,Hybrid (Diesel),4
2022,11,JAGUAR,Hybrid (Petrol),13
2022,11,JAGUAR,PHEV,8
2022,11,JAGUAR,Petrol,7
2022,11,JEEP,Hybrid (Petrol),36
2022,11,JEEP,PHEV,63
2022,11,JEEP,Petrol,30
2022,11,KIA,BEV,36
2022,11,KIA,Diesel,10
2022,11,KIA,Hybrid (Diesel),3
2022,11,KIA,Hybrid (Petrol),188
2022,11,KIA,PHEV,51
2022,11,KIA,Petrol,206
2022,11,LAMBORGHINI,Petrol,7
2022,11,LAND ROVER,Hybrid (Diesel),59
2022,11,LAND ROVER,Hybrid (Petrol),39
2022,11,LAND ROVER,PHEV,36
2022,11,LAND ROVER,Petrol,15
2022,11,LEXUS,BEV,1
2022,11,LEXUS,Hybrid (Petrol),29
2022,11,LEXUS,PHEV,3
2022,11,LEXUS,Petrol,5
2022,11,MASERATI,Hybrid (Petrol),29
2022,11,MASERATI,Petrol,32
2022,11,MAZDA,BEV,2
2022,11,MAZDA,Diesel,15
2022,11,MAZDA,Hybrid (Petrol),98
2022,11,MAZDA,PHEV,75
2022,11,MAZDA,Petrol,123
2022,11,MC LAREN,Hybrid (Petrol),2
2022,11,MC LAREN,Petrol,2
2022,11,MERCEDES-AMG,Hybrid (Petrol),1
2022,11,MERCEDES-AMG,PHEV,1
2022,11,MERCEDES-AMG,Petrol,34
2022,11,MERCEDES-BENZ,BEV,235
2022,11,MERCEDES-BENZ,Diesel,348
2022,11,MERCEDES-BENZ,Diesel PHEV,36
2022,11,MERCEDES-BENZ,Hybrid (Diesel),142
2022,11,MERCEDES-BENZ,Hybrid (Petrol),237
2022,11,MERCEDES-BENZ,PHEV,74
2022,11,MERCEDES-BENZ,Petrol,460
2022,11,MINI,BEV,20
2022,11,MINI,Diesel,1
2022,11,MINI,PHEV,50
2022,11,MINI,Petrol,246
2022,11,MITSUBISHI,PHEV,35
2022,11,MITSUBISHI,Petrol,109
2022,11,MORGAN,Petrol,1
2022,11,NISSAN,BEV,29
2022,11,NISSAN,Diesel,3
2022,11,NISSAN,Hybrid (Petrol),133
2022,11,NISSAN,Petrol,34
2022,11,OPEL,BEV,80
2022,11,OPEL,Diesel,75
2022,11,OPEL,PHEV,37
2022,11,OPEL,Petrol,312
2022,11,PEUGEOT,BEV,91
2022,11,PEUGEOT,Diesel,105
2022,11,PEUGEOT,PHEV,73
2022,11,PEUGEOT,Petrol,189
2022,11,POLESTAR,BEV,53
2022,11,PORSCHE,BEV,87
2022,11,PORSCHE,Hybrid (Petrol),17
2022,11,PORSCHE,PHEV,25
2022,11,PORSCHE,Petrol,215
2022,11,RENAULT,BEV,251
2022,11,RENAULT,Diesel,174
2022,11,RENAULT,Hybrid (Petrol),354
2022,11,RENAULT,PHEV,7
2022,11,RENAULT,Petrol,81
2022,11,ROLLS ROYCE,Petrol,3
2022,11,ROVER,Diesel,1
2022,11,SEAT,CNG,5
2022,11,SEAT,Diesel,91
2022,11,SEAT,Hybrid (Petrol),17
2022,11,SEAT,PHEV,1
2022,11,SEAT,Petrol,355
2022,11,SKODA,BEV,525
2022,11,SKODA,CNG,1
2022,11,SKODA,Diesel,318
2022,11,SKODA,Hybrid (Petrol),8
2022,11,SKODA,PHEV,7
2022,11,SKODA,Petrol,736
2022,11,SMART,BEV,22
2022,11,SSANGYONG,BEV,2
2022,11,SSANGYONG,Diesel,8
2022,11,SSANGYONG,Petrol,7
2022,11,SUBARU,BEV,69
2022,11,SUBARU,Hybrid (Petrol),40
2022,11,SUBARU,Petrol,24
2022,11,SUZUKI,Hybrid (Petrol),296
2022,11,SUZUKI,PHEV,11
2022,11,TESLA,BEV,801
2022,11,TOYOTA,BEV,45
2022,11,TOYOTA,Diesel,59
2022,11,TOYOTA,Hybrid (Petrol),830
2022,11,TOYOTA,PHEV,50
2022,11,TOYOTA,Petrol,229
2022,11,VOLVO,BEV,124
2022,11,VOLVO,Hybrid (Diesel),68
2022,11,VOLVO,Hybrid (Petrol),202
2022,11,VOLVO,PHEV,156
2022,11,VOLVO,Petrol,11
2022,11,VW,BEV,713
2022,11,VW,Diesel,539
2022,11,VW,Hybrid (Petrol),53
2022,11,VW,PHEV,95
2022,11,VW,Petrol,1302
2022,12,AIWAYS,BEV,7
2022,12,ALFA ROMEO,Diesel,9
2022,12,ALFA ROMEO,Hybrid (Petrol),58
2022,12,ALFA ROMEO,Petrol,67
2022,12,ALPINA,Diesel,4
2022,12,ALPINA,Petrol,6
2022,12,ALPINE,Petrol,16
2022,12,ASTON MARTIN,Hybrid (Petrol),1
2022,12,ASTON MARTIN,Petrol,16
2022,12,AUDI,BEV,511
2022,12,AUDI,CNG,3
2022,12,AUDI,Diesel,19
2022,12,AUDI,Hybrid (Diesel),407
2022,12,AUDI,Hybrid (Petrol),279
2022,12,AUDI,PHEV,69
2022,12,AUDI,Petrol,721
2022,12,BENTLEY,Hybrid (Petrol),1
2022,12,BENTLEY,Petrol,6
2022,12,BMW,BEV,356
2022,12,BMW,Diesel,205
2022,12,BMW,Hybrid (Diesel),658
2022,12,BMW,Hybrid (Petrol),247
2022,12,BMW,PHEV,414
2022,12,BMW,Petrol,379
2022,12,CADILLAC,Diesel,1
2022,12,CADILLAC,Petrol,15
2022,12,CATERHAM,Petrol,1
2022,12,CHEVROLET,Petrol,13
2022,12,CHRYSLER,Hybrid (Petrol),4
2022,12,CHRYSLER,Petrol,8
2022,12,CITROEN,BEV,14
2022,12,CITROEN,Diesel,43
2022,12,CITROEN,PHEV,13
2022,12,CITROEN,Petrol,111
2022,12,CUPRA,BEV,315
2022,12,CUPRA,PHEV,3
2022,12,CUPRA,Petrol,226
2022,12,DACIA,BEV,100
2022,12,DACIA,Diesel,44
2022,12,DACIA,LPG,1
2022,12,DACIA,Petrol,585
2022,12,DODGE,Diesel,1
2022,12,DODGE,Petrol,52
2022,12,DS,BEV,3
2022,12,DS,PHEV,23
2022,12,DS,Petrol,7
2022,12,FERRARI,Hybrid (Petrol),13
2022,12,FERRARI,Petrol,6
2022,12,FIAT,BEV,125
2022,12,FIAT,Diesel,4
2022,12,FIAT,Hybrid (Petrol),154
2022,12,FIAT,Petrol,30
2022,12,FORD,BEV,56
2022,12,FORD,Diesel,82
2022,12,FORD,Hybrid (Diesel),2
2022,12,FORD,Hybrid (Petrol),477
2022,12,FORD,PHEV,105
2022,12,FORD,Petrol,89
2022,12,FORD-CNG-TECHNIK,Hybrid (Petrol),2
2022,12,GENESIS,BEV,72
2022,12,GENESIS,Diesel,7
2022,12,GENESIS,Petrol,13
2022,12,HONDA,BEV,7
2022,12,HONDA,Hybrid (Petrol),143
2022,12,HONDA,Petrol,2
2022,12,HYUNDAI,BEV,188
2022,12,HYUNDAI,Diesel,29
2022,12,HYUNDAI,Hybrid (Diesel),8
2022,12,HYUNDAI,Hybrid (Petrol),186
2022,12,HYUNDAI,Hydrogen,2
2022,12,HYUNDAI,PHEV,61
2022,12,HYUNDAI,Petrol,165
2022,12,INEOS,Diesel,21
2022,12,INEOS,Petrol,13
2022,12,JAC,BEV,40
2022,12,JAGUAR,BEV,5
2022,12,JAGUAR,Hybrid (Diesel),4
2022,12,JAGUAR,Hybrid (Petrol),14
2022,12,JAGUAR,PHEV,6
2022,12,JAGUAR,Petrol,3
2022,12,JEEP,Hybrid (Petrol),35
2022,12,JEEP,PHEV,57
2022,12,JEEP,Petrol,74
2022,12,JUMBOLINO,BEV,2
2022,12,KIA,BEV,63
2022,12,KIA,Diesel,25
2022,12,KIA,Hybrid (Diesel),1
2022,12,KIA,Hybrid (Petrol),203
2022,12,KIA,PHEV,40
2022,12,KIA,Petrol,178
2022,12,LAMBORGHINI,Petrol,3
2022,12,LAND ROVER,Hybrid (Diesel),44
2022,12,LAND ROVER,Hybrid (Petrol),33
2022,12,LAND ROVER,PHEV,34
2022,12,LAND ROVER,Petrol,21
2022,12,LEXUS,BEV,1
2022,12,LEXUS,Hybrid (Petrol),47
2022,12,LEXUS,PHEV,11
2022,12,LEXUS,Petrol,17
2022,12,MASERATI,Hybrid (Petrol),18
2022,12,MASERATI,Petrol,22
2022,12,MAZDA,Diesel,6
2022,12,MAZDA,Hybrid (Petrol),105
2022,12,MAZDA,PHEV,51
2022,12,MAZDA,Petrol,175
2022,12,MERCEDES-AMG,Hybrid (Petrol),2
2022,12,MERCEDES-AMG,PHEV,1
2022,12,MERCEDES-AMG,Petrol,68
2022,12,MERCEDES-BENZ,BEV,413
2022,12,MERCEDES-BENZ,Diesel,409
2022,12,MERCEDES-BENZ,Diesel PHEV,60
2022,12,MERCEDES-BENZ,Hybrid (Diesel),199
2022,12,MERCEDES-BENZ,Hybrid (Petrol),277
2022,12,MERCEDES-BENZ,PHEV,199
2022,12,MERCEDES-BENZ,Petrol,577
2022,12,MG,PHEV,1
2022,12,MINI,BEV,42
2022,12,MINI,PHEV,66
2022,12,MINI,Petrol,268
2022,12,MITSUBISHI,PHEV,61
2022,12,MITSUBISHI,Petrol,69
2022,12,MORGAN,Petrol,3
2022,12,NISSAN,BEV,22
2022,12,NISSAN,Diesel,1
2022,12,NISSAN,Hybrid (Petrol),133
2022,12,NISSAN,Petrol,50
2022,12,OPEL,BEV,81
2022,12,OPEL,Diesel,68
2022,12,OPEL,PHEV,45
2022,12,OPEL,Petrol,139
2022,12,PEUGEOT,BEV,35
2022,12,PEUGEOT,Diesel,68
2022,12,PEUGEOT,PHEV,46
2022,12,PEUGEOT,Petrol,140
2022,12,POLESTAR,BEV,144
2022,12,PORSCHE,BEV,83
2022,12,PORSCHE,Hybrid (Petrol),23
2022,12,PORSCHE,PHEV,78
2022,12,PORSCHE,Petrol,370
2022,12,RENAULT,BEV,467
2022,12,RENAULT,Diesel,110
2022,12,RENAULT,Hybrid (Petrol),313
2022,12,RENAULT,PHEV,4
2022,12,RENAULT,Petrol,145
2022,12,ROLLS ROYCE,Petrol,4
2022,12,SEAT,CNG,10
2022,12,SEAT,Diesel,79
2022,12,SEAT,Hybrid (Petrol),47
2022,12,SEAT,PHEV,2
2022,12,SEAT,Petrol,373
2022,12,SKODA,BEV,784
2022,12,SKODA,CNG,1
2022,12,SKODA,Diesel,389
2022,12,SKODA,Hybrid (Petrol),13
2022,12,SKODA,PHEV,21
2022,12,SKODA,Petrol,845
2022,12,SMART,BEV,26
2022,12,SSANGYONG,Diesel,5
2022,12,SSANGYONG,Petrol,17
2022,12,SUBARU,BEV,20
2022,12,SUBARU,Hybrid (Petrol),51
2022,12,SUBARU,Petrol,30
2022,12,SUZUKI,Hybrid (Petrol),507
2022,12,SUZUKI,PHEV,13
2022,12,SUZUKI,Petrol,13
2022,12,TESLA,BEV,1496
2022,12,TOYOTA,BEV,16
2022,12,TOYOTA,Diesel,61
2022,12,TOYOTA,Hybrid (Petrol),643
2022,12,TOYOTA,Hydrogen,3
2022,12,TOYOTA,PHEV,46
2022,12,TOYOTA,Petrol,158
2022,12,UEBRIGE (SIEHE TYP),Hybrid (Petrol),1
2022,12,VOLVO,BEV,133
2022,12,VOLVO,Hybrid (Diesel),48
2022,12,VOLVO,Hybrid (Petrol),176
2022,12,VOLVO,PHEV,112
2022,12,VOLVO,Petrol,17
2022,12,VW,BEV,1193
2022,12,VW,Diesel,610
2022,12,VW,Hybrid (Petrol),54
2022,12,VW,PHEV,62
2022,12,VW,Petrol,1704
2023,1,AIWAYS,BEV,4
2023,1,ALFA ROMEO,Diesel,5
2023,1,ALFA ROMEO,Hybrid (Petrol),52
2023,1,ALFA ROMEO,Petrol,29
2023,1,ALPINA,Diesel,1
2023,1,ALPINA,Petrol,6
2023,1,ALPINE,Petrol,5
2023,1,ASTON MARTIN,Hybrid (Petrol),1
2023,1,ASTON MARTIN,Petrol,10
2023,1,AUDI,BEV,295
2023,1,AUDI,Diesel,18
2023,1,AUDI,Hybrid (Diesel),277
2023,1,AUDI,Hybrid (Petrol),207
2023,1,AUDI,PHEV,66
2023,1,AUDI,Petrol,535
2023,1,BENTLEY,Hybrid (Petrol),1
2023,1,BENTLEY,Petrol,16
2023,1,BMW,BEV,122
2023,1,BMW,Diesel,101
2023,1,BMW,Hybrid (Diesel),416
2023,1,BMW,Hybrid (Petrol),238
2023,1,BMW,PHEV,220
2023,1,BMW,Petrol,282
2023,1,BMW/ALPINA,Petrol,1
2023,1,BUGATTI,Petrol,1
2023,1,CADILLAC,Petrol,3
2023,1,CHEVROLET,Petrol,5
2023,1,CITROEN,BEV,53
2023,1,CITROEN,Diesel,33
2023,1,CITROEN,PHEV,28
2023,1,CITROEN,Petrol,67
2023,1,CUPRA,BEV,140
2023,1,CUPRA,PHEV,2
2023,1,CUPRA,Petrol,256
2023,1,DACIA,BEV,34
2023,1,DACIA,Diesel,32
2023,1,DACIA,Petrol,492
2023,1,DS,Diesel,2
2023,1,DS,PHEV,30
2023,1,DS,Petrol,10
2023,1,FERRARI,Hybrid (Petrol),11
2023,1,FERRARI,Petrol,17
2023,1,FIAT,BEV,51
2023,1,FIAT,Diesel,3
2023,1,FIAT,Hybrid (Petrol),123
2023,1,FIAT,Petrol,16
2023,1,FORD,BEV,75
2023,1,FORD,Diesel,68
2023,1,FORD,Hybrid (Diesel),2
2023,1,FORD,Hybrid (Petrol),339
2023,1,FORD,PHEV,67
2023,1,FORD,Petrol,82
2023,1,GENESIS,BEV,37
2023,1,GENESIS,Diesel,2
2023,1,GENESIS,Petrol,2
2023,1,HONDA,BEV,4
2023,1,HONDA,Hybrid (Petrol),131
2023,1,HONDA,Petrol,18
2023,1,HYUNDAI,BEV,191
2023,1,HYUNDAI,Diesel,35
2023,1,HYUNDAI,Hybrid (Diesel),2
2023,1,HYUNDAI,Hybrid (Petrol),243
2023,1,HYUNDAI,PHEV,29
2023,1,HYUNDAI,Petrol,131
2023,1,JAC,BEV,9
2023,1,JAGUAR,BEV,2
2023,1,JAGUAR,Hybrid (Diesel),3
2023,1,JAGUAR,Hybrid (Petrol),5
2023,1,JAGUAR,PHEV,2
2023,1,JAGUAR,Petrol,6
2023,1,JEEP,Hybrid (Petrol),32
2023,1,JEEP,PHEV,66
2023,1,JEEP,Petrol,18
2023,1,KIA,BEV,35
2023,1,KIA,Diesel,16
2023,1,KIA,Hybrid (Petrol),212
2023,1,KIA,PHEV,51
2023,1,KIA,Petrol,178
2023,1,LAMBORGHINI,Petrol,15
2023,1,LAND ROVER,Hybrid (Diesel),40
2023,1,LAND ROVER,Hybrid (Petrol),40
2023,1,LAND ROVER,PHEV,38
2023,1,LAND ROVER,Petrol,20
2023,1,LEXUS,Hybrid (Petrol),23
2023,1,LEXUS,PHEV,7
2023,1,LEXUS,Petrol,4
2023,1,LOTUS,Petrol,1
2023,1,MAN,Diesel,1
2023,1,MASERATI,Hybrid (Petrol),30
2023,1,MASERATI,Petrol,25
2023,1,MAZDA,BEV,3
2023,1,MAZDA,Diesel,6
2023,1,MAZDA,Hybrid (Petrol),136
2023,1,MAZDA,PHEV,38
2023,1,MAZDA,Petrol,121
2023,1,MC LAREN,Petrol,1
2023,1,MERCEDES-AMG,Hybrid (Petrol),1
2023,1,MERCEDES-AMG,PHEV,2
2023,1,MERCEDES-AMG,Petrol,58
2023,1,MERCEDES-BENZ,BEV,218
2023,1,MERCEDES-BENZ,Diesel,233
2023,1,MERCEDES-BENZ,Diesel PHEV,32
2023,1,MERCEDES-BENZ,Hybrid (Diesel),137
2023,1,MERCEDES-BENZ,Hybrid (Petrol),224
2023,1,MERCEDES-BENZ,PHEV,127
2023,1,MERCEDES-BENZ,Petrol,300
2023,1,MINI,BEV,14
2023,1,MINI,PHEV,37
2023,1,MINI,Petrol,168
2023,1,MITSUBISHI,PHEV,24
2023,1,MITSUBISHI,Petrol,72
2023,1,NISSAN,BEV,15
2023,1,NISSAN,Diesel,2
2023,1,NISSAN,Hybrid (Petrol),40
2023,1,NISSAN,Petrol,32
2023,1,OPEL,BEV,75
2023,1,OPEL,Diesel,14
2023,1,OPEL,PHEV,28
2023,1,OPEL,Petrol,113
2023,1,PEUGEOT,BEV,104
2023,1,PEUGEOT,Diesel,58
2023,1,PEUGEOT,PHEV,103
2023,1,PEUGEOT,Petrol,236
2023,1,POLESTAR,BEV,51
2023,1,PORSCHE,BEV,76
2023,1,PORSCHE,Hybrid (Petrol),23
2023,1,PORSCHE,PHEV,42
2023,1,PORSCHE,Petrol,349
2023,1,RENAULT,BEV,240
2023,1,RENAULT,Diesel,112
2023,1,RENAULT,Hybrid (Petrol),215
2023,1,RENAULT,PHEV,3
2023,1,RENAULT,Petrol,119
2023,1,ROLLS ROYCE,Petrol,4
2023,1,SEAT,BEV,1
2023,1,SEAT,CNG,1
2023,1,SEAT,Diesel,56
2023,1,SEAT,Hybrid (Petrol),39
2023,1,SEAT,Petrol,291
2023,1,SKODA,BEV,340
2023,1,SKODA,CNG,2
2023,1,SKODA,Diesel,389
2023,1,SKODA,Hybrid (Petrol),14
2023,1,SKODA,PHEV,1
2023,1,SKODA,Petrol,898
2023,1,SMART,BEV,15
2023,1,SSANGYONG,BEV,1
2023,1,SSANGYONG,Diesel,7
2023,1,SSANGYONG,Petrol,14
2023,1,SUBARU,BEV,14
2023,1,SUBARU,Hybrid (Petrol),36
2023,1,SUBARU,Petrol,18
2023,1,SUZUKI,Hybrid (Petrol),221
2023,1,SUZUKI,PHEV,9
2023,1,TESLA,BEV,117
2023,1,TOYOTA,BEV,64
2023,1,TOYOTA,Diesel,29
2023,1,TOYOTA,Hybrid (Petrol),866
2023,1,TOYOTA,Hydrogen,7
2023,1,TOYOTA,PHEV,53
2023,1,TOYOTA,Petrol,176
2023,1,UEBRIGE (SIEHE TYP),Diesel,1
2023,1,UEBRIGE (SIEHE TYP),Hybrid (Petrol),1
2023,1,UEBRIGE (SIEHE TYP),Petrol,1
2023,1,VOLVO,BEV,122
2023,1,VOLVO,Hybrid (Diesel),83
2023,1,VOLVO,Hybrid (Petrol),193
2023,1,VOLVO,PHEV,109
2023,1,VOLVO,Petrol,44
2023,1,VW,BEV,348
2023,1,VW,Diesel,436
2023,1,VW,Hybrid (Petrol),98
2023,1,VW,PHEV,156
2023,1,VW,Petrol,716
2023,2,AIWAYS,BEV,7
2023,2,ALFA ROMEO,Hybrid (Petrol),38
2023,2,ALFA ROMEO,Petrol,16
2023,2,ALPINA,Diesel,1
2023,2,ALPINA,Petrol,6
2023,2,ALPINE,Petrol,4
2023,2,ASTON MARTIN,Hybrid (Petrol),3
2023,2,ASTON MARTIN,Petrol,11
2023,2,AUDI,BEV,286
2023,2,AUDI,Diesel,13
2023,2,AUDI,Hybrid (Diesel),261
2023,2,AUDI,Hybrid (Petrol),218
2023,2,AUDI,PHEV,51
2023,2,AUDI,Petrol,699
2023,2,BENTLEY,Hybrid (Petrol),1
2023,2,BENTLEY,Petrol,12
2023,2,BMW,BEV,120
2023,2,BMW,Diesel,111
2023,2,BMW,Hybrid (Diesel),372
2023,2,BMW,Hybrid (Petrol),238
2023,2,BMW,PHEV,213
2023,2,BMW,Petrol,347
2023,2,BUGATTI,Petrol,1
2023,2,CADILLAC,Petrol,5
2023,2,CHEVROLET,Petrol,5
2023,2,CHRYSLER,Petrol,1
2023,2,CITROEN,BEV,35
2023,2,CITROEN,Diesel,22
2023,2,CITROEN,PHEV,43
2023,2,CITROEN,Petrol,97
2023,2,CUPRA,BEV,112
2023,2,CUPRA,PHEV,55
2023,2,CUPRA,Petrol,316
2023,2,DACIA,BEV,38
2023,2,DACIA,Diesel,40
2023,2,DACIA,LPG,1
2023,2,DACIA,Petrol,643
2023,2,DS,BEV,7
2023,2,DS,Diesel,1
2023,2,DS,PHEV,20
2023,2,DS,Petrol,16
2023,2,FERRARI,Hybrid (Petrol),8
2023,2,FERRARI,Petrol,24
2023,2,FIAT,BEV,137
2023,2,FIAT,Diesel,1
2023,2,FIAT,Hybrid (Petrol),82
2023,2,FIAT,Petrol,29
2023,2,FORD,BEV,36
2023,2,FORD,Diesel,80
2023,2,FORD,Hybrid (Diesel),4
2023,2,FORD,Hybrid (Petrol),561
2023,2,FORD,PHEV,70
2023,2,FORD,Petrol,110
2023,2,GENESIS,BEV,23
2023,2,GENESIS,Diesel,8
2023,2,GENESIS,Petrol,6
2023,2,HONDA,BEV,6
2023,2,HONDA,Hybrid (Petrol),181
2023,2,HONDA,Petrol,16
2023,2,HYUNDAI,BEV,111
2023,2,HYUNDAI,Diesel,17
2023,2,HYUNDAI,Hybrid (Diesel),4
2023,2,HYUNDAI,Hybrid (Petrol),207
2023,2,HYUNDAI,PHEV,12
2023,2,HYUNDAI,Petrol,121
2023,2,JAC,BEV,13
2023,2,JAGUAR,BEV,1
2023,2,JAGUAR,Hybrid (Diesel),7
2023,2,JAGUAR,Hybrid (Petrol),14
2023,2,JAGUAR,PHEV,3
2023,2,JAGUAR,Petrol,13
2023,2,JEEP,Hybrid (Petrol),56
2023,2,JEEP,PHEV,165
2023,2,JEEP,Petrol,27
2023,2,KIA,BEV,41
2023,2,KIA,Diesel,15
2023,2,KIA,Hybrid (Petrol),191
2023,2,KIA,PHEV,47
2023,2,KIA,Petrol,172
2023,2,LAMBORGHINI,Petrol,27
2023,2,LAND ROVER,Diesel,1
2023,2,LAND ROVER,Hybrid (Diesel),40
2023,2,LAND ROVER,Hybrid (Petrol),38
2023,2,LAND ROVER,PHEV,39
2023,2,LAND ROVER,Petrol,26
2023,2,LEXUS,BEV,1
2023,2,LEXUS,Hybrid (Petrol),22
2023,2,LEXUS,PHEV,10
2023,2,LEXUS,Petrol,1
2023,2,LOTUS,Petrol,3
2023,2,LUCID,BEV,1
2023,2,MAN,Diesel,2
2023,2,MASERATI,Hybrid (Petrol),16
2023,2,MASERATI,Petrol,21
2023,2,MAZDA,BEV,1
2023,2,MAZDA,Diesel,4
2023,2,MAZDA,Hybrid (Petrol),108
2023,2,MAZDA,PHEV,38
2023,2,MAZDA,Petrol,93
2023,2,MC LAREN,Hybrid (Petrol),1
2023,2,MERCEDES-AMG,Hybrid (Petrol),3
2023,2,MERCEDES-AMG,PHEV,2
2023,2,MERCEDES-AMG,Petrol,67
2023,2,MERCEDES-BENZ,BEV,164
2023,2,MERCEDES-BENZ,Diesel,241
2023,2,MERCEDES-BENZ,Diesel PHEV,22
2023,2,MERCEDES-BENZ,Hybrid (Diesel),218
2023,2,MERCEDES-BENZ,Hybrid (Petrol),315
2023,2,MERCEDES-BENZ,PHEV,122
2023,2,MERCEDES-BENZ,Petrol,309
2023,2,MG,BEV,1
2023,2,MINI,BEV,24
2023,2,MINI,PHEV,36
2023,2,MINI,Petrol,186
2023,2,MITSUBISHI,PHEV,31
2023,2,MITSUBISHI,Petrol,61
2023,2,MORGAN,Petrol,1
2023,2,NISSAN,BEV,17
2023,2,NISSAN,Diesel,2
2023,2,NISSAN,Hybrid (Petrol),79
2023,2,NISSAN,Petrol,37
2023,2,OPEL,BEV,49
2023,2,OPEL,Diesel,13
2023,2,OPEL,PHEV,28
2023,2,OPEL,Petrol,137
2023,2,PEUGEOT,BEV,71
2023,2,PEUGEOT,Diesel,56
2023,2,PEUGEOT,PHEV,87
2023,2,PEUGEOT,Petrol,188
2023,2,POLESTAR,BEV,50
2023,2,PORSCHE,BEV,36
2023,2,PORSCHE,Hybrid (Petrol),17
2023,2,PORSCHE,PHEV,32
2023,2,PORSCHE,Petrol,312
2023,2,RENAULT,BEV,105
2023,2,RENAULT,Diesel,88
2023,2,RENAULT,Hybrid (Petrol),254
2023,2,RENAULT,PHEV,4
2023,2,RENAULT,Petrol,108
2023,2,ROLLS ROYCE,Petrol,2
2023,2,SEAT,CNG,3
2023,2,SEAT,Diesel,33
2023,2,SEAT,Hybrid (Petrol),8
2023,2,SEAT,PHEV,2
2023,2,SEAT,Petrol,424
2023,2,SKODA,BEV,204
2023,2,SKODA,Diesel,434
2023,2,SKODA,Hybrid (Petrol),31
2023,2,SKODA,PHEV,8
2023,2,SKODA,Petrol,835
2023,2,SMART,BEV,15
2023,2,SSANGYONG,BEV,1
2023,2,SSANGYONG,Diesel,11
2023,2,SSANGYONG,Petrol,3
2023,2,SUBARU,BEV,15
2023,2,SUBARU,Hybrid (Petrol),49
2023,2,SUBARU,Petrol,23
2023,2,SUZUKI,Hybrid (Petrol),233
2023,2,SUZUKI,PHEV,4
2023,2,TESLA,BEV,195
2023,2,TOYOTA,BEV,28
2023,2,TOYOTA,Diesel,34
2023,2,TOYOTA,Hybrid (Petrol),720
2023,2,TOYOTA,Hydrogen,3
2023,2,TOYOTA,PHEV,78
2023,2,TOYOTA,Petrol,143
2023,2,UEBRIGE (SIEHE TYP),Petrol,4
2023,2,VOLVO,BEV,329
2023,2,VOLVO,Diesel,1
2023,2,VOLVO,Hybrid (Diesel),49
2023,2,VOLVO,Hybrid (Petrol),118
2023,2,VOLVO,PHEV,136
2023,2,VOLVO,Petrol,16
2023,2,VW,BEV,326
2023,2,VW,Diesel,378
2023,2,VW,Hybrid (Petrol),161
2023,2,VW,PHEV,83
2023,2,VW,Petrol,927
2023,3,AIWAYS,BEV,5
2023,3,ALFA ROMEO,Diesel,9
2023,3,ALFA ROMEO,Hybrid (Petrol),47
2023,3,ALFA ROMEO,PHEV,44
2023,3,ALFA ROMEO,Petrol,45
2023,3,ALPINA,Diesel,1
2023,3,ALPINA,Hybrid (Diesel),3
2023,3,ALPINA,Petrol,4
2023,3,ALPINE,Petrol,2
2023,3,ASTON MARTIN,Hybrid (Petrol),1
2023,3,ASTON MARTIN,Petrol,9
2023,3,AUDI,BEV,330
2023,3,AUDI,Diesel,44
2023,3,AUDI,Hybrid (Diesel),317
2023,3,AUDI,Hybrid (Petrol),316
2023,3,AUDI,PHEV,61
2023,3,AUDI,Petrol,822
2023,3,BENTLEY,Hybrid (Petrol),1
2023,3,BENTLEY,Petrol,16
2023,3,BMW,BEV,242
2023,3,BMW,Diesel,108
2023,3,BMW,Hybrid (Diesel),583
2023,3,BMW,Hybrid (Petrol),383
2023,3,BMW,PHEV,466
2023,3,BMW,Petrol,424
2023,3,CADILLAC,Petrol,8
2023,3,CHEVROLET,Petrol,9
2023,3,CHRYSLER,Petrol,1
2023,3,CITROEN,BEV,64
2023,3,CITROEN,Diesel,58
2023,3,CITROEN,PHEV,32
2023,3,CITROEN,Petrol,247
2023,3,CUPRA,BEV,218
2023,3,CUPRA,Diesel,1
2023,3,CUPRA,Hybrid (Petrol),2
2023,3,CUPRA,PHEV,61
2023,3,CUPRA,Petrol,438
2023,3,DACIA,BEV,30
2023,3,DACIA,Diesel,53
2023,3,DACIA,Hybrid (Petrol),19
2023,3,DACIA,LPG,2
2023,3,DACIA,Petrol,818
2023,3,DALLARA,Petrol,1
2023,3,DODGE,Petrol,1
2023,3,DS,BEV,6
2023,3,DS,Diesel,3
2023,3,DS,PHEV,34
2023,3,DS,Petrol,43
2023,3,FERRARI,Hybrid (Petrol),13
2023,3,FERRARI,Petrol,34
2023,3,FIAT,BEV,192
2023,3,FIAT,Hybrid (Petrol),158
2023,3,FIAT,Petrol,58
2023,3,FORD,BEV,83
2023,3,FORD,Diesel,98
2023,3,FORD,Hybrid (Diesel),4
2023,3,FORD,Hybrid (Petrol),696
2023,3,FORD,PHEV,93
2023,3,FORD,Petrol,136
2023,3,FORD-CNG-TECHNIK,Hybrid (Petrol),1
2023,3,GENESIS,BEV,43
2023,3,GENESIS,Diesel,5
2023,3,GENESIS,Petrol,2
2023,3,HONDA,BEV,3
2023,3,HONDA,Hybrid (Petrol),184
2023,3,HONDA,Petrol,5
2023,3,HYUNDAI,BEV,285
2023,3,HYUNDAI,Diesel,35
2023,3,HYUNDAI,Hybrid (Diesel),3
2023,3,HYUNDAI,Hybrid (Petrol),311
2023,3,HYUNDAI,Hydrogen,2
2023,3,HYUNDAI,PHEV,23
2023,3,HYUNDAI,Petrol,216
2023,3,INEOS,Petrol,1
2023,3,INFINITI,Petrol,1
2023,3,JAC,BEV,24
2023,3,JAGUAR,BEV,13
2023,3,JAGUAR,Hybrid (Diesel),10
2023,3,JAGUAR,Hybrid (Petrol),11
2023,3,JAGUAR,PHEV,6
2023,3,JAGUAR,Petrol,18
2023,3,JEEP,Hybrid (Petrol),97
2023,3,JEEP,PHEV,159
2023,3,JEEP,Petrol,42
2023,3,KIA,BEV,76
2023,3,KIA,Diesel,20
2023,3,KIA,Hybrid (Diesel),1
2023,3,KIA,Hybrid (Petrol),327
2023,3,KIA,PHEV,91
2023,3,KIA,Petrol,171
2023,3,LAMBORGHINI,Petrol,27
2023,3,LAND ROVER,Hybrid (Diesel),53
2023,3,LAND ROVER,Hybrid (Petrol),48
2023,3,LAND ROVER,PHEV,48
2023,3,LAND ROVER,Petrol,33
2023,3,LEXUS,BEV,1
2023,3,LEXUS,Hybrid (Petrol),19
2023,3,LEXUS,PHEV,14
2023,3,LOTUS,Petrol,13
2023,3,LUCID,BEV,1
2023,3,MASERATI,Hybrid (Petrol),25
2023,3,MASERATI,Petrol,31
2023,3,MAZDA,Diesel,8
2023,3,MAZDA,Hybrid (Diesel),20
2023,3,MAZDA,Hybrid (Petrol),291
2023,3,MAZDA,PHEV,39
2023,3,MAZDA,Petrol,221
2023,3,MC LAREN,Hybrid (Petrol),2
2023,3,MC LAREN,Petrol,2
2023,3,MERCEDES-AMG,Hybrid (Petrol),2
2023,3,MERCEDES-AMG,PHEV,5
2023,3,MERCEDES-AMG,Petrol,66
2023,3,MERCEDES-BENZ,BEV,269
2023,3,MERCEDES-BENZ,Diesel,420
2023,3,MERCEDES-BENZ,Diesel PHEV,28
2023,3,MERCEDES-BENZ,Hybrid (Diesel),309
2023,3,MERCEDES-BENZ,Hybrid (Petrol),463
2023,3,MERCEDES-BENZ,PHEV,136
2023,3,MERCEDES-BENZ,Petrol,513
2023,3,MINI,BEV,51
2023,3,MINI,PHEV,36
2023,3,MINI,Petrol,364
2023,3,MITSUBISHI,Hybrid (Petrol),2
2023,3,MITSUBISHI,PHEV,77
2023,3,MITSUBISHI,Petrol,147
2023,3,MORGAN,Petrol,2
2023,3,NISSAN,BEV,27
2023,3,NISSAN,Diesel,2
2023,3,NISSAN,Hybrid (Petrol),269
2023,3,NISSAN,Petrol,91
2023,3,OPEL,BEV,71
2023,3,OPEL,Diesel,21
2023,3,OPEL,PHEV,57
2023,3,OPEL,Petrol,224
2023,3,PEUGEOT,BEV,104
2023,3,PEUGEOT,Diesel,238
2023,3,PEUGEOT,PHEV,59
2023,3,PEUGEOT,Petrol,266
2023,3,POLESTAR,BEV,26
2023,3,PORSCHE,BEV,28
2023,3,PORSCHE,Hybrid (Petrol),17
2023,3,PORSCHE,PHEV,23
2023,3,PORSCHE,Petrol,404
2023,3,RENAULT,BEV,189
2023,3,RENAULT,Diesel,71
2023,3,RENAULT,Hybrid (Petrol),297
2023,3,RENAULT,PHEV,5
2023,3,RENAULT,Petrol,169
2023,3,ROLLS ROYCE,Petrol,5
2023,3,SEAT,CNG,1
2023,3,SEAT,Diesel,34
2023,3,SEAT,Hybrid (Petrol),5
2023,3,SEAT,PHEV,11
2023,3,SEAT,Petrol,378
2023,3,SKODA,BEV,253
2023,3,SKODA,CNG,1
2023,3,SKODA,Diesel,481
2023,3,SKODA,Hybrid (Petrol),41
2023,3,SKODA,PHEV,1
2023,3,SKODA,Petrol,925
2023,3,SMART,BEV,32
2023,3,SSANGYONG,Diesel,14
2023,3,SSANGYONG,Petrol,12
2023,3,SUBARU,BEV,18
2023,3,SUBARU,Hybrid (Petrol),142
2023,3,SUBARU,Petrol,58
2023,3,SUZUKI,Hybrid (Petrol),411
2023,3,SUZUKI,PHEV,6
2023,3,SUZUKI,Petrol,3
2023,3,TESLA,BEV,1263
2023,3,TOYOTA,BEV,49
2023,3,TOYOTA,Diesel,81
2023,3,TOYOTA,Hybrid (Petrol),938
2023,3,TOYOTA,Hydrogen,5
2023,3,TOYOTA,PHEV,83
2023,3,TOYOTA,Petrol,152
2023,3,UEBRIGE (SIEHE TYP),Petrol,1
2023,3,VOLVO,BEV,334
2023,3,VOLVO,Hybrid (Diesel),48
2023,3,VOLVO,Hybrid (Petrol),120
2023,3,VOLVO,PHEV,250
2023,3,VOLVO,Petrol,5
2023,3,VW,BEV,511
2023,3,VW,CNG,11
2023,3,VW,Diesel,549
2023,3,VW,Hybrid (Petrol),74
2023,3,VW,PHEV,84
2023,3,VW,Petrol,1314
2023,4,AIWAYS,BEV,4
2023,4,ALFA ROMEO,Diesel,4
2023,4,ALFA ROMEO,Hybrid (Petrol),25
2023,4,ALFA ROMEO,PHEV,29
2023,4,ALFA ROMEO,Petrol,65
2023,4,ALPINA,Diesel,2
2023,4,ALPINA,Hybrid (Diesel),2
2023,4,ALPINE,Petrol,6
2023,4,ASTON MARTIN,Petrol,8
2023,4,AUDI,BEV,369
2023,4,AUDI,Diesel,54
2023,4,AUDI,Hybrid (Diesel),245
2023,4,AUDI,Hybrid (Petrol),253
2023,4,AUDI,PHEV,42
2023,4,AUDI,Petrol,769
2023,4,BENTLEY,Hybrid (Petrol),2
2023,4,BENTLEY,Petrol,10
2023,4,BMW,BEV,139
2023,4,BMW,Diesel,44
2023,4,BMW,Hybrid (Diesel),390
2023,4,BMW,Hybrid (Petrol),311
2023,4,BMW,PHEV,210
2023,4,BMW,Petrol,317
2023,4,BUGATTI,Petrol,2
2023,4,CADILLAC,Petrol,6
2023,4,CATERHAM,Petrol,1
2023,4,CHEVROLET,Petrol,5
2023,4,CITROEN,BEV,5
2023,4,CITROEN,Diesel,27
2023,4,CITROEN,PHEV,12
2023,4,CITROEN,Petrol,49
2023,4,CUPRA,BEV,174
2023,4,CUPRA,PHEV,28
2023,4,CUPRA,Petrol,355
2023,4,DACIA,BEV,54
2023,4,DACIA,Diesel,16
2023,4,DACIA,Hybrid (Petrol),9
2023,4,DACIA,Petrol,367
2023,4,DALLARA,Petrol,1
2023,4,DS,BEV,2
2023,4,DS,Diesel,3
2023,4,DS,PHEV,17
2023,4,DS,Petrol,11
2023,4,FERRARI,Hybrid (Petrol),20
2023,4,FERRARI,Petrol,42
2023,4,FIAT,BEV,184
2023,4,FIAT,Diesel,1
2023,4,FIAT,Hybrid (Petrol),101
2023,4,FIAT,Petrol,43
2023,4,FORD,BEV,59
2023,4,FORD,Diesel,79
2023,4,FORD,Hybrid (Diesel),6
2023,4,FORD,Hybrid (Petrol),547
2023,4,FORD,PHEV,72
2023,4,FORD,Petrol,80
2023,4,GENESIS,BEV,39
2023,4,GENESIS,Diesel,3
2023,4,GENESIS,Petrol,3
2023,4,HONDA,BEV,8
2023,4,HONDA,Hybrid (Petrol),108
2023,4,HONDA,Petrol,1
2023,4,HYUNDAI,BEV,159
2023,4,HYUNDAI,Diesel,36
2023,4,HYUNDAI,Hybrid (Diesel),4
2023,4,HYUNDAI,Hybrid (Petrol),224
2023,4,HYUNDAI,PHEV,37
2023,4,HYUNDAI,Petrol,154
2023,4,INEOS,Diesel,1
2023,4,INEOS,Petrol,1
2023,4,IVECO,Diesel,1
2023,4,JAC,BEV,9
2023,4,JAGUAR,BEV,1
2023,4,JAGUAR,Hybrid (Diesel),3
2023,4,JAGUAR,Hybrid (Petrol),14
2023,4,JAGUAR,PHEV,3
2023,4,JAGUAR,Petrol,9
2023,4,JEEP,Hybrid (Petrol),51
2023,4,JEEP,PHEV,77
2023,4,JEEP,Petrol,17
2023,4,KIA,BEV,87
2023,4,KIA,Diesel,4
2023,4,KIA,Hybrid (Petrol),167
2023,4,KIA,PHEV,72
2023,4,KIA,Petrol,140
2023,4,LAMBORGHINI,Petrol,20
2023,4,LAND ROVER,Hybrid (Diesel),48
2023,4,LAND ROVER,Hybrid (Petrol),40
2023,4,LAND ROVER,PHEV,58
2023,4,LAND ROVER,Petrol,31
2023,4,LEXUS,BEV,9
2023,4,LEXUS,Hybrid (Petrol),22
2023,4,LEXUS,PHEV,29
2023,4,LEXUS,Petrol,1
2023,4,LOTUS,Petrol,13
2023,4,MAN,Diesel,2
2023,4,MASERATI,Hybrid (Petrol),21
2023,4,MASERATI,Petrol,24
2023,4,MAZDA,Diesel,12
2023,4,MAZDA,Hybrid (Diesel),22
2023,4,MAZDA,Hybrid (Petrol),187
2023,4,MAZDA,PHEV,32
2023,4,MAZDA,Petrol,133
2023,4,MC LAREN,Hybrid (Petrol),3
2023,4,MC LAREN,Petrol,2
2023,4,MERCEDES-AMG,Hybrid (Petrol),1
2023,4,MERCEDES-AMG,PHEV,1
2023,4,MERCEDES-AMG,Petrol,54
2023,4,MERCEDES-BENZ,BEV,235
2023,4,MERCEDES-BENZ,Diesel,366
2023,4,MERCEDES-BENZ,Diesel PHEV,16
2023,4,MERCEDES-BENZ,Hybrid (Diesel),199
2023,4,MERCEDES-BENZ,Hybrid (Petrol),340
2023,4,MERCEDES-BENZ,PHEV,85
2023,4,MERCEDES-BENZ,Petrol,367
2023,4,MINI,BEV,16
2023,4,MINI,Diesel,1
2023,4,MINI,PHEV,11
2023,4,MINI,Petrol,291
2023,4,MITSUBISHI,PHEV,124
2023,4,MITSUBISHI,Petrol,59
2023,4,MORGAN,Petrol,4
2023,4,NISSAN,BEV,10
2023,4,NISSAN,Diesel,3
2023,4,NISSAN,Hybrid (Petrol),144
2023,4,NISSAN,Petrol,20
2023,4,OPEL,BEV,38
2023,4,OPEL,Diesel,33
2023,4,OPEL,Hybrid (Petrol),1
2023,4,OPEL,PHEV,28
2023,4,OPEL,Petrol,120
2023,4,PEUGEOT,BEV,51
2023,4,PEUGEOT,Diesel,87
2023,4,PEUGEOT,PHEV,18
2023,4,PEUGEOT,Petrol,95
2023,4,POLESTAR,BEV,67
2023,4,PONTIAC,Petrol,1
2023,4,PORSCHE,BEV,41
2023,4,PORSCHE,Hybrid (Petrol),21
2023,4,PORSCHE,PHEV,16
2023,4,PORSCHE,Petrol,366
2023,4,RENAULT,BEV,148
2023,4,RENAULT,Diesel,72
2023,4,RENAULT,Hybrid (Petrol),237
2023,4,RENAULT,Petrol,112
2023,4,ROLLS ROYCE,Petrol,7
2023,4,SEAT,CNG,2
2023,4,SEAT,Diesel,14
2023,4,SEAT,Hybrid (Petrol),8
2023,4,SEAT,PHEV,5
2023,4,SEAT,Petrol,389
2023,4,SKODA,BEV,349
2023,4,SKODA,Diesel,403
2023,4,SKODA,Hybrid (Petrol),30
2023,4,SKODA,PHEV,3
2023,4,SKODA,Petrol,860
2023,4,SMART,BEV,19
2023,4,SSANGYONG,Diesel,8
2023,4,SSANGYONG,Petrol,11
2023,4,STIMBO,BEV,1
2023,4,SUBARU,BEV,11
2023,4,SUBARU,Hybrid (Petrol),53
2023,4,SUBARU,Petrol,56
2023,4,SUZUKI,Hybrid (Petrol),403
2023,4,SUZUKI,PHEV,6
2023,4,TESLA,BEV,469
2023,4,TOYOTA,BEV,68
2023,4,TOYOTA,Diesel,75
2023,4,TOYOTA,Hybrid (Petrol),711
2023,4,TOYOTA,Hydrogen,2
2023,4,TOYOTA,PHEV,53
2023,4,TOYOTA,Petrol,116
2023,4,UEBRIGE (SIEHE TYP),BEV,1
2023,4,UEBRIGE (SIEHE TYP),Hybrid (Petrol),1
2023,4,UEBRIGE (SIEHE TYP),Petrol,1
2023,4,VOLVO,BEV,182
2023,4,VOLVO,Hybrid (Diesel),39
2023,4,VOLVO,Hybrid (Petrol),113
2023,4,VOLVO,PHEV,147
2023,4,VOLVO,Petrol,6
2023,4,VOYAH,BEV,1
2023,4,VW,BEV,380
2023,4,VW,CNG,1
2023,4,VW,Diesel,295
2023,4,VW,Hybrid (Petrol),70
2023,4,VW,PHEV,64
2023,4,VW,Petrol,984
2023,5,AIWAYS,BEV,4
2023,5,ALFA ROMEO,Diesel,7
2023,5,ALFA ROMEO,Hybrid (Petrol),25
2023,5,ALFA ROMEO,PHEV,91
2023,5,ALFA ROMEO,Petrol,53
2023,5,ALPINA,Diesel,2
2023,5,ALPINA,Petrol,4
2023,5,ALPINE,Petrol,20
2023,5,ASTON MARTIN,Petrol,15
2023,5,AUDI,BEV,416
2023,5,AUDI,Diesel,38
2023,5,AUDI,Hybrid (Diesel),263
2023,5,AUDI,Hybrid (Petrol),278
2023,5,AUDI,PHEV,49
2023,5,AUDI,Petrol,737
2023,5,BENTLEY,Hybrid (Petrol),2
2023,5,BENTLEY,Petrol,11
2023,5,BMW,BEV,257
2023,5,BMW,Diesel,114
2023,5,BMW,Hybrid (Diesel),473
2023,5,BMW,Hybrid (Petrol),314
2023,5,BMW,PHEV,272
2023,5,BMW,Petrol,331
2023,5,BUGATTI,Petrol,1
2023,5,CADILLAC,Petrol,10
2023,5,CHEVROLET,Petrol,5
2023,5,CITROEN,BEV,37
2023,5,CITROEN,Diesel,44
2023,5,CITROEN,PHEV,24
2023,5,CITROEN,Petrol,121
2023,5,CUPRA,BEV,179
2023,5,CUPRA,Hybrid (Petrol),4
2023,5,CUPRA,PHEV,59
2023,5,CUPRA,Petrol,307
2023,5,DACIA,BEV,11
2023,5,DACIA,Diesel,20
2023,5,DACIA,Hybrid (Petrol),1
2023,5,DACIA,Petrol,545
2023,5,DODGE,Petrol,3
2023,5,DS,BEV,10
2023,5,DS,Diesel,4
2023,5,DS,PHEV,48
2023,5,DS,Petrol,10
2023,5,FERRARI,Hybrid (Petrol),17
2023,5,FERRARI,Petrol,39
2023,5,FIAT,BEV,204
2023,5,FIAT,CNG,1
2023,5,FIAT,Hybrid (Petrol),184
2023,5,FIAT,Petrol,57
2023,5,FORD,BEV,73
2023,5,FORD,Diesel,81
2023,5,FORD,Hybrid (Diesel),1
2023,5,FORD,Hybrid (Petrol),627
2023,5,FORD,PHEV,77
2023,5,FORD,Petrol,85
2023,5,GENESIS,BEV,64
2023,5,GENESIS,Diesel,11
2023,5,GENESIS,Petrol,17
2023,5,HONDA,BEV,16
2023,5,HONDA,Hybrid (Petrol),140
2023,5,HONDA,Petrol,4
2023,5,HYUNDAI,BEV,199
2023,5,HYUNDAI,Diesel,38
2023,5,HYUNDAI,Hybrid (Diesel),1
2023,5,HYUNDAI,Hybrid (Petrol),249
2023,5,HYUNDAI,PHEV,44
2023,5,HYUNDAI,Petrol,181
2023,5,INEOS,Diesel,10
2023,5,INEOS,Petrol,6
2023,5,JAC,BEV,17
2023,5,JAGUAR,BEV,5
2023,5,JAGUAR,Hybrid (Diesel),5
2023,5,JAGUAR,Hybrid (Petrol),8
2023,5,JAGUAR,PHEV,4
2023,5,JAGUAR,Petrol,11
2023,5,JEEP,BEV,5
2023,5,JEEP,Hybrid (Petrol),57
2023,5,JEEP,PHEV,90
2023,5,JEEP,Petrol,25
2023,5,JUMBOLINO,BEV,1
2023,5,KIA,BEV,49
2023,5,KIA,Diesel,3
2023,5,KIA,Hybrid (Diesel),1
2023,5,KIA,Hybrid (Petrol),213
2023,5,KIA,PHEV,63
2023,5,KIA,Petrol,155
2023,5,LAMBORGHINI,Petrol,23
2023,5,LAND ROVER,Hybrid (Diesel),31
2023,5,LAND ROVER,Hybrid (Petrol),37
2023,5,LAND ROVER,PHEV,41
2023,5,LAND ROVER,Petrol,35
2023,5,LEXUS,BEV,10
2023,5,LEXUS,Hybrid (Petrol),31
2023,5,LEXUS,PHEV,28
2023,5,LOTUS,Petrol,15
2023,5,MAN,BEV,2
2023,5,MASERATI,Hybrid (Petrol),19
2023,5,MASERATI,Petrol,32
2023,5,MAZDA,BEV,3
2023,5,MAZDA,Diesel,1
2023,5,MAZDA,Hybrid (Diesel),20
2023,5,MAZDA,Hybrid (Petrol),211
2023,5,MAZDA,PHEV,25
2023,5,MAZDA,Petrol,95
2023,5,MC LAREN,Hybrid (Petrol),3
2023,5,MC LAREN,Petrol,2
2023,5,MERCEDES-AMG,Hybrid (Petrol),5
2023,5,MERCEDES-AMG,PHEV,2
2023,5,MERCEDES-AMG,Petrol,55
2023,5,MERCEDES-BENZ,BEV,236
2023,5,MERCEDES-BENZ,Diesel,304
2023,5,MERCEDES-BENZ,Diesel PHEV,20
2023,5,MERCEDES-BENZ,Hybrid (Diesel),177
2023,5,MERCEDES-BENZ,Hybrid (Petrol),359
2023,5,MERCEDES-BENZ,PHEV,84
2023,5,MERCEDES-BENZ,Petrol,364
2023,5,MINI,BEV,50
2023,5,MINI,PHEV,52
2023,5,MINI,Petrol,308
2023,5,MITSUBISHI,Hybrid (Petrol),14
2023,5,MITSUBISHI,PHEV,40
2023,5,MITSUBISHI,Petrol,96
2023,5,MORGAN,Petrol,1
2023,5,NISSAN,BEV,11
2023,5,NISSAN,Diesel,10
2023,5,NISSAN,Hybrid (Petrol),364
2023,5,NISSAN,Petrol,31
2023,5,OPEL,BEV,68
2023,5,OPEL,Diesel,31
2023,5,OPEL,Hybrid (Petrol),2
2023,5,OPEL,PHEV,92
2023,5,OPEL,Petrol,269
2023,5,PEUGEOT,BEV,53
2023,5,PEUGEOT,Diesel,207
2023,5,PEUGEOT,Hybrid (Petrol),2
2023,5,PEUGEOT,PHEV,43
2023,5,PEUGEOT,Petrol,151
2023,5,POLESTAR,BEV,106
2023,5,PORSCHE,BEV,39
2023,5,PORSCHE,Hybrid (Petrol),10
2023,5,PORSCHE,PHEV,13
2023,5,PORSCHE,Petrol,295
2023,5,RENAULT,BEV,156
2023,5,RENAULT,Diesel,62
2023,5,RENAULT,Hybrid (Petrol),320
2023,5,RENAULT,PHEV,1
2023,5,RENAULT,Petrol,149
2023,5,ROLLS ROYCE,Petrol,3
2023,5,SEAT,CNG,3
2023,5,SEAT,Diesel,22
2023,5,SEAT,Hybrid (Petrol),25
2023,5,SEAT,PHEV,2
2023,5,SEAT,Petrol,438
2023,5,SKODA,BEV,361
2023,5,SKODA,CNG,1
2023,5,SKODA,Diesel,653
2023,5,SKODA,Hybrid (Petrol),40
2023,5,SKODA,PHEV,7
2023,5,SKODA,Petrol,1033
2023,5,SMART,BEV,29
2023,5,SSANGYONG,BEV,3
2023,5,SSANGYONG,Diesel,7
2023,5,SSANGYONG,Petrol,9
2023,5,SUBARU,BEV,29
2023,5,SUBARU,Hybrid (Petrol),77
2023,5,SUBARU,Petrol,63
2023,5,SUZUKI,Hybrid (Petrol),407
2023,5,SUZUKI,PHEV,11
2023,5,SUZUKI,Petrol,1
2023,5,TESLA,BEV,923
2023,5,TOYOTA,BEV,81
2023,5,TOYOTA,Diesel,66
2023,5,TOYOTA,Hybrid (Petrol),699
2023,5,TOYOTA,Hydrogen,1
2023,5,TOYOTA,PHEV,26
2023,5,TOYOTA,Petrol,110
2023,5,VOLVO,BEV,186
2023,5,VOLVO,Hybrid (Diesel),36
2023,5,VOLVO,Hybrid (Petrol),121
2023,5,VOLVO,PHEV,186
2023,5,VOLVO,Petrol,22
2023,5,VW,BEV,461
2023,5,VW,CNG,3
2023,5,VW,Diesel,445
2023,5,VW,Hybrid (Petrol),125
2023,5,VW,PHEV,90
2023,5,VW,Petrol,1112
2023,6,AIWAYS,BEV,1
2023,6,ALFA ROMEO,Diesel,4
2023,6,ALFA ROMEO,Hybrid (Petrol),70
2023,6,ALFA ROMEO,PHEV,94
2023,6,ALFA ROMEO,Petrol,49
2023,6,ALPINA,Petrol,7
2023,6,ALPINE,Petrol,24
2023,6,ASTON MARTIN,Petrol,18
2023,6,AUDI,BEV,411
2023,6,AUDI,Diesel,82
2023,6,AUDI,Hybrid (Diesel),220
2023,6,AUDI,Hybrid (Petrol),240
2023,6,AUDI,PHEV,95
2023,6,AUDI,Petrol,838
2023,6,BENTLEY,Hybrid (Petrol),1
2023,6,BENTLEY,Petrol,12
2023,6,BMW,BEV,287
2023,6,BMW,Diesel,109
2023,6,BMW,Hybrid (Diesel),423
2023,6,BMW,Hybrid (Petrol),331
2023,6,BMW,PHEV,334
2023,6,BMW,Petrol,420
2023,6,CADILLAC,Petrol,12
2023,6,CATERHAM,Petrol,2
2023,6,CHEVROLET,Petrol,13
2023,6,CHRYSLER,Petrol,2
2023,6,CITROEN,BEV,47
2023,6,CITROEN,Diesel,53
2023,6,CITROEN,PHEV,43
2023,6,CITROEN,Petrol,176
2023,6,CUPRA,BEV,181
2023,6,CUPRA,Hybrid (Petrol),5
2023,6,CUPRA,PHEV,136
2023,6,CUPRA,Petrol,366
2023,6,DACIA,BEV,12
2023,6,DACIA,Diesel,19
2023,6,DACIA,Hybrid (Petrol),24
2023,6,DACIA,Petrol,627
2023,6,DALLARA,Petrol,1
2023,6,DODGE,Petrol,10
2023,6,DS,BEV,4
2023,6,DS,Diesel,2
2023,6,DS,PHEV,39
2023,6,DS,Petrol,26
2023,6,FERRARI,Hybrid (Petrol),16
2023,6,FERRARI,Petrol,36
2023,6,FIAT,BEV,185
2023,6,FIAT,Hybrid (Petrol),167
2023,6,FIAT,Petrol,65
2023,6,FORD,BEV,91
2023,6,FORD,Diesel,140
2023,6,FORD,Hybrid (Diesel),3
2023,6,FORD,Hybrid (Petrol),575
2023,6,FORD,PHEV,68
2023,6,FORD,Petrol,105
2023,6,GENESIS,BEV,64
2023,6,GENESIS,Diesel,6
2023,6,GENESIS,Petrol,9
2023,6,HONDA,BEV,21
2023,6,HONDA,Hybrid (Petrol),147
2023,6,HONDA,Petrol,22
2023,6,HYUNDAI,BEV,163
2023,6,HYUNDAI,Diesel,44
2023,6,HYUNDAI,Hybrid (Diesel),3
2023,6,HYUNDAI,Hybrid (Petrol),315
2023,6,HYUNDAI,PHEV,46
2023,6,HYUNDAI,Petrol,203
2023,6,INEOS,Diesel,7
2023,6,INEOS,Petrol,5
2023,6,JAC,BEV,9
2023,6,JAGUAR,BEV,3
2023,6,JAGUAR,Hybrid (Diesel),2
2023,6,JAGUAR,Hybrid (Petrol),5
2023,6,JAGUAR,PHEV,11
2023,6,JAGUAR,Petrol,9
2023,6,JEEP,BEV,36
2023,6,JEEP,Hybrid (Petrol),77
2023,6,JEEP,PHEV,75
2023,6,JEEP,Petrol,28
2023,6,KIA,BEV,158
2023,6,KIA,Diesel,9
2023,6,KIA,Hybrid (Petrol),232
2023,6,KIA,PHEV,77
2023,6,KIA,Petrol,235
2023,6,KTM,Petrol,2
2023,6,LAMBORGHINI,Petrol,22
2023,6,LAND ROVER,Hybrid (Diesel),65
2023,6,LAND ROVER,Hybrid (Petrol),60
2023,6,LAND ROVER,PHEV,44
2023,6,LAND ROVER,Petrol,27
2023,6,LEXUS,BEV,15
2023,6,LEXUS,Hybrid (Petrol),62
2023,6,LEXUS,PHEV,24
2023,6,LEXUS,Petrol,1
2023,6,LOTUS,Petrol,2
2023,6,LUCID,BEV,6
2023,6,MASERATI,Hybrid (Petrol),31
2023,6,MASERATI,Petrol,36
2023,6,MAXUS,BEV,1
2023,6,MAZDA,Diesel,13
2023,6,MAZDA,Hybrid (Diesel),9
2023,6,MAZDA,Hybrid (Petrol),271
2023,6,MAZDA,PHEV,41
2023,6,MAZDA,Petrol,106
2023,6,MC LAREN,Petrol,5
2023,6,MERCEDES-ADRIA,Hybrid (Petrol),1
2023,6,MERCEDES-AMG,Hybrid (Petrol),8
2023,6,MERCEDES-AMG,PHEV,5
2023,6,MERCEDES-AMG,Petrol,77
2023,6,MERCEDES-BENZ,BEV,287
2023,6,MERCEDES-BENZ,Diesel,404
2023,6,MERCEDES-BENZ,Diesel PHEV,35
2023,6,MERCEDES-BENZ,Hybrid (Diesel),240
2023,6,MERCEDES-BENZ,Hybrid (Petrol),364
2023,6,MERCEDES-BENZ,PHEV,155
2023,6,MERCEDES-BENZ,Petrol,403
2023,6,MINI,BEV,14
2023,6,MINI,PHEV,46
2023,6,MINI,Petrol,325
2023,6,MITSUBISHI,Hybrid (Petrol),25
2023,6,MITSUBISHI,PHEV,44
2023,6,MITSUBISHI,Petrol,136
2023,6,MORGAN,Petrol,1
2023,6,NISSAN,BEV,19
2023,6,NISSAN,Diesel,11
2023,6,NISSAN,Hybrid (Petrol),297
2023,6,NISSAN,Petrol,52
2023,6,OPEL,BEV,56
2023,6,OPEL,Diesel,52
2023,6,OPEL,PHEV,105
2023,6,OPEL,Petrol,270
2023,6,PEUGEOT,BEV,67
2023,6,PEUGEOT,Diesel,156
2023,6,PEUGEOT,PHEV,60
2023,6,PEUGEOT,Petrol,157
2023,6,POLESTAR,BEV,78
2023,6,PORSCHE,BEV,52
2023,6,PORSCHE,Hybrid (Petrol),17
2023,6,PORSCHE,PHEV,5
2023,6,PORSCHE,Petrol,316
2023,6,RENAULT,BEV,275
2023,6,RENAULT,Diesel,113
2023,6,RENAULT,Hybrid (Petrol),501
2023,6,RENAULT,PHEV,6
2023,6,RENAULT,Petrol,240
2023,6,ROLLS ROYCE,Petrol,6
2023,6,SAAB,Petrol,1
2023,6,SEAT,CNG,2
2023,6,SEAT,Diesel,37
2023,6,SEAT,Hybrid (Petrol),32
2023,6,SEAT,PHEV,9
2023,6,SEAT,Petrol,446
2023,6,SKODA,BEV,371
2023,6,SKODA,CNG,2
2023,6,SKODA,Diesel,577
2023,6,SKODA,Hybrid (Petrol),54
2023,6,SKODA,PHEV,2
2023,6,SKODA,Petrol,1033
2023,6,SMART,BEV,34
2023,6,SSANGYONG,BEV,4
2023,6,SSANGYONG,Diesel,17
2023,6,SSANGYONG,Petrol,12
2023,6,SUBARU,BEV,13
2023,6,SUBARU,Hybrid (Petrol),102
2023,6,SUBARU,Petrol,75
2023,6,SUZUKI,Hybrid (Petrol),610
2023,6,SUZUKI,PHEV,25
2023,6,TESLA,BEV,1368
2023,6,TOYOTA,BEV,105
2023,6,TOYOTA,Diesel,63
2023,6,TOYOTA,Hybrid (Diesel),1
2023,6,TOYOTA,Hybrid (Petrol),799
2023,6,TOYOTA,Hydrogen,1
2023,6,TOYOTA,PHEV,68
2023,6,TOYOTA,Petrol,167
2023,6,UEBRIGE (SIEHE TYP),BEV,3
2023,6,VOLVO,BEV,206
2023,6,VOLVO,Hybrid (Diesel),119
2023,6,VOLVO,Hybrid (Petrol),182
2023,6,VOLVO,PHEV,267
2023,6,VOLVO,Petrol,15
2023,6,VW,BEV,546
2023,6,VW,Diesel,532
2023,6,VW,Hybrid (Petrol),199
2023,6,VW,PHEV,189
2023,6,VW,Petrol,1219
2023,7,AIWAYS,BEV,3
2023,7,ALFA ROMEO,Diesel,5
2023,7,ALFA ROMEO,Hybrid (Petrol),27
2023,7,ALFA ROMEO,PHEV,72
2023,7,ALFA ROMEO,Petrol,24
2023,7,ALPINA,Diesel,1
2023,7,ALPINA,Petrol,2
2023,7,ALPINE,Petrol,9
2023,7,ASTON MARTIN,Petrol,15
2023,7,AUDI,BEV,297
2023,7,AUDI,Diesel,86
2023,7,AUDI,Hybrid (Diesel),166
2023,7,AUDI,Hybrid (Petrol),179
2023,7,AUDI,PHEV,66
2023,7,AUDI,Petrol,702
2023,7,BENTLEY,Petrol,20
2023,7,BMW,BEV,216
2023,7,BMW,Diesel,96
2023,7,BMW,Hybrid (Diesel),354
2023,7,BMW,Hybrid (Petrol),257
2023,7,BMW,PHEV,230
2023,7,BMW,Petrol,298
2023,7,CADILLAC,Petrol,2
2023,7,CATERHAM,Petrol,1
2023,7,CHEVROLET,Petrol,11
2023,7,CHRYSLER,Petrol,2
2023,7,CITROEN,BEV,26
2023,7,CITROEN,Diesel,17
2023,7,CITROEN,Hybrid (Petrol),2
2023,7,CITROEN,PHEV,16
2023,7,CITROEN,Petrol,87
2023,7,CUPRA,BEV,163
2023,7,CUPRA,Hybrid (Petrol),3
2023,7,CUPRA,PHEV,38
2023,7,CUPRA,Petrol,343
2023,7,DACIA,BEV,21
2023,7,DACIA,Diesel,11
2023,7,DACIA,Hybrid (Petrol),17
2023,7,DACIA,Petrol,332
2023,7,DALLARA,Petrol,2
2023,7,DODGE,Petrol,1
2023,7,DS,BEV,8
2023,7,DS,Diesel,2
2023,7,DS,PHEV,15
2023,7,DS,Petrol,9
2023,7,FERRARI,Hybrid (Petrol),22
2023,7,FERRARI,Petrol,31
2023,7,FIAT,BEV,124
2023,7,FIAT,Hybrid (Petrol),121
2023,7,FIAT,Petrol,38
2023,7,FORD,BEV,84
2023,7,FORD,Diesel,104
2023,7,FORD,Hybrid (Diesel),4
2023,7,FORD,Hybrid (Petrol),403
2023,7,FORD,PHEV,41
2023,7,FORD,Petrol,64
2023,7,GENESIS,BEV,58
2023,7,GENESIS,Diesel,9
2023,7,GENESIS,Petrol,5
2023,7,HONDA,BEV,6
2023,7,HONDA,Hybrid (Petrol),180
2023,7,HONDA,Petrol,5
2023,7,HYUNDAI,BEV,183
2023,7,HYUNDAI,Diesel,53
2023,7,HYUNDAI,Hybrid (Diesel),12
2023,7,HYUNDAI,Hybrid (Petrol),247
2023,7,HYUNDAI,PHEV,36
2023,7,HYUNDAI,Petrol,158
2023,7,INEOS,Diesel,4
2023,7,INEOS,Petrol,8
2023,7,JAC,BEV,10
2023,7,JAGUAR,BEV,5
2023,7,JAGUAR,Hybrid (Diesel),2
2023,7,JAGUAR,Hybrid (Petrol),5
2023,7,JAGUAR,PHEV,10
2023,7,JAGUAR,Petrol,7
2023,7,JEEP,BEV,50
2023,7,JEEP,Hybrid (Petrol),54
2023,7,JEEP,PHEV,61
2023,7,JEEP,Petrol,21
2023,7,KIA,BEV,114
2023,7,KIA,Diesel,7
2023,7,KIA,Hybrid (Petrol),117
2023,7,KIA,PHEV,40
2023,7,KIA,Petrol,157
2023,7,KTM,Petrol,1
2023,7,LAMBORGHINI,Petrol,28
2023,7,LAND ROVER,Hybrid (Diesel),41
2023,7,LAND ROVER,Hybrid (Petrol),40
2023,7,LAND ROVER,PHEV,44
2023,7,LAND ROVER,Petrol,36
2023,7,LEXUS,BEV,13
2023,7,LEXUS,Hybrid (Petrol),49
2023,7,LEXUS,PHEV,16
2023,7,LEXUS,Petrol,3
2023,7,LOTUS,Petrol,2
2023,7,LUCID,BEV,1
2023,7,MASERATI,Hybrid (Petrol),44
2023,7,MASERATI,Petrol,27
2023,7,MAXUS,BEV,1
2023,7,MAYBACH,Hybrid (Petrol),1
2023,7,MAZDA,BEV,1
2023,7,MAZDA,Diesel,4
2023,7,MAZDA,Hybrid (Diesel),9
2023,7,MAZDA,Hybrid (Petrol),147
2023,7,MAZDA,PHEV,22
2023,7,MAZDA,Petrol,57
2023,7,MC LAREN,Petrol,3
2023,7,MERCEDES-AMG,Hybrid (Petrol),2
2023,7,MERCEDES-AMG,PHEV,4
2023,7,MERCEDES-AMG,Petrol,39
2023,7,MERCEDES-BENZ,BEV,211
2023,7,MERCEDES-BENZ,Diesel,232
2023,7,MERCEDES-BENZ,Diesel PHEV,42
2023,7,MERCEDES-BENZ,Hybrid (Diesel),120
2023,7,MERCEDES-BENZ,Hybrid (Petrol),246
2023,7,MERCEDES-BENZ,PHEV,165
2023,7,MERCEDES-BENZ,Petrol,209
2023,7,MINI,BEV,10
2023,7,MINI,PHEV,30
2023,7,MINI,Petrol,242
2023,7,MITSUBISHI,Hybrid (Petrol),18
2023,7,MITSUBISHI,PHEV,50
2023,7,MITSUBISHI,Petrol,64
2023,7,MORGAN,Petrol,3
2023,7,NISSAN,BEV,5
2023,7,NISSAN,Diesel,12
2023,7,NISSAN,Hybrid (Petrol),165
2023,7,NISSAN,Petrol,24
2023,7,OPEL,BEV,19
2023,7,OPEL,Diesel,24
2023,7,OPEL,Hybrid (Petrol),1
2023,7,OPEL,PHEV,94
2023,7,OPEL,Petrol,102
2023,7,PAGANI,Petrol,1
2023,7,PEUGEOT,BEV,104
2023,7,PEUGEOT,Diesel,100
2023,7,PEUGEOT,PHEV,79
2023,7,PEUGEOT,Petrol,213
2023,7,PININFARINA,BEV,1
2023,7,POLESTAR,BEV,106
2023,7,PORSCHE,BEV,62
2023,7,PORSCHE,Hybrid (Petrol),10
2023,7,PORSCHE,PHEV,3
2023,7,PORSCHE,Petrol,335
2023,7,RENAULT,BEV,115
2023,7,RENAULT,Diesel,106
2023,7,RENAULT,Hybrid (Petrol),310
2023,7,RENAULT,Petrol,64
2023,7,ROLLS ROYCE,Petrol,2
2023,7,SEAT,CNG,2
2023,7,SEAT,Diesel,76
2023,7,SEAT,Hybrid (Petrol),36
2023,7,SEAT,PHEV,40
2023,7,SEAT,Petrol,231
2023,7,SERES,BEV,2
2023,7,SKODA,BEV,312
2023,7,SKODA,Diesel,442
2023,7,SKODA,Hybrid (Petrol),53
2023,7,SKODA,PHEV,1
2023,7,SKODA,Petrol,831
2023,7,SMART,BEV,42
2023,7,SSANGYONG,BEV,2
2023,7,SSANGYONG,Diesel,5
2023,7,SSANGYONG,Petrol,4
2023,7,SUBARU,BEV,5
2023,7,SUBARU,Hybrid (Petrol),52
2023,7,SUBARU,Petrol,40
2023,7,SUZUKI,Hybrid (Petrol),241
2023,7,SUZUKI,PHEV,7
2023,7,SUZUKI,Petrol,3
2023,7,TESLA,BEV,450
2023,7,TOYOTA,BEV,84
2023,7,TOYOTA,Diesel,76
2023,7,TOYOTA,Hybrid (Petrol),767
2023,7,TOYOTA,Hydrogen,2
2023,7,TOYOTA,PHEV,93
2023,7,TOYOTA,Petrol,137
2023,7,VOLVO,BEV,243
2023,7,VOLVO,Hybrid (Diesel),104
2023,7,VOLVO,Hybrid (Petrol),145
2023,7,VOLVO,PHEV,220
2023,7,VOLVO,Petrol,11
2023,7,VW,BEV,447
2023,7,VW,Diesel,486
2023,7,VW,Hybrid (Petrol),179
2023,7,VW,PHEV,112
2023,7,VW,Petrol,1187
2023,8,ABARTH,BEV,2
2023,8,AIWAYS,BEV,1
2023,8,ALFA ROMEO,Diesel,3
2023,8,ALFA ROMEO,Hybrid (Petrol),15
2023,8,ALFA ROMEO,PHEV,56
2023,8,ALFA ROMEO,Petrol,32
2023,8,ALPINA,Diesel,2
2023,8,ALPINE,Petrol,17
2023,8,ASTON MARTIN,Petrol,16
2023,8,AUDI,BEV,307
2023,8,AUDI,Diesel,71
2023,8,AUDI,Hybrid (Diesel),165
2023,8,AUDI,Hybrid (Petrol),187
2023,8,AUDI,PHEV,93
2023,8,AUDI,Petrol,652
2023,8,BENTLEY,Petrol,10
2023,8,BMW,BEV,364
2023,8,BMW,Diesel,50
2023,8,BMW,Hybrid (Diesel),504
2023,8,BMW,Hybrid (Petrol),317
2023,8,BMW,PHEV,240
2023,8,BMW,Petrol,249
2023,8,CADILLAC,Petrol,13
2023,8,CATERHAM,Petrol,1
2023,8,CHEVROLET,Petrol,16
2023,8,CITROEN,BEV,44
2023,8,CITROEN,Diesel,23
2023,8,CITROEN,PHEV,26
2023,8,CITROEN,Petrol,96
2023,8,CUPRA,BEV,144
2023,8,CUPRA,Diesel,2
2023,8,CUPRA,Hybrid (Petrol),1
2023,8,CUPRA,PHEV,41
2023,8,CUPRA,Petrol,295
2023,8,DACIA,BEV,25
2023,8,DACIA,Diesel,12
2023,8,DACIA,Hybrid (Petrol),69
2023,8,DACIA,Petrol,586
2023,8,DALLARA,Petrol,1
2023,8,DODGE,Petrol,1
2023,8,DS,BEV,4
2023,8,DS,Diesel,1
2023,8,DS,PHEV,24
2023,8,DS,Petrol,13
2023,8,FERRARI,Hybrid (Petrol),17
2023,8,FERRARI,Petrol,25
2023,8,FIAT,BEV,140
2023,8,FIAT,Hybrid (Petrol),129
2023,8,FIAT,Petrol,36
2023,8,FORD,BEV,75
2023,8,FORD,Diesel,129
2023,8,FORD,Hybrid (Diesel),1
2023,8,FORD,Hybrid (Petrol),501
2023,8,FORD,PHEV,45
2023,8,FORD,Petrol,98
2023,8,GENESIS,BEV,36
2023,8,GENESIS,Diesel,5
2023,8,GENESIS,Petrol,11
2023,8,HONDA,BEV,27
2023,8,HONDA,Diesel,1
2023,8,HONDA,Hybrid (Petrol),142
2023,8,HONDA,PHEV,25
2023,8,HONDA,Petrol,10
2023,8,HYUNDAI,BEV,165
2023,8,HYUNDAI,Diesel,37
2023,8,HYUNDAI,Hybrid (Diesel),6
2023,8,HYUNDAI,Hybrid (Petrol),219
2023,8,HYUNDAI,PHEV,28
2023,8,HYUNDAI,Petrol,258
2023,8,INEOS,Diesel,8
2023,8,INEOS,Petrol,3
2023,8,JAC,BEV,6
2023,8,JAGUAR,BEV,2
2023,8,JAGUAR,Hybrid (Diesel),1
2023,8,JAGUAR,Hybrid (Petrol),8
2023,8,JAGUAR,PHEV,4
2023,8,JAGUAR,Petrol,7
2023,8,JEEP,BEV,12
2023,8,JEEP,Hybrid (Petrol),54
2023,8,JEEP,PHEV,37
2023,8,JEEP,Petrol,23
2023,8,KIA,BEV,220
2023,8,KIA,Diesel,6
2023,8,KIA,Hybrid (Petrol),116
2023,8,KIA,PHEV,55
2023,8,KIA,Petrol,216
2023,8,LAMBORGHINI,Petrol,15
2023,8,LAND ROVER,Diesel,2
2023,8,LAND ROVER,Hybrid (Diesel),26
2023,8,LAND ROVER,Hybrid (Petrol),39
2023,8,LAND ROVER,PHEV,67
2023,8,LAND ROVER,Petrol,25
2023,8,LEXUS,BEV,17
2023,8,LEXUS,Hybrid (Petrol),45
2023,8,LEXUS,PHEV,22
2023,8,LOTUS,BEV,4
2023,8,LOTUS,Petrol,1
2023,8,LUCID,BEV,3
2023,8,MASERATI,Hybrid (Petrol),15
2023,8,MASERATI,Petrol,15
2023,8,MAZDA,Diesel,8
2023,8,MAZDA,Hybrid (Diesel),6
2023,8,MAZDA,Hybrid (Petrol),200
2023,8,MAZDA,PHEV,57
2023,8,MAZDA,Petrol,48
2023,8,MC LAREN,Petrol,3
2023,8,MERCEDES-AMG,Hybrid (Petrol),2
2023,8,MERCEDES-AMG,PHEV,1
2023,8,MERCEDES-AMG,Petrol,28
2023,8,MERCEDES-BENZ,BEV,285
2023,8,MERCEDES-BENZ,Diesel,194
2023,8,MERCEDES-BENZ,Diesel PHEV,46
2023,8,MERCEDES-BENZ,Hybrid (Diesel),166
2023,8,MERCEDES-BENZ,Hybrid (Petrol),272
2023,8,MERCEDES-BENZ,PHEV,183
2023,8,MERCEDES-BENZ,Petrol,152
2023,8,MINI,BEV,18
2023,8,MINI,PHEV,28
2023,8,MINI,Petrol,239
2023,8,MITSUBISHI,Hybrid (Petrol),35
2023,8,MITSUBISHI,PHEV,20
2023,8,MITSUBISHI,Petrol,86
2023,8,MORGAN,Petrol,2
2023,8,NISSAN,BEV,34
2023,8,NISSAN,Diesel,8
2023,8,NISSAN,Hybrid (Petrol),233
2023,8,NISSAN,Petrol,38
2023,8,NSU,Petrol,1
2023,8,OPEL,BEV,43
2023,8,OPEL,Diesel,34
2023,8,OPEL,PHEV,84
2023,8,OPEL,Petrol,144
2023,8,PEUGEOT,BEV,117
2023,8,PEUGEOT,Diesel,63
2023,8,PEUGEOT,PHEV,51
2023,8,PEUGEOT,Petrol,194
2023,8,PLYMOUTH,Petrol,1
2023,8,POLESTAR,BEV,97
2023,8,PORSCHE,BEV,47
2023,8,PORSCHE,Hybrid (Petrol),9
2023,8,PORSCHE,PHEV,3
2023,8,PORSCHE,Petrol,270
2023,8,RENAULT,BEV,108
2023,8,RENAULT,Diesel,73
2023,8,RENAULT,Hybrid (Petrol),385
2023,8,RENAULT,PHEV,4
2023,8,RENAULT,Petrol,96
2023,8,ROLLS ROYCE,BEV,1
2023,8,ROLLS ROYCE,Petrol,5
2023,8,SEAT,Diesel,97
2023,8,SEAT,Hybrid (Petrol),32
2023,8,SEAT,PHEV,68
2023,8,SEAT,Petrol,224
2023,8,SKODA,BEV,236
2023,8,SKODA,Diesel,518
2023,8,SKODA,Hybrid (Petrol),47
2023,8,SKODA,PHEV,4
2023,8,SKODA,Petrol,535
2023,8,SMART,BEV,162
2023,8,SSANGYONG,BEV,16
2023,8,SSANGYONG,Diesel,5
2023,8,SSANGYONG,Petrol,3
2023,8,SUBARU,BEV,14
2023,8,SUBARU,Hybrid (Petrol),37
2023,8,SUBARU,Petrol,48
2023,8,SUZUKI,Hybrid (Petrol),223
2023,8,SUZUKI,PHEV,7
2023,8,TESLA,BEV,794
2023,8,TOYOTA,BEV,89
2023,8,TOYOTA,Diesel,75
2023,8,TOYOTA,Hybrid (Petrol),814
2023,8,TOYOTA,Hydrogen,1
2023,8,TOYOTA,PHEV,73
2023,8,TOYOTA,Petrol,173
2023,8,UEBRIGE (SIEHE TYP),Petrol,1
2023,8,VOLVO,BEV,210
2023,8,VOLVO,Hybrid (Diesel),42
2023,8,VOLVO,Hybrid (Petrol),89
2023,8,VOLVO,PHEV,152
2023,8,VOLVO,Petrol,6
2023,8,VW,BEV,433
2023,8,VW,Diesel,348
2023,8,VW,Hybrid (Petrol),121
2023,8,VW,PHEV,66
2023,8,VW,Petrol,1018
2023,9,ABARTH,BEV,1
2023,9,AIWAYS,BEV,3
2023,9,ALFA ROMEO,Diesel,7
2023,9,ALFA ROMEO,Hybrid (Petrol),20
2023,9,ALFA ROMEO,PHEV,101
2023,9,ALFA ROMEO,Petrol,66
2023,9,ALPINA,Diesel,1
2023,9,ALPINA,Hybrid (Diesel),2
2023,9,ALPINA,Petrol,5
2023,9,ALPINE,Petrol,7
2023,9,ASTON MARTIN,Hybrid (Petrol),1
2023,9,ASTON MARTIN,Petrol,13
2023,9,AUDI,BEV,443
2023,9,AUDI,Diesel,71
2023,9,AUDI,Hybrid (Diesel),191
2023,9,AUDI,Hybrid (Petrol),179
2023,9,AUDI,PHEV,109
2023,9,AUDI,Petrol,585
2023,9,BENTLEY,Hybrid (Petrol),2
2023,9,BENTLEY,Petrol,9
2023,9,BMW,BEV,275
2023,9,BMW,Diesel,88
2023,9,BMW,Hybrid (Diesel),559
2023,9,BMW,Hybrid (Petrol),315
2023,9,BMW,PHEV,216
2023,9,BMW,Petrol,403
2023,9,CADILLAC,Petrol,3
2023,9,CHEVROLET,Petrol,4
2023,9,CHRYSLER,Hybrid (Petrol),2
2023,9,CITROEN,BEV,85
2023,9,CITROEN,Diesel,25
2023,9,CITROEN,PHEV,53
2023,9,CITROEN,Petrol,128
2023,9,CUPRA,BEV,149
2023,9,CUPRA,Hybrid (Petrol),2
2023,9,CUPRA,PHEV,75
2023,9,CUPRA,Petrol,235
2023,9,DACIA,BEV,56
2023,9,DACIA,Diesel,7
2023,9,DACIA,Hybrid (Petrol),133
2023,9,DACIA,LPG,1
2023,9,DACIA,Petrol,477
2023,9,DODGE,Petrol,4
2023,9,DS,BEV,5
2023,9,DS,Diesel,2
2023,9,DS,PHEV,69
2023,9,DS,Petrol,16
2023,9,FERRARI,Hybrid (Petrol),10
2023,9,FERRARI,Petrol,12
2023,9,FIAT,BEV,161
2023,9,FIAT,Hybrid (Petrol),94
2023,9,FIAT,Petrol,78
2023,9,FORD,BEV,66
2023,9,FORD,Diesel,91
2023,9,FORD,Hybrid (Diesel),3
2023,9,FORD,Hybrid (Petrol),460
2023,9,FORD,PHEV,61
2023,9,FORD,Petrol,85
2023,9,GENESIS,BEV,44
2023,9,GENESIS,Diesel,3
2023,9,GENESIS,Petrol,9
2023,9,HONDA,BEV,34
2023,9,HONDA,Diesel,1
2023,9,HONDA,Hybrid (Petrol),212
2023,9,HONDA,PHEV,21
2023,9,HONDA,Petrol,18
2023,9,HYUNDAI,BEV,116
2023,9,HYUNDAI,Diesel,36
2023,9,HYUNDAI,Hybrid (Diesel),5
2023,9,HYUNDAI,Hybrid (Petrol),239
2023,9,HYUNDAI,PHEV,24
2023,9,HYUNDAI,Petrol,361
2023,9,INEOS,Diesel,9
2023,9,INEOS,Petrol,2
2023,9,JAC,BEV,11
2023,9,JAGUAR,BEV,2
2023,9,JAGUAR,Hybrid (Diesel),5
2023,9,JAGUAR,Hybrid (Petrol),5
2023,9,JAGUAR,PHEV,6
2023,9,JAGUAR,Petrol,11
2023,9,JEEP,BEV,12
2023,9,JEEP,Hybrid (Petrol),108
2023,9,JEEP,PHEV,130
2023,9,JEEP,Petrol,33
2023,9,KIA,BEV,169
2023,9,KIA,Diesel,13
2023,9,KIA,Hybrid (Petrol),189
2023,9,KIA,PHEV,71
2023,9,KIA,Petrol,291
2023,9,LAMBORGHINI,Petrol,16
2023,9,LAND ROVER,Hybrid (Diesel),19
2023,9,LAND ROVER,Hybrid (Petrol),45
2023,9,LAND ROVER,PHEV,41
2023,9,LAND ROVER,Petrol,18
2023,9,LEXUS,BEV,5
2023,9,LEXUS,Hybrid (Petrol),51
2023,9,LEXUS,PHEV,18
2023,9,LEXUS,Petrol,1
2023,9,LOTUS,BEV,8
2023,9,LOTUS,Petrol,2
2023,9,LUCID,BEV,6
2023,9,MAN,Diesel,1
2023,9,MASERATI,Hybrid (Petrol),27
2023,9,MASERATI,Petrol,14
2023,9,MAZDA,BEV,1
2023,9,MAZDA,Diesel,7
2023,9,MAZDA,Hybrid (Diesel),12
2023,9,MAZDA,Hybrid (Petrol),237
2023,9,MAZDA,PHEV,53
2023,9,MAZDA,Petrol,54
2023,9,MC LAREN,Hybrid (Petrol),1
2023,9,MC LAREN,Petrol,3
2023,9,MERCEDES-ADRIA,Hybrid (Petrol),1
2023,9,MERCEDES-AMG,Hybrid (Petrol),4
2023,9,MERCEDES-AMG,PHEV,2
2023,9,MERCEDES-AMG,Petrol,31
2023,9,MERCEDES-BENZ,BEV,321
2023,9,MERCEDES-BENZ,Diesel,182
2023,9,MERCEDES-BENZ,Diesel PHEV,52
2023,9,MERCEDES-BENZ,Hybrid (Diesel),286
2023,9,MERCEDES-BENZ,Hybrid (Petrol),448
2023,9,MERCEDES-BENZ,PHEV,200
2023,9,MERCEDES-BENZ,Petrol,248
2023,9,MINI,BEV,15
2023,9,MINI,PHEV,36
2023,9,MINI,Petrol,359
2023,9,MITSUBISHI,Hybrid (Petrol),31
2023,9,MITSUBISHI,PHEV,19
2023,9,MITSUBISHI,Petrol,159
2023,9,MORGAN,Petrol,2
2023,9,NISSAN,BEV,18
2023,9,NISSAN,Diesel,4
2023,9,NISSAN,Hybrid (Petrol),131
2023,9,NISSAN,Petrol,22
2023,9,OPEL,BEV,128
2023,9,OPEL,Diesel,42
2023,9,OPEL,PHEV,92
2023,9,OPEL,Petrol,312
2023,9,PEUGEOT,BEV,124
2023,9,PEUGEOT,Diesel,81
2023,9,PEUGEOT,PHEV,109
2023,9,PEUGEOT,Petrol,207
2023,9,POLESTAR,BEV,77
2023,9,PORSCHE,BEV,34
2023,9,PORSCHE,Hybrid (Petrol),7
2023,9,PORSCHE,PHEV,48
2023,9,PORSCHE,Petrol,273
2023,9,RENAULT,BEV,118
2023,9,RENAULT,Diesel,118
2023,9,RENAULT,Hybrid (Petrol),340
2023,9,RENAULT,Petrol,83
2023,9,ROLLS ROYCE,BEV,1
2023,9,ROLLS ROYCE,Petrol,1
2023,9,SEAT,Diesel,147
2023,9,SEAT,Hybrid (Petrol),35
2023,9,SEAT,PHEV,46
2023,9,SEAT,Petrol,272
2023,9,SKODA,BEV,650
2023,9,SKODA,Diesel,364
2023,9,SKODA,Hybrid (Petrol),44
2023,9,SKODA,Petrol,581
2023,9,SMART,BEV,180
2023,9,SSANGYONG,BEV,11
2023,9,SSANGYONG,Diesel,8
2023,9,SSANGYONG,Petrol,29
2023,9,SUBARU,BEV,11
2023,9,SUBARU,Hybrid (Petrol),68
2023,9,SUBARU,Petrol,42
2023,9,SUZUKI,Hybrid (Petrol),320
2023,9,SUZUKI,PHEV,14
2023,9,SUZUKI,Petrol,3
2023,9,TESLA,BEV,994
2023,9,TOYOTA,BEV,71
2023,9,TOYOTA,Diesel,65
2023,9,TOYOTA,Hybrid (Petrol),683
2023,9,TOYOTA,PHEV,68
2023,9,TOYOTA,Petrol,174
2023,9,UEBRIGE (SIEHE TYP),Hybrid (Petrol),1
2023,9,VOLVO,BEV,267
2023,9,VOLVO,Hybrid (Diesel),84
2023,9,VOLVO,Hybrid (Petrol),108
2023,9,VOLVO,PHEV,176
2023,9,VOLVO,Petrol,11
2023,9,VOYAH,BEV,5
2023,9,VW,BEV,480
2023,9,VW,Diesel,448
2023,9,VW,Hybrid (Petrol),218
2023,9,VW,PHEV,59
2023,9,VW,Petrol,1021
2023,10,ABARTH,BEV,1
2023,10,AIWAYS,BEV,1
2023,10,ALFA ROMEO,Diesel,7
2023,10,ALFA ROMEO,Hybrid (Petrol),26
2023,10,ALFA ROMEO,PHEV,24
2023,10,ALFA ROMEO,Petrol,34
2023,10,ALPINA,Diesel,1
2023,10,ALPINA,Petrol,3
2023,10,ALPINE,Petrol,9
2023,10,ASTON MARTIN,Hybrid (Petrol),1
2023,10,ASTON MARTIN,Petrol,13
2023,10,AUDI,BEV,623
2023,10,AUDI,Diesel,33
2023,10,AUDI,Hybrid (Diesel),143
2023,10,AUDI,Hybrid (Petrol),200
2023,10,AUDI,PHEV,100
2023,10,AUDI,Petrol,598
2023,10,BENTLEY,Petrol,13
2023,10,BMW,BEV,312
2023,10,BMW,Diesel,93
2023,10,BMW,Hybrid (Diesel),476
2023,10,BMW,Hybrid (Petrol),251
2023,10,BMW,PHEV,227
2023,10,BMW,Petrol,342
2023,10,BUGATTI,Petrol,2
2023,10,CADILLAC,Petrol,2
2023,10,CATERHAM,Petrol,2
2023,10,CHEVROLET,Diesel,1
2023,10,CHEVROLET,Petrol,7
2023,10,CITROEN,BEV,18
2023,10,CITROEN,Diesel,32
2023,10,CITROEN,Hybrid (Petrol),14
2023,10,CITROEN,PHEV,46
2023,10,CITROEN,Petrol,169
2023,10,CUPRA,BEV,164
2023,10,CUPRA,Diesel,1
2023,10,CUPRA,Hybrid (Petrol),2
2023,10,CUPRA,PHEV,48
2023,10,CUPRA,Petrol,285
2023,10,DACIA,BEV,58
2023,10,DACIA,Diesel,13
2023,10,DACIA,Hybrid (Petrol),119
2023,10,DACIA,Petrol,476
2023,10,DALLARA,Petrol,1
2023,10,DODGE,Petrol,6
2023,10,DS,BEV,5
2023,10,DS,Diesel,1
2023,10,DS,PHEV,43
2023,10,DS,Petrol,15
2023,10,FERRARI,Hybrid (Petrol),20
2023,10,FERRARI,Petrol,21
2023,10,FIAT,BEV,91
2023,10,FIAT,Hybrid (Petrol),157
2023,10,FIAT,Petrol,100
2023,10,FISKER,BEV,7
2023,10,FORD,BEV,112
2023,10,FORD,Diesel,104
2023,10,FORD,Hybrid (Diesel),4
2023,10,FORD,Hybrid (Petrol),443
2023,10,FORD,PHEV,43
2023,10,FORD,Petrol,68
2023,10,GENESIS,BEV,33
2023,10,GENESIS,Diesel,13
2023,10,GENESIS,Petrol,10
2023,10,HONDA,BEV,22
2023,10,HONDA,Hybrid (Petrol),192
2023,10,HONDA,PHEV,17
2023,10,HONDA,Petrol,3
2023,10,HYUNDAI,BEV,114
2023,10,HYUNDAI,Diesel,33
2023,10,HYUNDAI,Hybrid (Diesel),3
2023,10,HYUNDAI,Hybrid (Petrol),278
2023,10,HYUNDAI,PHEV,44
2023,10,HYUNDAI,Petrol,198
2023,10,INEOS,Diesel,4
2023,10,INEOS,Petrol,2
2023,10,JAC,BEV,18
2023,10,JAGUAR,BEV,3
2023,10,JAGUAR,Hybrid (Diesel),1
2023,10,JAGUAR,Hybrid (Petrol),5
2023,10,JAGUAR,PHEV,31
2023,10,JAGUAR,Petrol,5
2023,10,JEEP,BEV,67
2023,10,JEEP,Hybrid (Petrol),58
2023,10,JEEP,PHEV,50
2023,10,JEEP,Petrol,22
2023,10,JIAYUAN,BEV,1
2023,10,KIA,BEV,74
2023,10,KIA,Diesel,11
2023,10,KIA,Hybrid (Petrol),237
2023,10,KIA,PHEV,75
2023,10,KIA,Petrol,145
2023,10,KTM,Petrol,1
2023,10,LAMBORGHINI,Petrol,13
2023,10,LAND ROVER,Diesel,1
2023,10,LAND ROVER,Hybrid (Diesel),33
2023,10,LAND ROVER,Hybrid (Petrol),41
2023,10,LAND ROVER,PHEV,55
2023,10,LAND ROVER,Petrol,19
2023,10,LEXUS,BEV,5
2023,10,LEXUS,Hybrid (Petrol),52
2023,10,LEXUS,PHEV,23
2023,10,LOTUS,BEV,1
2023,10,LOTUS,Petrol,6
2023,10,MAN,Diesel,3
2023,10,MASERATI,Hybrid (Petrol),9
2023,10,MASERATI,Petrol,19
2023,10,MAZDA,BEV,1
2023,10,MAZDA,Diesel,5
2023,10,MAZDA,Hybrid (Diesel),17
2023,10,MAZDA,Hybrid (Petrol),260
2023,10,MAZDA,PHEV,49
2023,10,MAZDA,Petrol,56
2023,10,MC LAREN,Hybrid (Petrol),2
2023,10,MC LAREN,Petrol,1
2023,10,MERCEDES-AMG,Hybrid (Petrol),1
2023,10,MERCEDES-AMG,PHEV,4
2023,10,MERCEDES-AMG,Petrol,31
2023,10,MERCEDES-BENZ,BEV,252
2023,10,MERCEDES-BENZ,Diesel,272
2023,10,MERCEDES-BENZ,Diesel PHEV,48
2023,10,MERCEDES-BENZ,Hybrid (Diesel),202
2023,10,MERCEDES-BENZ,Hybrid (Petrol),445
2023,10,MERCEDES-BENZ,PHEV,167
2023,10,MERCEDES-BENZ,Petrol,174
2023,10,MINI,BEV,16
2023,10,MINI,PHEV,17
2023,10,MINI,Petrol,218
2023,10,MITSUBISHI,Hybrid (Petrol),31
2023,10,MITSUBISHI,PHEV,12
2023,10,MITSUBISHI,Petrol,114
2023,10,NISSAN,BEV,48
2023,10,NISSAN,Diesel,5
2023,10,NISSAN,Hybrid (Petrol),158
2023,10,NISSAN,Petrol,31
2023,10,OPEL,BEV,65
2023,10,OPEL,Diesel,58
2023,10,OPEL,PHEV,77
2023,10,OPEL,Petrol,189
2023,10,PEUGEOT,BEV,70
2023,10,PEUGEOT,Diesel,68
2023,10,PEUGEOT,PHEV,115
2023,10,PEUGEOT,Petrol,153
2023,10,POLESTAR,BEV,58
2023,10,PORSCHE,BEV,43
2023,10,PORSCHE,Hybrid (Petrol),8
2023,10,PORSCHE,PHEV,96
2023,10,PORSCHE,Petrol,263
2023,10,RENAULT,BEV,154
2023,10,RENAULT,Diesel,35
2023,10,RENAULT,Hybrid (Petrol),331
2023,10,RENAULT,PHEV,5
2023,10,RENAULT,Petrol,69
2023,10,ROLLS ROYCE,BEV,2
2023,10,ROLLS ROYCE,Petrol,2
2023,10,SEAT,Diesel,73
2023,10,SEAT,Hybrid (Petrol),24
2023,10,SEAT,PHEV,35
2023,10,SEAT,Petrol,182
2023,10,SKODA,BEV,629
2023,10,SKODA,Diesel,413
2023,10,SKODA,Hybrid (Petrol),88
2023,10,SKODA,PHEV,2
2023,10,SKODA,Petrol,681
2023,10,SMART,BEV,93
2023,10,SSANGYONG,BEV,3
2023,10,SSANGYONG,Diesel,3
2023,10,SSANGYONG,Petrol,25
2023,10,SUBARU,BEV,27
2023,10,SUBARU,Hybrid (Petrol),164
2023,10,SUBARU,Petrol,69
2023,10,SUZUKI,Hybrid (Petrol),322
2023,10,SUZUKI,PHEV,18
2023,10,SUZUKI,Petrol,1
2023,10,TESLA,BEV,313
2023,10,TOYOTA,BEV,54
2023,10,TOYOTA,Diesel,63
2023,10,TOYOTA,Hybrid (Petrol),692
2023,10,TOYOTA,Hydrogen,1
2023,10,TOYOTA,PHEV,78
2023,10,TOYOTA,Petrol,131
2023,10,UEBRIGE (SIEHE TYP),Petrol,1
2023,10,VOLVO,BEV,455
2023,10,VOLVO,Hybrid (Diesel),47
2023,10,VOLVO,Hybrid (Petrol),136
2023,10,VOLVO,PHEV,229
2023,10,VOLVO,Petrol,15
2023,10,VOYAH,BEV,7
2023,10,VW,BEV,476
2023,10,VW,Diesel,404
2023,10,VW,Hybrid (Petrol),134
2023,10,VW,PHEV,153
2023,10,VW,Petrol,1252
2023,11,AIWAYS,BEV,13
2023,11,ALFA ROMEO,Diesel,4
2023,11,ALFA ROMEO,Hybrid (Petrol),32
2023,11,ALFA ROMEO,PHEV,18
2023,11,ALFA ROMEO,Petrol,27
2023,11,ALPINA,Diesel,1
2023,11,ALPINA,Petrol,7
2023,11,ALPINE,Petrol,11
2023,11,ASTON MARTIN,Hybrid (Petrol),1
2023,11,ASTON MARTIN,Petrol,6
2023,11,AUDI,BEV,549
2023,11,AUDI,Diesel,61
2023,11,AUDI,Hybrid (Diesel),130
2023,11,AUDI,Hybrid (Petrol),258
2023,11,AUDI,PHEV,85
2023,11,AUDI,Petrol,686
2023,11,BENTLEY,Petrol,15
2023,11,BMW,BEV,309
2023,11,BMW,Diesel,120
2023,11,BMW,Hybrid (Diesel),642
2023,11,BMW,Hybrid (Petrol),344
2023,11,BMW,PHEV,321
2023,11,BMW,Petrol,318
2023,11,CADILLAC,Petrol,6
2023,11,CHEVROLET,Petrol,9
2023,11,CITROEN,BEV,66
2023,11,CITROEN,Diesel,54
2023,11,CITROEN,Hybrid (Petrol),60
2023,11,CITROEN,PHEV,30
2023,11,CITROEN,Petrol,157
2023,11,CUPRA,BEV,154
2023,11,CUPRA,Diesel,2
2023,11,CUPRA,Hybrid (Petrol),3
2023,11,CUPRA,PHEV,69
2023,11,CUPRA,Petrol,275
2023,11,DACIA,BEV,61
2023,11,DACIA,Diesel,22
2023,11,DACIA,Hybrid (Petrol),122
2023,11,DACIA,Petrol,529
2023,11,DODGE,CNG,1
2023,11,DODGE,Petrol,7
2023,11,DS,BEV,7
2023,11,DS,PHEV,29
2023,11,DS,Petrol,19
2023,11,FERRARI,Hybrid (Petrol),8
2023,11,FERRARI,Petrol,19
2023,11,FIAT,BEV,114
2023,11,FIAT,Diesel,4
2023,11,FIAT,Hybrid (Petrol),191
2023,11,FIAT,Petrol,148
2023,11,FISKER,BEV,13
2023,11,FORD,BEV,56
2023,11,FORD,Diesel,86
2023,11,FORD,Hybrid (Diesel),1
2023,11,FORD,Hybrid (Petrol),402
2023,11,FORD,PHEV,48
2023,11,FORD,Petrol,79
2023,11,GENESIS,BEV,39
2023,11,GENESIS,Diesel,7
2023,11,GENESIS,Petrol,8
2023,11,HONDA,BEV,14
2023,11,HONDA,Hybrid (Petrol),167
2023,11,HONDA,PHEV,8
2023,11,HONDA,Petrol,3
2023,11,HYUNDAI,BEV,158
2023,11,HYUNDAI,Diesel,14
2023,11,HYUNDAI,Hybrid (Diesel),6
2023,11,HYUNDAI,Hybrid (Petrol),307
2023,11,HYUNDAI,PHEV,35
2023,11,HYUNDAI,Petrol,272
2023,11,INEOS,Diesel,12
2023,11,INEOS,Petrol,4
2023,11,JAC,BEV,13
2023,11,JAGUAR,BEV,3
2023,11,JAGUAR,Diesel,1
2023,11,JAGUAR,Hybrid (Diesel),2
2023,11,JAGUAR,Hybrid (Petrol),4
2023,11,JAGUAR,PHEV,17
2023,11,JAGUAR,Petrol,11
2023,11,JEEP,BEV,29
2023,11,JEEP,Hybrid (Petrol),100
2023,11,JEEP,PHEV,79
2023,11,JEEP,Petrol,38
2023,11,JUMBOLINO,BEV,2
2023,11,KIA,BEV,175
2023,11,KIA,Diesel,13
2023,11,KIA,Hybrid (Petrol),191
2023,11,KIA,PHEV,69
2023,11,KIA,Petrol,160
2023,11,KTM,Petrol,1
2023,11,LAMBORGHINI,Petrol,16
2023,11,LAND ROVER,Diesel,1
2023,11,LAND ROVER,Hybrid (Diesel),55
2023,11,LAND ROVER,Hybrid (Petrol),52
2023,11,LAND ROVER,PHEV,62
2023,11,LAND ROVER,Petrol,10
2023,11,LEXUS,BEV,16
2023,11,LEXUS,Hybrid (Petrol),63
2023,11,LEXUS,PHEV,39
2023,11,LEXUS,Petrol,1
2023,11,LOTUS,BEV,4
2023,11,LUCID,BEV,7
2023,11,MAN,Diesel,5
2023,11,MASERATI,Hybrid (Petrol),11
2023,11,MASERATI,Petrol,15
2023,11,MAZDA,Diesel,16
2023,11,MAZDA,Hybrid (Diesel),19
2023,11,MAZDA,Hybrid (Petrol),172
2023,11,MAZDA,PHEV,67
2023,11,MAZDA,Petrol,54
2023,11,MC LAREN,Hybrid (Petrol),1
2023,11,MC LAREN,Petrol,2
2023,11,MERCEDES-AMG,Hybrid (Petrol),4
2023,11,MERCEDES-AMG,Petrol,31
2023,11,MERCEDES-BENZ,BEV,222
2023,11,MERCEDES-BENZ,Diesel,288
2023,11,MERCEDES-BENZ,Diesel PHEV,47
2023,11,MERCEDES-BENZ,Hybrid (Diesel),243
2023,11,MERCEDES-BENZ,Hybrid (Petrol),420
2023,11,MERCEDES-BENZ,PHEV,220
2023,11,MERCEDES-BENZ,Petrol,125
2023,11,MINI,BEV,15
2023,11,MINI,PHEV,40
2023,11,MINI,Petrol,246
2023,11,MITSUBISHI,Hybrid (Petrol),111
2023,11,MITSUBISHI,PHEV,19
2023,11,MITSUBISHI,Petrol,130
2023,11,NISSAN,BEV,23
2023,11,NISSAN,Diesel,3
2023,11,NISSAN,Hybrid (Petrol),133
2023,11,NISSAN,Petrol,18
2023,11,OPEL,BEV,136
2023,11,OPEL,Diesel,28
2023,11,OPEL,Hybrid (Petrol),3
2023,11,OPEL,PHEV,157
2023,11,OPEL,Petrol,344
2023,11,PEUGEOT,BEV,47
2023,11,PEUGEOT,Diesel,106
2023,11,PEUGEOT,Hybrid (Petrol),10
2023,11,PEUGEOT,PHEV,91
2023,11,PEUGEOT,Petrol,191
2023,11,POLESTAR,BEV,47
2023,11,PORSCHE,BEV,38
2023,11,PORSCHE,Hybrid (Petrol),18
2023,11,PORSCHE,PHEV,4
2023,11,PORSCHE,Petrol,205
2023,11,RENAULT,BEV,211
2023,11,RENAULT,Diesel,91
2023,11,RENAULT,Hybrid (Petrol),415
2023,11,RENAULT,PHEV,5
2023,11,RENAULT,Petrol,135
2023,11,ROLLS ROYCE,Petrol,3
2023,11,SEAT,Diesel,49
2023,11,SEAT,Hybrid (Petrol),15
2023,11,SEAT,PHEV,37
2023,11,SEAT,Petrol,221
2023,11,SKODA,BEV,540
2023,11,SKODA,Diesel,557
2023,11,SKODA,Hybrid (Petrol),65
2023,11,SKODA,Petrol,823
2023,11,SKYWELL,BEV,1
2023,11,SMART,BEV,86
2023,11,SSANGYONG,BEV,4
2023,11,SSANGYONG,Diesel,9
2023,11,SSANGYONG,Petrol,18
2023,11,STIMBO,BEV,1
2023,11,SUBARU,BEV,8
2023,11,SUBARU,Hybrid (Petrol),99
2023,11,SUBARU,Petrol,30
2023,11,SUZUKI,Hybrid (Diesel),1
2023,11,SUZUKI,Hybrid (Petrol),321
2023,11,SUZUKI,PHEV,15
2023,11,TESLA,BEV,788
2023,11,TOYOTA,BEV,63
2023,11,TOYOTA,Diesel,61
2023,11,TOYOTA,Hybrid (Petrol),808
2023,11,TOYOTA,Hydrogen,1
2023,11,TOYOTA,PHEV,60
2023,11,TOYOTA,Petrol,159
2023,11,UEBRIGE (SIEHE TYP),Petrol,1
2023,11,VOLVO,BEV,155
2023,11,VOLVO,Hybrid (Diesel),36
2023,11,VOLVO,Hybrid (Petrol),122
2023,11,VOLVO,PHEV,284
2023,11,VOLVO,Petrol,22
2023,11,VOYAH,BEV,4
2023,11,VW,BEV,546
2023,11,VW,Diesel,429
2023,11,VW,Hybrid (Petrol),189
2023,11,VW,PHEV,108
2023,11,VW,Petrol,1200
2023,12,AIWAYS,BEV,1
2023,12,ALFA ROMEO,Diesel,1
2023,12,ALFA ROMEO,Hybrid (Petrol),28
2023,12,ALFA ROMEO,PHEV,20
2023,12,ALFA ROMEO,Petrol,37
2023,12,ALPINA,Diesel,1
2023,12,ALPINA,Petrol,4
2023,12,ALPINE,Petrol,15
2023,12,ASTON MARTIN,Hybrid (Petrol),1
2023,12,ASTON MARTIN,Petrol,8
2023,12,AUDI,BEV,755
2023,12,AUDI,Diesel,84
2023,12,AUDI,Hybrid (Diesel),144
2023,12,AUDI,Hybrid (Petrol),349
2023,12,AUDI,PHEV,76
2023,12,AUDI,Petrol,691
2023,12,BENTLEY,Hybrid (Petrol),2
2023,12,BENTLEY,Petrol,8
2023,12,BMW,BEV,485
2023,12,BMW,Diesel,133
2023,12,BMW,Hybrid (Diesel),628
2023,12,BMW,Hybrid (Petrol),365
2023,12,BMW,PHEV,443
2023,12,BMW,Petrol,402
2023,12,BUGATTI,Petrol,2
2023,12,CADILLAC,Petrol,11
2023,12,CHEVROLET,Diesel,1
2023,12,CHEVROLET,Hybrid (Petrol),1
2023,12,CHEVROLET,Petrol,25
2023,12,CHRYSLER,Hybrid (Petrol),1
2023,12,CHRYSLER,Petrol,4
2023,12,CITROEN,BEV,8
2023,12,CITROEN,Diesel,25
2023,12,CITROEN,Hybrid (Petrol),52
2023,12,CITROEN,PHEV,15
2023,12,CITROEN,Petrol,132
2023,12,CUPRA,BEV,512
2023,12,CUPRA,Hybrid (Petrol),2
2023,12,CUPRA,PHEV,164
2023,12,CUPRA,Petrol,273
2023,12,DACIA,BEV,100
2023,12,DACIA,Diesel,24
2023,12,DACIA,Hybrid (Petrol),312
2023,12,DACIA,Petrol,443
2023,12,DALLARA,Petrol,1
2023,12,DODGE,Petrol,41
2023,12,DS,BEV,1
2023,12,DS,Diesel,1
2023,12,DS,PHEV,26
2023,12,DS,Petrol,14
2023,12,FERRARI,Hybrid (Petrol),15
2023,12,FERRARI,Petrol,30
2023,12,FIAT,BEV,185
2023,12,FIAT,Diesel,8
2023,12,FIAT,Hybrid (Petrol),222
2023,12,FIAT,Petrol,117
2023,12,FISKER,BEV,15
2023,12,FORD,BEV,130
2023,12,FORD,Diesel,81
2023,12,FORD,Hybrid (Diesel),1
2023,12,FORD,Hybrid (Petrol),516
2023,12,FORD,PHEV,93
2023,12,FORD,Petrol,78
2023,12,GENESIS,BEV,60
2023,12,GENESIS,Diesel,8
2023,12,GENESIS,Petrol,15
2023,12,HONDA,BEV,20
2023,12,HONDA,Hybrid (Petrol),193
2023,12,HONDA,PHEV,3
2023,12,HONDA,Petrol,5
2023,12,HYUNDAI,BEV,144
2023,12,HYUNDAI,Diesel,38
2023,12,HYUNDAI,Hybrid (Diesel),4
2023,12,HYUNDAI,Hybrid (Petrol),346
2023,12,HYUNDAI,PHEV,47
2023,12,HYUNDAI,Petrol,154
2023,12,INEOS,Diesel,11
2023,12,INEOS,Petrol,4
2023,12,JAC,BEV,79
2023,12,JAGUAR,BEV,6
2023,12,JAGUAR,Diesel,1
2023,12,JAGUAR,Hybrid (Diesel),4
2023,12,JAGUAR,Hybrid (Petrol),7
2023,12,JAGUAR,PHEV,17
2023,12,JAGUAR,Petrol,9
2023,12,JEEP,BEV,26
2023,12,JEEP,Hybrid (Petrol),66
2023,12,JEEP,PHEV,36
2023,12,JEEP,Petrol,61
2023,12,JUMBOLINO,BEV,2
2023,12,KIA,BEV,132
2023,12,KIA,Diesel,16
2023,12,KIA,Hybrid (Petrol),226
2023,12,KIA,PHEV,70
2023,12,KIA,Petrol,177
2023,12,KTM,Petrol,1
2023,12,LAMBORGHINI,Petrol,7
2023,12,LAND ROVER,Hybrid (Diesel),76
2023,12,LAND ROVER,Hybrid (Petrol),66
2023,12,LAND ROVER,PHEV,66
2023,12,LAND ROVER,Petrol,14
2023,12,LEXUS,BEV,13
2023,12,LEXUS,Hybrid (Petrol),52
2023,12,LEXUS,PHEV,19
2023,12,LEXUS,Petrol,1
2023,12,LOTUS,BEV,6
2023,12,LUCID,BEV,1
2023,12,MAN,Diesel,3
2023,12,MASERATI,Hybrid (Petrol),14
2023,12,MASERATI,Petrol,10
2023,12,MAZDA,BEV,1
2023,12,MAZDA,Diesel,21
2023,12,MAZDA,Hybrid (Diesel),19
2023,12,MAZDA,Hybrid (Petrol),193
2023,12,MAZDA,PHEV,181
2023,12,MAZDA,Petrol,131
2023,12,MC LAREN,Hybrid (Petrol),1
2023,12,MC LAREN,Petrol,1
2023,12,MERCEDES-AMG,Hybrid (Petrol),2
2023,12,MERCEDES-AMG,PHEV,2
2023,12,MERCEDES-AMG,Petrol,46
2023,12,MERCEDES-BENZ,BEV,310
2023,12,MERCEDES-BENZ,Diesel,366
2023,12,MERCEDES-BENZ,Diesel PHEV,71
2023,12,MERCEDES-BENZ,Hybrid (Diesel),292
2023,12,MERCEDES-BENZ,Hybrid (Petrol),574
2023,12,MERCEDES-BENZ,PHEV,242
2023,12,MERCEDES-BENZ,Petrol,258
2023,12,MG,BEV,1
2023,12,MINI,BEV,10
2023,12,MINI,PHEV,55
2023,12,MINI,Petrol,272
2023,12,MITSUBISHI,CNG,1
2023,12,MITSUBISHI,Hybrid (Petrol),56
2023,12,MITSUBISHI,PHEV,68
2023,12,MITSUBISHI,Petrol,196
2023,12,MORGAN,Petrol,3
2023,12,NISSAN,BEV,91
2023,12,NISSAN,Diesel,4
2023,12,NISSAN,Hybrid (Petrol),186
2023,12,NISSAN,Petrol,22
2023,12,OPEL,BEV,66
2023,12,OPEL,Diesel,23
2023,12,OPEL,Hybrid (Petrol),1
2023,12,OPEL,PHEV,128
2023,12,OPEL,Petrol,395
2023,12,PAGANI,Petrol,1
2023,12,PEUGEOT,BEV,23
2023,12,PEUGEOT,Diesel,173
2023,12,PEUGEOT,Hybrid (Petrol),16
2023,12,PEUGEOT,PHEV,55
2023,12,PEUGEOT,Petrol,103
2023,12,POLESTAR,BEV,138
2023,12,PORSCHE,BEV,68
2023,12,PORSCHE,Hybrid (Petrol),16
2023,12,PORSCHE,PHEV,1
2023,12,PORSCHE,Petrol,156
2023,12,RENAULT,BEV,345
2023,12,RENAULT,Diesel,103
2023,12,RENAULT,Hybrid (Petrol),328
2023,12,RENAULT,PHEV,3
2023,12,RENAULT,Petrol,106
2023,12,ROLLS ROYCE,BEV,2
2023,12,ROLLS ROYCE,Petrol,2
2023,12,SEAT,CNG,1
2023,12,SEAT,Diesel,47
2023,12,SEAT,Hybrid (Petrol),17
2023,12,SEAT,PHEV,85
2023,12,SEAT,Petrol,317
2023,12,SERES,BEV,14
2023,12,SKODA,BEV,929
2023,12,SKODA,Diesel,416
2023,12,SKODA,Hybrid (Petrol),57
2023,12,SKODA,Petrol,723
2023,12,SKYWELL,BEV,1
2023,12,SMART,BEV,121
2023,12,SMART,Petrol,2
2023,12,SSANGYONG,BEV,1
2023,12,SSANGYONG,Diesel,12
2023,12,SSANGYONG,Petrol,17
2023,12,STIMBO,BEV,2
2023,12,SUBARU,BEV,43
2023,12,SUBARU,Hybrid (Petrol),166
2023,12,SUBARU,Petrol,74
2023,12,SUZUKI,Hybrid (Petrol),441
2023,12,SUZUKI,PHEV,32
2023,12,SUZUKI,Petrol,4
2023,12,TESLA,BEV,1092
2023,12,TOYOTA,BEV,60
2023,12,TOYOTA,Diesel,72
2023,12,TOYOTA,Hybrid (Petrol),626
2023,12,TOYOTA,Hydrogen,1
2023,12,TOYOTA,PHEV,40
2023,12,TOYOTA,Petrol,160
2023,12,UEBRIGE (SIEHE TYP),Diesel,1
2023,12,UEBRIGE (SIEHE TYP),Hybrid (Diesel),1
2023,12,VOLVO,BEV,179
2023,12,VOLVO,Hybrid (Diesel),56
2023,12,VOLVO,Hybrid (Petrol),126
2023,12,VOLVO,PHEV,305
2023,12,VOLVO,Petrol,20
2023,12,VOYAH,BEV,4
2023,12,VW,BEV,1070
2023,12,VW,Diesel,596
2023,12,VW,Hybrid (Petrol),276
2023,12,VW,PHEV,277
2023,12,VW,Petrol,1747
2024,1,AIWAYS,BEV,2
2024,1,ALFA ROMEO,Diesel,5
2024,1,ALFA ROMEO,Hybrid (Petrol),39
2024,1,ALFA ROMEO,PHEV,7
2024,1,ALFA ROMEO,Petrol,28
2024,1,ALPINA,Diesel,2
2024,1,ALPINA,Petrol,3
2024,1,ALPINE,Petrol,6
2024,1,ASTON MARTIN,Petrol,7
2024,1,AUDI,BEV,122
2024,1,AUDI,Diesel,32
2024,1,AUDI,Hybrid (Diesel),146
2024,1,AUDI,Hybrid (Petrol),216
2024,1,AUDI,PHEV,51
2024,1,AUDI,Petrol,528
2024,1,BENTLEY,Petrol,11
2024,1,BMW,BEV,235
2024,1,BMW,Diesel,91
2024,1,BMW,Hybrid (Diesel),417
2024,1,BMW,Hybrid (Petrol),261
2024,1,BMW,PHEV,244
2024,1,BMW,Petrol,297
2024,1,CADILLAC,BEV,2
2024,1,CHEVROLET,Petrol,1
2024,1,CITROEN,BEV,6
2024,1,CITROEN,Diesel,35
2024,1,CITROEN,Hybrid (Petrol),11
2024,1,CITROEN,PHEV,12
2024,1,CITROEN,Petrol,214
2024,1,CUPRA,BEV,18
2024,1,CUPRA,Diesel,2
2024,1,CUPRA,Hybrid (Petrol),12
2024,1,CUPRA,PHEV,9
2024,1,CUPRA,Petrol,180
2024,1,DACIA,BEV,23
2024,1,DACIA,Diesel,10
2024,1,DACIA,Hybrid (Petrol),92
2024,1,DACIA,Petrol,332
2024,1,DS,BEV,1
2024,1,DS,Diesel,2
2024,1,DS,PHEV,20
2024,1,DS,Petrol,6
2024,1,FERRARI,Hybrid (Petrol),15
2024,1,FERRARI,Petrol,23
2024,1,FIAT,BEV,60
2024,1,FIAT,Diesel,15
2024,1,FIAT,Hybrid (Petrol),104
2024,1,FIAT,Petrol,87
2024,1,FISKER,BEV,26
2024,1,FORD,BEV,39
2024,1,FORD,Diesel,43
2024,1,FORD,Hybrid (Diesel),2
2024,1,FORD,Hybrid (Petrol),418
2024,1,FORD,PHEV,44
2024,1,FORD,Petrol,39
2024,1,GENESIS,BEV,32
2024,1,GENESIS,Diesel,11
2024,1,GENESIS,Hybrid (Petrol),2
2024,1,GENESIS,Petrol,6
2024,1,HONDA,BEV,12
2024,1,HONDA,Hybrid (Petrol),224
2024,1,HONDA,PHEV,5
2024,1,HONDA,Petrol,14
2024,1,HYUNDAI,BEV,107
2024,1,HYUNDAI,Diesel,15
2024,1,HYUNDAI,Hybrid (Diesel),7
2024,1,HYUNDAI,Hybrid (Petrol),133
2024,1,HYUNDAI,Hydrogen,6
2024,1,HYUNDAI,PHEV,20
2024,1,HYUNDAI,Petrol,107
2024,1,INEOS,Diesel,4
2024,1,INEOS,Petrol,2
2024,1,JAC,BEV,24
2024,1,JAGUAR,BEV,1
2024,1,JAGUAR,Hybrid (Diesel),2
2024,1,JAGUAR,Hybrid (Petrol),8
2024,1,JAGUAR,PHEV,8
2024,1,JAGUAR,Petrol,5
2024,1,JEEP,BEV,42
2024,1,JEEP,Hybrid (Petrol),68
2024,1,JEEP,PHEV,12
2024,1,JEEP,Petrol,26
2024,1,JIAYUAN,BEV,1
2024,1,KIA,BEV,145
2024,1,KIA,Diesel,8
2024,1,KIA,Hybrid (Petrol),126
2024,1,KIA,PHEV,44
2024,1,KIA,Petrol,72
2024,1,LAMBORGHINI,Petrol,20
2024,1,LAND ROVER,Hybrid (Diesel),54
2024,1,LAND ROVER,Hybrid (Petrol),47
2024,1,LAND ROVER,PHEV,50
2024,1,LAND ROVER,Petrol,5
2024,1,LEXUS,BEV,11
2024,1,LEXUS,Hybrid (Petrol),37
2024,1,LEXUS,PHEV,10
2024,1,LEXUS,Petrol,1
2024,1,LOTUS,BEV,5
2024,1,LOTUS,Petrol,1
2024,1,MASERATI,BEV,3
2024,1,MASERATI,Hybrid (Petrol),9
2024,1,MASERATI,Petrol,15
2024,1,MAZDA,BEV,1
2024,1,MAZDA,Diesel,3
2024,1,MAZDA,Hybrid (Diesel),10
2024,1,MAZDA,Hybrid (Petrol),147
2024,1,MAZDA,PHEV,33
2024,1,MAZDA,Petrol,55
2024,1,MC LAREN,Hybrid (Petrol),2
2024,1,MC LAREN,Petrol,1
2024,1,MERCEDES-AMG,Hybrid (Petrol),4
2024,1,MERCEDES-AMG,PHEV,2
2024,1,MERCEDES-AMG,Petrol,15
2024,1,MERCEDES-BENZ,BEV,99
2024,1,MERCEDES-BENZ,Diesel,279
2024,1,MERCEDES-BENZ,Diesel PHEV,37
2024,1,MERCEDES-BENZ,Hybrid (Diesel),169
2024,1,MERCEDES-BENZ,Hybrid (Petrol),293
2024,1,MERCEDES-BENZ,PHEV,135
2024,1,MERCEDES-BENZ,Petrol,69
2024,1,MINI,BEV,1
2024,1,MINI,PHEV,10
2024,1,MINI,Petrol,169
2024,1,MITSUBISHI,Hybrid (Petrol),44
2024,1,MITSUBISHI,PHEV,66
2024,1,MITSUBISHI,Petrol,80
2024,1,MORGAN,Petrol,4
2024,1,NISSAN,BEV,25
2024,1,NISSAN,Diesel,6
2024,1,NISSAN,Hybrid (Petrol),46
2024,1,NISSAN,Petrol,9
2024,1,OPEL,BEV,21
2024,1,OPEL,Diesel,57
2024,1,OPEL,Hybrid (Petrol),1
2024,1,OPEL,PHEV,73
2024,1,OPEL,Petrol,335
2024,1,PEUGEOT,BEV,53
2024,1,PEUGEOT,Diesel,117
2024,1,PEUGEOT,Hybrid (Petrol),85
2024,1,PEUGEOT,PHEV,90
2024,1,PEUGEOT,Petrol,107
2024,1,POLESTAR,BEV,31
2024,1,PORSCHE,BEV,20
2024,1,PORSCHE,Hybrid (Petrol),7
2024,1,PORSCHE,PHEV,40
2024,1,PORSCHE,Petrol,429
2024,1,RENAULT,BEV,59
2024,1,RENAULT,Diesel,43
2024,1,RENAULT,Hybrid (Petrol),216
2024,1,RENAULT,PHEV,6
2024,1,RENAULT,Petrol,45
2024,1,ROLLS ROYCE,BEV,1
2024,1,ROLLS ROYCE,Petrol,3
2024,1,SEAT,CNG,1
2024,1,SEAT,Diesel,30
2024,1,SEAT,Hybrid (Petrol),22
2024,1,SEAT,PHEV,6
2024,1,SEAT,Petrol,172
2024,1,SKODA,BEV,343
2024,1,SKODA,Diesel,491
2024,1,SKODA,Hybrid (Petrol),90
2024,1,SKODA,PHEV,6
2024,1,SKODA,Petrol,591
2024,1,SMART,BEV,81
2024,1,SSANGYONG,BEV,2
2024,1,SSANGYONG,Diesel,10
2024,1,SSANGYONG,Petrol,29
2024,1,SUBARU,Hybrid (Petrol),134
2024,1,SUBARU,Petrol,19
2024,1,SUZUKI,Hybrid (Petrol),229
2024,1,SUZUKI,PHEV,2
2024,1,TESLA,BEV,329
2024,1,TOYOTA,BEV,48
2024,1,TOYOTA,Diesel,61
2024,1,TOYOTA,Hybrid (Petrol),589
2024,1,TOYOTA,PHEV,63
2024,1,TOYOTA,Petrol,142
2024,1,UEBRIGE (SIEHE TYP),BEV,3
2024,1,VOLVO,BEV,228
2024,1,VOLVO,Hybrid (Diesel),32
2024,1,VOLVO,Hybrid (Petrol),84
2024,1,VOLVO,PHEV,315
2024,1,VOLVO,Petrol,35
2024,1,VOYAH,BEV,2
2024,1,VW,BEV,125
2024,1,VW,Diesel,341
2024,1,VW,Hybrid (Petrol),88
2024,1,VW,PHEV,108
2024,1,VW,Petrol,662
2024,2,AIWAYS,BEV,10
2024,2,ALFA ROMEO,Diesel,7
2024,2,ALFA ROMEO,Hybrid (Petrol),59
2024,2,ALFA ROMEO,PHEV,12
2024,2,ALFA ROMEO,Petrol,20
2024,2,ALPINA,Petrol,5
2024,2,ALPINE,Petrol,3
2024,2,ASTON MARTIN,Hybrid (Petrol),1
2024,2,ASTON MARTIN,Petrol,11
2024,2,AUDI,BEV,145
2024,2,AUDI,Diesel,40
2024,2,AUDI,Hybrid (Diesel),124
2024,2,AUDI,Hybrid (Petrol),153
2024,2,AUDI,PHEV,56
2024,2,AUDI,Petrol,561
2024,2,BENTLEY,Hybrid (Petrol),1
2024,2,BENTLEY,Petrol,12
2024,2,BMW,BEV,240
2024,2,BMW,Diesel,80
2024,2,BMW,Hybrid (Diesel),436
2024,2,BMW,Hybrid (Petrol),243
2024,2,BMW,PHEV,233
2024,2,BMW,Petrol,337
2024,2,CADILLAC,Petrol,3
2024,2,CHEVROLET,Petrol,2
2024,2,CITROEN,BEV,8
2024,2,CITROEN,Diesel,15
2024,2,CITROEN,Hybrid (Petrol),28
2024,2,CITROEN,PHEV,6
2024,2,CITROEN,Petrol,131
2024,2,CUPRA,BEV,18
2024,2,CUPRA,Diesel,2
2024,2,CUPRA,Hybrid (Petrol),1
2024,2,CUPRA,PHEV,20
2024,2,CUPRA,Petrol,437
2024,2,DACIA,BEV,43
2024,2,DACIA,Diesel,21
2024,2,DACIA,Hybrid (Petrol),186
2024,2,DACIA,Petrol,620
2024,2,DODGE,Petrol,5
2024,2,DONKERVOORT,Petrol,1
2024,2,DS,PHEV,18
2024,2,DS,Petrol,8
2024,2,FERRARI,Hybrid (Petrol),13
2024,2,FERRARI,Petrol,25
2024,2,FIAT,BEV,133
2024,2,FIAT,Diesel,10
2024,2,FIAT,Hybrid (Petrol),313
2024,2,FIAT,Petrol,114
2024,2,FISKER,BEV,16
2024,2,FORD,BEV,15
2024,2,FORD,Diesel,94
2024,2,FORD,Hybrid (Petrol),470
2024,2,FORD,PHEV,46
2024,2,FORD,Petrol,63
2024,2,GENESIS,BEV,13
2024,2,GENESIS,Diesel,1
2024,2,GENESIS,Petrol,4
2024,2,HONDA,BEV,14
2024,2,HONDA,Hybrid (Petrol),176
2024,2,HONDA,PHEV,7
2024,2,HONDA,Petrol,26
2024,2,HYUNDAI,BEV,220
2024,2,HYUNDAI,Diesel,13
2024,2,HYUNDAI,Hybrid (Diesel),3
2024,2,HYUNDAI,Hybrid (Petrol),204
2024,2,HYUNDAI,PHEV,25
2024,2,HYUNDAI,Petrol,241
2024,2,INEOS,Diesel,6
2024,2,INEOS,Petrol,2
2024,2,JAC,BEV,8
2024,2,JAGUAR,Hybrid (Petrol),7
2024,2,JAGUAR,PHEV,4
2024,2,JAGUAR,Petrol,2
2024,2,JEEP,BEV,19
2024,2,JEEP,Hybrid (Petrol),29
2024,2,JEEP,PHEV,21
2024,2,JEEP,Petrol,59
2024,2,KIA,BEV,91
2024,2,KIA,Diesel,24
2024,2,KIA,Hybrid (Petrol),242
2024,2,KIA,PHEV,56
2024,2,KIA,Petrol,98
2024,2,LAMBORGHINI,Petrol,27
2024,2,LAND ROVER,Hybrid (Diesel),38
2024,2,LAND ROVER,Hybrid (Petrol),54
2024,2,LAND ROVER,PHEV,105
2024,2,LAND ROVER,Petrol,7
2024,2,LEXUS,BEV,3
2024,2,LEXUS,Hybrid (Petrol),27
2024,2,LEXUS,PHEV,14
2024,2,LEXUS,Petrol,3
2024,2,LOTUS,BEV,4
2024,2,LUCID,BEV,1
2024,2,MAN,BEV,1
2024,2,MASERATI,BEV,2
2024,2,MASERATI,Hybrid (Petrol),8
2024,2,MASERATI,Petrol,8
2024,2,MAZDA,BEV,1
2024,2,MAZDA,Diesel,6
2024,2,MAZDA,Hybrid (Diesel),24
2024,2,MAZDA,Hybrid (Petrol),179
2024,2,MAZDA,PHEV,39
2024,2,MAZDA,Petrol,39
2024,2,MC LAREN,Petrol,1
2024,2,MERCEDES-AMG,Hybrid (Petrol),1
2024,2,MERCEDES-AMG,PHEV,2
2024,2,MERCEDES-AMG,Petrol,20
2024,2,MERCEDES-BENZ,BEV,161
2024,2,MERCEDES-BENZ,Diesel,209
2024,2,MERCEDES-BENZ,Diesel PHEV,48
2024,2,MERCEDES-BENZ,Hybrid (Diesel),157
2024,2,MERCEDES-BENZ,Hybrid (Petrol),423
2024,2,MERCEDES-BENZ,PHEV,170
2024,2,MERCEDES-BENZ,Petrol,67
2024,2,MG,BEV,22
2024,2,MG,PHEV,1
2024,2,MG,Petrol,4
2024,2,MINI,Hybrid (Petrol),16
2024,2,MINI,PHEV,15
2024,2,MINI,Petrol,270
2024,2,MITSUBISHI,Hybrid (Petrol),85
2024,2,MITSUBISHI,PHEV,112
2024,2,MITSUBISHI,Petrol,94
2024,2,MORGAN,Petrol,2
2024,2,NISSAN,BEV,29
2024,2,NISSAN,Diesel,5
2024,2,NISSAN,Hybrid (Petrol),114
2024,2,NISSAN,Petrol,18
2024,2,OPEL,BEV,67
2024,2,OPEL,Diesel,19
2024,2,OPEL,PHEV,29
2024,2,OPEL,Petrol,91
2024,2,PEUGEOT,BEV,78
2024,2,PEUGEOT,Diesel,67
2024,2,PEUGEOT,Hybrid (Petrol),90
2024,2,PEUGEOT,PHEV,83
2024,2,PEUGEOT,Petrol,158
2024,2,POLESTAR,BEV,20
2024,2,PORSCHE,BEV,18
2024,2,PORSCHE,Hybrid (Petrol),4
2024,2,PORSCHE,PHEV,145
2024,2,PORSCHE,Petrol,299
2024,2,RENAULT,BEV,106
2024,2,RENAULT,Diesel,47
2024,2,RENAULT,Hybrid (Petrol),426
2024,2,RENAULT,PHEV,1
2024,2,RENAULT,Petrol,97
2024,2,ROLLS ROYCE,BEV,1
2024,2,ROLLS ROYCE,Petrol,4
2024,2,SEAT,CNG,1
2024,2,SEAT,Diesel,32
2024,2,SEAT,Hybrid (Petrol),25
2024,2,SEAT,PHEV,4
2024,2,SEAT,Petrol,257
2024,2,SERES,BEV,1
2024,2,SKODA,BEV,195
2024,2,SKODA,Diesel,547
2024,2,SKODA,Hybrid (Petrol),125
2024,2,SKODA,PHEV,3
2024,2,SKODA,Petrol,669
2024,2,SKYWELL,BEV,1
2024,2,SMART,BEV,75
2024,2,SSANGYONG,BEV,13
2024,2,SSANGYONG,Diesel,7
2024,2,SSANGYONG,Petrol,21
2024,2,STIMBO,BEV,1
2024,2,SUBARU,BEV,2
2024,2,SUBARU,Hybrid (Petrol),40
2024,2,SUBARU,Petrol,38
2024,2,SUZUKI,Hybrid (Petrol),291
2024,2,SUZUKI,PHEV,2
2024,2,SUZUKI,Petrol,1
2024,2,TESLA,BEV,1007
2024,2,TOYOTA,BEV,76
2024,2,TOYOTA,Diesel,104
2024,2,TOYOTA,Hybrid (Petrol),808
2024,2,TOYOTA,Hydrogen,1
2024,2,TOYOTA,PHEV,95
2024,2,TOYOTA,Petrol,165
2024,2,UEBRIGE (SIEHE TYP),BEV,1
2024,2,UEBRIGE (SIEHE TYP),Petrol,2
2024,2,VOLVO,BEV,214
2024,2,VOLVO,Hybrid (Diesel),31
2024,2,VOLVO,Hybrid (Petrol),117
2024,2,VOLVO,PHEV,285
2024,2,VOLVO,Petrol,27
2024,2,VOYAH,BEV,5
2024,2,VW,BEV,213
2024,2,VW,Diesel,371
2024,2,VW,Hybrid (Petrol),117
2024,2,VW,PHEV,53
2024,2,VW,Petrol,758
2024,3,AIWAYS,BEV,11
2024,3,ALFA ROMEO,Diesel,3
2024,3,ALFA ROMEO,Hybrid (Petrol),40
2024,3,ALFA ROMEO,PHEV,6
2024,3,ALFA ROMEO,Petrol,19
2024,3,ALPINA,Diesel,2
2024,3,ALPINA,Hybrid (Diesel),1
2024,3,ALPINA,Petrol,2
2024,3,ALPINE,Petrol,23
2024,3,ASTON MARTIN,Petrol,24
2024,3,AUDI,BEV,201
2024,3,AUDI,Diesel,51
2024,3,AUDI,Hybrid (Diesel),110
2024,3,AUDI,Hybrid (Petrol),258
2024,3,AUDI,PHEV,63
2024,3,AUDI,Petrol,697
2024,3,BENTLEY,Petrol,14
2024,3,BMW,BEV,389
2024,3,BMW,Diesel,67
2024,3,BMW,Hybrid (Diesel),538
2024,3,BMW,Hybrid (Petrol),316
2024,3,BMW,PHEV,248
2024,3,BMW,Petrol,542
2024,3,BYD,BEV,3
2024,3,CADILLAC,Petrol,2
2024,3,CATERHAM,Petrol,2
2024,3,CHEVROLET,Petrol,6
2024,3,CITROEN,BEV,9
2024,3,CITROEN,Diesel,13
2024,3,CITROEN,Hybrid (Petrol),19
2024,3,CITROEN,PHEV,8
2024,3,CITROEN,Petrol,180
2024,3,CUPRA,BEV,43
2024,3,CUPRA,Diesel,8
2024,3,CUPRA,Hybrid (Petrol),5
2024,3,CUPRA,PHEV,26
2024,3,CUPRA,Petrol,458
2024,3,DACIA,BEV,44
2024,3,DACIA,Diesel,25
2024,3,DACIA,Hybrid (Petrol),137
2024,3,DACIA,Petrol,501
2024,3,DODGE,Petrol,11
2024,3,DS,BEV,1
2024,3,DS,Diesel,1
2024,3,DS,PHEV,17
2024,3,DS,Petrol,6
2024,3,FERRARI,Hybrid (Petrol),22
2024,3,FERRARI,Petrol,28
2024,3,FIAT,BEV,90
2024,3,FIAT,Diesel,7
2024,3,FIAT,Hybrid (Petrol),180
2024,3,FIAT,Petrol,104
2024,3,FISKER,BEV,9
2024,3,FORD,BEV,50
2024,3,FORD,Diesel,87
2024,3,FORD,Hybrid (Diesel),1
2024,3,FORD,Hybrid (Petrol),516
2024,3,FORD,PHEV,58
2024,3,FORD,Petrol,117
2024,3,GENESIS,BEV,14
2024,3,GENESIS,Diesel,10
2024,3,GENESIS,Hybrid (Petrol),2
2024,3,GENESIS,Petrol,9
2024,3,HONDA,BEV,71
2024,3,HONDA,Hybrid (Petrol),378
2024,3,HONDA,PHEV,7
2024,3,HONDA,Petrol,20
2024,3,HYUNDAI,BEV,235
2024,3,HYUNDAI,Diesel,17
2024,3,HYUNDAI,Hybrid (Diesel),5
2024,3,HYUNDAI,Hybrid (Petrol),309
2024,3,HYUNDAI,PHEV,19
2024,3,HYUNDAI,Petrol,260
2024,3,INEOS,Diesel,2
2024,3,INEOS,Petrol,4
2024,3,JAC,BEV,2
2024,3,JAGUAR,BEV,9
2024,3,JAGUAR,Hybrid (Petrol),7
2024,3,JAGUAR,PHEV,4
2024,3,JAGUAR,Petrol,14
2024,3,JEEP,BEV,31
2024,3,JEEP,Hybrid (Petrol),24
2024,3,JEEP,PHEV,6
2024,3,JEEP,Petrol,12
2024,3,KIA,BEV,112
2024,3,KIA,Diesel,50
2024,3,KIA,Hybrid (Petrol),261
2024,3,KIA,PHEV,68
2024,3,KIA,Petrol,183
2024,3,LAMBORGHINI,Petrol,29
2024,3,LAND ROVER,Hybrid (Diesel),32
2024,3,LAND ROVER,Hybrid (Petrol),85
2024,3,LAND ROVER,PHEV,123
2024,3,LAND ROVER,Petrol,3
2024,3,LEXUS,BEV,3
2024,3,LEXUS,Hybrid (Petrol),57
2024,3,LEXUS,PHEV,15
2024,3,LEXUS,Petrol,3
2024,3,LOTUS,BEV,7
2024,3,LOTUS,Petrol,1
2024,3,LUCID,BEV,4
2024,3,MAN,Diesel,2
2024,3,MASERATI,BEV,1
2024,3,MASERATI,Hybrid (Petrol),8
2024,3,MASERATI,Petrol,22
2024,3,MAZDA,Diesel,8
2024,3,MAZDA,Hybrid (Diesel),17
2024,3,MAZDA,Hybrid (Petrol),276
2024,3,MAZDA,PHEV,61
2024,3,MAZDA,Petrol,44
2024,3,MC LAREN,Hybrid (Petrol),1
2024,3,MC LAREN,Petrol,2
2024,3,MERCEDES-AMG,PHEV,2
2024,3,MERCEDES-AMG,Petrol,31
2024,3,MERCEDES-BENZ,BEV,253
2024,3,MERCEDES-BENZ,Diesel,289
2024,3,MERCEDES-BENZ,Diesel PHEV,69
2024,3,MERCEDES-BENZ,Hybrid (Diesel),316
2024,3,MERCEDES-BENZ,Hybrid (Petrol),718
2024,3,MERCEDES-BENZ,PHEV,257
2024,3,MERCEDES-BENZ,Petrol,111
2024,3,MG,BEV,1
2024,3,MG,PHEV,3
2024,3,MG,Petrol,4
2024,3,MINI,BEV,1
2024,3,MINI,Hybrid (Petrol),16
2024,3,MINI,PHEV,4
2024,3,MINI,Petrol,271
2024,3,MITSUBISHI,Hybrid (Petrol),113
2024,3,MITSUBISHI,PHEV,40
2024,3,MITSUBISHI,Petrol,152
2024,3,MORGAN,Petrol,5
2024,3,NISSAN,BEV,69
2024,3,NISSAN,Diesel,17
2024,3,NISSAN,Hybrid (Petrol),515
2024,3,NISSAN,Petrol,43
2024,3,OPEL,BEV,43
2024,3,OPEL,Diesel,27
2024,3,OPEL,Hybrid (Petrol),1
2024,3,OPEL,PHEV,131
2024,3,OPEL,Petrol,130
2024,3,PAGANI,Petrol,1
2024,3,PEUGEOT,BEV,38
2024,3,PEUGEOT,Diesel,46
2024,3,PEUGEOT,Hybrid (Petrol),26
2024,3,PEUGEOT,PHEV,109
2024,3,PEUGEOT,Petrol,95
2024,3,POLESTAR,BEV,30
2024,3,PORSCHE,BEV,10
2024,3,PORSCHE,Hybrid (Petrol),5
2024,3,PORSCHE,PHEV,129
2024,3,PORSCHE,Petrol,452
2024,3,RENAULT,BEV,111
2024,3,RENAULT,Diesel,69
2024,3,RENAULT,Hybrid (Petrol),357
2024,3,RENAULT,Petrol,88
2024,3,ROLLS ROYCE,Petrol,2
2024,3,SEAT,CNG,1
2024,3,SEAT,Diesel,41
2024,3,SEAT,Hybrid (Petrol),38
2024,3,SEAT,PHEV,13
2024,3,SEAT,Petrol,334
2024,3,SECMA,Petrol,1
2024,3,SKODA,BEV,236
2024,3,SKODA,Diesel,514
2024,3,SKODA,Hybrid (Petrol),110
2024,3,SKODA,PHEV,1
2024,3,SKODA,Petrol,914
2024,3,SMART,BEV,93
2024,3,SSANGYONG,BEV,6
2024,3,SSANGYONG,Diesel,17
2024,3,SSANGYONG,Petrol,30
2024,3,SUBARU,BEV,9
2024,3,SUBARU,Hybrid (Petrol),94
2024,3,SUBARU,Petrol,32
2024,3,SUZUKI,Hybrid (Petrol),357
2024,3,SUZUKI,PHEV,6
2024,3,SUZUKI,Petrol,5
2024,3,TESLA,BEV,1941
2024,3,TOYOTA,BEV,65
2024,3,TOYOTA,Diesel,91
2024,3,TOYOTA,Hybrid (Petrol),832
2024,3,TOYOTA,PHEV,110
2024,3,TOYOTA,Petrol,162
2024,3,VOLVO,BEV,264
2024,3,VOLVO,Hybrid (Diesel),29
2024,3,VOLVO,Hybrid (Petrol),140
2024,3,VOLVO,PHEV,295
2024,3,VOLVO,Petrol,17
2024,3,VOYAH,BEV,6
2024,3,VW,BEV,312
2024,3,VW,Diesel,617
2024,3,VW,Hybrid (Petrol),152
2024,3,VW,PHEV,53
2024,3,VW,Petrol,1252
2024,4,AIWAYS,BEV,12
2024,4,ALFA ROMEO,Diesel,3
2024,4,ALFA ROMEO,Hybrid (Petrol),30
2024,4,ALFA ROMEO,PHEV,3
2024,4,ALFA ROMEO,Petrol,16
2024,4,ALPINA,Diesel,2
2024,4,ALPINA,Hybrid (Diesel),1
2024,4,ALPINA,Petrol,7
2024,4,ALPINE,Petrol,14
2024,4,ASTON MARTIN,Hybrid (Petrol),1
2024,4,ASTON MARTIN,Petrol,19
2024,4,AUDI,BEV,250
2024,4,AUDI,Diesel,30
2024,4,AUDI,Hybrid (Diesel),86
2024,4,AUDI,Hybrid (Petrol),165
2024,4,AUDI,PHEV,41
2024,4,AUDI,Petrol,726
2024,4,BENTLEY,Hybrid (Petrol),1
2024,4,BENTLEY,Petrol,22
2024,4,BMW,BEV,323
2024,4,BMW,Diesel,69
2024,4,BMW,Hybrid (Diesel),503
2024,4,BMW,Hybrid (Petrol),389
2024,4,BMW,PHEV,253
2024,4,BMW,Petrol,406
2024,4,BUGATTI,Petrol,1
2024,4,BYD,BEV,1
2024,4,CADILLAC,BEV,4
2024,4,CATERHAM,Petrol,3
2024,4,CHEVROLET,Petrol,8
2024,4,CITROEN,BEV,5
2024,4,CITROEN,Diesel,54
2024,4,CITROEN,Hybrid (Petrol),66
2024,4,CITROEN,PHEV,7
2024,4,CITROEN,Petrol,128
2024,4,CUPRA,BEV,54
2024,4,CUPRA,Diesel,2
2024,4,CUPRA,Hybrid (Petrol),2
2024,4,CUPRA,PHEV,17
2024,4,CUPRA,Petrol,272
2024,4,DACIA,BEV,27
2024,4,DACIA,Diesel,10
2024,4,DACIA,Hybrid (Petrol),99
2024,4,DACIA,Petrol,495
2024,4,DALLARA,Petrol,4
2024,4,DODGE,Petrol,2
2024,4,DS,Diesel,1
2024,4,DS,PHEV,21
2024,4,DS,Petrol,10
2024,4,FERRARI,Hybrid (Petrol),17
2024,4,FERRARI,Petrol,34
2024,4,FIAT,BEV,58
2024,4,FIAT,Diesel,9
2024,4,FIAT,Hybrid (Petrol),118
2024,4,FIAT,Petrol,55
2024,4,FISKER,BEV,10
2024,4,FORD,BEV,36
2024,4,FORD,Diesel,68
2024,4,FORD,Hybrid (Petrol),361
2024,4,FORD,PHEV,24
2024,4,FORD,Petrol,54
2024,4,GENESIS,BEV,12
2024,4,GENESIS,Diesel,4
2024,4,GENESIS,Petrol,6
2024,4,HONDA,BEV,32
2024,4,HONDA,Hybrid (Petrol),275
2024,4,HONDA,PHEV,4
2024,4,HONDA,Petrol,11
2024,4,HYUNDAI,BEV,179
2024,4,HYUNDAI,Diesel,17
2024,4,HYUNDAI,Hybrid (Diesel),4
2024,4,HYUNDAI,Hybrid (Petrol),263
2024,4,HYUNDAI,PHEV,25
2024,4,HYUNDAI,Petrol,249
2024,4,INEOS,Diesel,7
2024,4,INEOS,Petrol,1
2024,4,JAC,BEV,2
2024,4,JAGUAR,Diesel,1
2024,4,JAGUAR,Hybrid (Diesel),3
2024,4,JAGUAR,Hybrid (Petrol),6
2024,4,JAGUAR,PHEV,14
2024,4,JAGUAR,Petrol,17
2024,4,JEEP,BEV,48
2024,4,JEEP,Hybrid (Petrol),10
2024,4,JEEP,PHEV,6
2024,4,JEEP,Petrol,11
2024,4,KG MOBILITY,BEV,8
2024,4,KG MOBILITY,Diesel,4
2024,4,KIA,BEV,81
2024,4,KIA,Diesel,17
2024,4,KIA,Hybrid (Petrol),185
2024,4,KIA,PHEV,63
2024,4,KIA,Petrol,192
2024,4,KTM,Petrol,2
2024,4,LAMBORGHINI,Hybrid (Petrol),4
2024,4,LAMBORGHINI,Petrol,17
2024,4,LAND ROVER,Hybrid (Diesel),63
2024,4,LAND ROVER,Hybrid (Petrol),102
2024,4,LAND ROVER,PHEV,118
2024,4,LAND ROVER,Petrol,7
2024,4,LEXUS,BEV,2
2024,4,LEXUS,Hybrid (Petrol),81
2024,4,LEXUS,PHEV,30
2024,4,LEXUS,Petrol,3
2024,4,LOTUS,Petrol,5
2024,4,LUCID,BEV,8
2024,4,MASERATI,BEV,4
2024,4,MASERATI,Hybrid (Petrol),15
2024,4,MASERATI,Petrol,11
2024,4,MAZDA,Diesel,10
2024,4,MAZDA,Hybrid (Diesel),26
2024,4,MAZDA,Hybrid (Petrol),249
2024,4,MAZDA,PHEV,19
2024,4,MAZDA,Petrol,48
2024,4,MC LAREN,Hybrid (Petrol),1
2024,4,MC LAREN,Petrol,4
2024,4,MERCEDES-AMG,PHEV,6
2024,4,MERCEDES-AMG,Petrol,17
2024,4,MERCEDES-BENZ,BEV,207
2024,4,MERCEDES-BENZ,Diesel,215
2024,4,MERCEDES-BENZ,Diesel PHEV,60
2024,4,MERCEDES-BENZ,Hybrid (Diesel),305
2024,4,MERCEDES-BENZ,Hybrid (Petrol),546
2024,4,MERCEDES-BENZ,PHEV,193
2024,4,MERCEDES-BENZ,Petrol,58
2024,4,MG,BEV,1
2024,4,MG,PHEV,3
2024,4,MG,Petrol,1
2024,4,MINI,BEV,27
2024,4,MINI,Hybrid (Petrol),13
2024,4,MINI,PHEV,1
2024,4,MINI,Petrol,216
2024,4,MITSUBISHI,Diesel,1
2024,4,MITSUBISHI,Hybrid (Petrol),75
2024,4,MITSUBISHI,PHEV,10
2024,4,MITSUBISHI,Petrol,122
2024,4,MORGAN,Petrol,2
2024,4,NISSAN,BEV,1
2024,4,NISSAN,Diesel,2
2024,4,NISSAN,Hybrid (Petrol),163
2024,4,NISSAN,Petrol,17
2024,4,OPEL,BEV,18
2024,4,OPEL,Diesel,19
2024,4,OPEL,PHEV,125
2024,4,OPEL,Petrol,111
2024,4,PEUGEOT,BEV,60
2024,4,PEUGEOT,Diesel,28
2024,4,PEUGEOT,Hybrid (Petrol),22
2024,4,PEUGEOT,PHEV,147
2024,4,PEUGEOT,Petrol,157
2024,4,POLESTAR,BEV,12
2024,4,PORSCHE,BEV,18
2024,4,PORSCHE,Hybrid (Petrol),2
2024,4,PORSCHE,PHEV,49
2024,4,PORSCHE,Petrol,542
2024,4,RENAULT,BEV,78
2024,4,RENAULT,Diesel,50
2024,4,RENAULT,Hybrid (Petrol),294
2024,4,RENAULT,PHEV,1
2024,4,RENAULT,Petrol,76
2024,4,ROLLS ROYCE,BEV,4
2024,4,SEAT,Diesel,33
2024,4,SEAT,Hybrid (Petrol),20
2024,4,SEAT,PHEV,13
2024,4,SEAT,Petrol,286
2024,4,SKODA,BEV,217
2024,4,SKODA,Diesel,655
2024,4,SKODA,Hybrid (Petrol),209
2024,4,SKODA,PHEV,1
2024,4,SKODA,Petrol,1074
2024,4,SMART,BEV,69
2024,4,SSANGYONG,BEV,2
2024,4,SSANGYONG,Diesel,10
2024,4,SSANGYONG,Petrol,15
2024,4,SUBARU,BEV,12
2024,4,SUBARU,Hybrid (Petrol),91
2024,4,SUBARU,Petrol,45
2024,4,SUZUKI,Hybrid (Petrol),449
2024,4,SUZUKI,PHEV,10
2024,4,SUZUKI,Petrol,2
2024,4,TESLA,BEV,440
2024,4,TOYOTA,BEV,30
2024,4,TOYOTA,Diesel,73
2024,4,TOYOTA,Hybrid (Petrol),837
2024,4,TOYOTA,Hydrogen,1
2024,4,TOYOTA,PHEV,94
2024,4,TOYOTA,Petrol,135
2024,4,VOLVO,BEV,527
2024,4,VOLVO,Hybrid (Diesel),29
2024,4,VOLVO,Hybrid (Petrol),109
2024,4,VOLVO,PHEV,190
2024,4,VOLVO,Petrol,27
2024,4,VW,BEV,246
2024,4,VW,Diesel,641
2024,4,VW,Hybrid (Petrol),117
2024,4,VW,PHEV,51
2024,4,VW,Petrol,935
2024,5,AIWAYS,BEV,8
2024,5,ALFA ROMEO,Diesel,1
2024,5,ALFA ROMEO,Hybrid (Petrol),27
2024,5,ALFA ROMEO,PHEV,13
2024,5,ALFA ROMEO,Petrol,27
2024,5,ALPINA,Diesel,4
2024,5,ALPINA,Petrol,2
2024,5,ALPINE,Petrol,11
2024,5,ASTON MARTIN,Hybrid (Petrol),4
2024,5,ASTON MARTIN,Petrol,19
2024,5,AUDI,BEV,294
2024,5,AUDI,Diesel,44
2024,5,AUDI,Hybrid (Diesel),134
2024,5,AUDI,Hybrid (Petrol),201
2024,5,AUDI,PHEV,59
2024,5,AUDI,Petrol,897
2024,5,BENTLEY,Petrol,14
2024,5,BMW,BEV,314
2024,5,BMW,Diesel,213
2024,5,BMW,Hybrid (Diesel),568
2024,5,BMW,Hybrid (Petrol),340
2024,5,BMW,PHEV,368
2024,5,BMW,Petrol,454
2024,5,BYD,BEV,1
2024,5,CADILLAC,BEV,13
2024,5,CADILLAC,Petrol,4
2024,5,CATERHAM,Petrol,1
2024,5,CHEVROLET,Petrol,2
2024,5,CITROEN,BEV,9
2024,5,CITROEN,Diesel,60
2024,5,CITROEN,Hybrid (Petrol),26
2024,5,CITROEN,PHEV,4
2024,5,CITROEN,Petrol,190
2024,5,CUPRA,BEV,88
2024,5,CUPRA,Diesel,1
2024,5,CUPRA,PHEV,36
2024,5,CUPRA,Petrol,239
2024,5,DACIA,BEV,21
2024,5,DACIA,Diesel,22
2024,5,DACIA,Hybrid (Petrol),106
2024,5,DACIA,LPG,1
2024,5,DACIA,Petrol,497
2024,5,DODGE,Petrol,5
2024,5,DS,Diesel,1
2024,5,DS,PHEV,24
2024,5,DS,Petrol,5
2024,5,FERRARI,Hybrid (Petrol),25
2024,5,FERRARI,Petrol,25
2024,5,FIAT,BEV,103
2024,5,FIAT,Diesel,19
2024,5,FIAT,Hybrid (Petrol),105
2024,5,FIAT,Petrol,43
2024,5,FISKER,BEV,6
2024,5,FORD,BEV,36
2024,5,FORD,Diesel,88
2024,5,FORD,Hybrid (Petrol),344
2024,5,FORD,PHEV,57
2024,5,FORD,Petrol,66
2024,5,GENESIS,BEV,13
2024,5,GENESIS,Diesel,1
2024,5,GENESIS,Petrol,6
2024,5,HONDA,BEV,38
2024,5,HONDA,Hybrid (Petrol),218
2024,5,HONDA,PHEV,11
2024,5,HONDA,Petrol,10
2024,5,HYUNDAI,BEV,189
2024,5,HYUNDAI,Diesel,36
2024,5,HYUNDAI,Hybrid (Diesel),4
2024,5,HYUNDAI,Hybrid (Petrol),285
2024,5,HYUNDAI,PHEV,27
2024,5,HYUNDAI,Petrol,237
2024,5,INEOS,Diesel,4
2024,5,INEOS,Petrol,3
2024,5,JAC,BEV,4
2024,5,JAGUAR,BEV,2
2024,5,JAGUAR,Hybrid (Diesel),3
2024,5,JAGUAR,Hybrid (Petrol),2
2024,5,JAGUAR,PHEV,10
2024,5,JAGUAR,Petrol,16
2024,5,JEEP,BEV,23
2024,5,JEEP,Hybrid (Petrol),26
2024,5,JEEP,PHEV,12
2024,5,JEEP,Petrol,8
2024,5,KG MOBILITY,BEV,18
2024,5,KG MOBILITY,Diesel,15
2024,5,KIA,BEV,89
2024,5,KIA,Diesel,10
2024,5,KIA,Hybrid (Petrol),241
2024,5,KIA,PHEV,81
2024,5,KIA,Petrol,184
2024,5,KTM,Petrol,2
2024,5,LAMBORGHINI,Hybrid (Petrol),5
2024,5,LAMBORGHINI,Petrol,17
2024,5,LAND ROVER,Hybrid (Diesel),47
2024,5,LAND ROVER,Hybrid (Petrol),87
2024,5,LAND ROVER,PHEV,87
2024,5,LAND ROVER,Petrol,9
2024,5,LEXUS,BEV,14
2024,5,LEXUS,Hybrid (Petrol),62
2024,5,LEXUS,PHEV,24
2024,5,LEXUS,Petrol,2
2024,5,LOTUS,BEV,1
2024,5,LOTUS,Petrol,3
2024,5,LUCID,BEV,4
2024,5,MAN,Diesel,3
2024,5,MASERATI,BEV,8
2024,5,MASERATI,Hybrid (Petrol),13
2024,5,MASERATI,Petrol,32
2024,5,MAXUS,BEV,1
2024,5,MAYBACH,Petrol,1
2024,5,MAZDA,Diesel,7
2024,5,MAZDA,Hybrid (Diesel),40
2024,5,MAZDA,Hybrid (Petrol),359
2024,5,MAZDA,PHEV,32
2024,5,MAZDA,Petrol,145
2024,5,MC LAREN,Petrol,4
2024,5,MERCEDES-AMG,Hybrid (Petrol),1
2024,5,MERCEDES-AMG,PHEV,1
2024,5,MERCEDES-AMG,Petrol,28
2024,5,MERCEDES-BENZ,BEV,202
2024,5,MERCEDES-BENZ,Diesel,265
2024,5,MERCEDES-BENZ,Diesel PHEV,56
2024,5,MERCEDES-BENZ,Hybrid (Diesel),312
2024,5,MERCEDES-BENZ,Hybrid (Petrol),621
2024,5,MERCEDES-BENZ,PHEV,186
2024,5,MERCEDES-BENZ,Petrol,53
2024,5,MG,Petrol,3
2024,5,MINI,BEV,56
2024,5,MINI,Hybrid (Petrol),24
2024,5,MINI,PHEV,1
2024,5,MINI,Petrol,235
2024,5,MITSUBISHI,Hybrid (Petrol),43
2024,5,MITSUBISHI,PHEV,29
2024,5,MITSUBISHI,Petrol,118
2024,5,MORGAN,Petrol,2
2024,5,NISSAN,BEV,10
2024,5,NISSAN,Diesel,2
2024,5,NISSAN,Hybrid (Petrol),90
2024,5,NISSAN,Petrol,5
2024,5,OPEL,BEV,23
2024,5,OPEL,Diesel,36
2024,5,OPEL,PHEV,72
2024,5,OPEL,Petrol,128
2024,5,PEUGEOT,BEV,53
2024,5,PEUGEOT,Diesel,161
2024,5,PEUGEOT,Hybrid (Petrol),47
2024,5,PEUGEOT,PHEV,71
2024,5,PEUGEOT,Petrol,82
2024,5,POLESTAR,BEV,35
2024,5,PORSCHE,BEV,42
2024,5,PORSCHE,Hybrid (Petrol),3
2024,5,PORSCHE,PHEV,78
2024,5,PORSCHE,Petrol,467
2024,5,RENAULT,BEV,235
2024,5,RENAULT,Diesel,42
2024,5,RENAULT,Hybrid (Petrol),520
2024,5,RENAULT,Petrol,76
2024,5,ROLLS ROYCE,BEV,3
2024,5,ROLLS ROYCE,Petrol,6
2024,5,SEAT,Diesel,45
2024,5,SEAT,Hybrid (Petrol),29
2024,5,SEAT,PHEV,15
2024,5,SEAT,Petrol,379
2024,5,SKODA,BEV,204
2024,5,SKODA,Diesel,668
2024,5,SKODA,Hybrid (Petrol),95
2024,5,SKODA,Petrol,1022
2024,5,SMART,BEV,78
2024,5,SSANGYONG,BEV,1
2024,5,SSANGYONG,Diesel,8
2024,5,SSANGYONG,Petrol,15
2024,5,SUBARU,BEV,12
2024,5,SUBARU,Hybrid (Petrol),50
2024,5,SUBARU,Petrol,44
2024,5,SUZUKI,Hybrid (Petrol),477
2024,5,SUZUKI,PHEV,6
2024,5,SUZUKI,Petrol,5
2024,5,TESLA,BEV,525
2024,5,TOYOTA,BEV,10
2024,5,TOYOTA,Diesel,58
2024,5,TOYOTA,Hybrid (Petrol),650
2024,5,TOYOTA,PHEV,56
2024,5,TOYOTA,Petrol,117
2024,5,UEBRIGE (SIEHE TYP),BEV,1
2024,5,UEBRIGE (SIEHE TYP),Petrol,1
2024,5,VOLVO,BEV,379
2024,5,VOLVO,Hybrid (Diesel),19
2024,5,VOLVO,Hybrid (Petrol),169
2024,5,VOLVO,PHEV,239
2024,5,VOLVO,Petrol,16
2024,5,VOYAH,BEV,3
2024,5,VW,BEV,414
2024,5,VW,CNG,1
2024,5,VW,Diesel,619
2024,5,VW,Hybrid (Petrol),213
2024,5,VW,PHEV,64
2024,5,VW,Petrol,886
2024,6,ABARTH,BEV,2
2024,6,AIWAYS,BEV,6
2024,6,ALFA ROMEO,Diesel,8
2024,6,ALFA ROMEO,Hybrid (Petrol),54
2024,6,ALFA ROMEO,PHEV,8
2024,6,ALFA ROMEO,Petrol,32
2024,6,ALPINA,Diesel,2
2024,6,ALPINA,Petrol,4
2024,6,ALPINE,Petrol,11
2024,6,ASTON MARTIN,Hybrid (Petrol),2
2024,6,ASTON MARTIN,Petrol,22
2024,6,AUDI,BEV,346
2024,6,AUDI,Diesel,73
2024,6,AUDI,Hybrid (Diesel),177
2024,6,AUDI,Hybrid (Petrol),178
2024,6,AUDI,PHEV,87
2024,6,AUDI,Petrol,825
2024,6,BENTLEY,Hybrid (Petrol),1
2024,6,BENTLEY,Petrol,13
2024,6,BMW,BEV,344
2024,6,BMW,Diesel,124
2024,6,BMW,Hybrid (Diesel),563
2024,6,BMW,Hybrid (Petrol),349
2024,6,BMW,PHEV,323
2024,6,BMW,Petrol,426
2024,6,BYD,BEV,5
2024,6,CADILLAC,BEV,31
2024,6,CADILLAC,Petrol,1
2024,6,CATERHAM,Petrol,1
2024,6,CHEVROLET,Petrol,5
2024,6,CITROEN,BEV,1
2024,6,CITROEN,Diesel,13
2024,6,CITROEN,Hybrid (Petrol),34
2024,6,CITROEN,PHEV,5
2024,6,CITROEN,Petrol,214
2024,6,CLUB CAR,BEV,1
2024,6,CUPRA,BEV,107
2024,6,CUPRA,Diesel,1
2024,6,CUPRA,Hybrid (Petrol),21
2024,6,CUPRA,PHEV,48
2024,6,CUPRA,Petrol,302
2024,6,DACIA,BEV,17
2024,6,DACIA,Diesel,3
2024,6,DACIA,Hybrid (Petrol),275
2024,6,DACIA,Petrol,421
2024,6,DODGE,Petrol,5
2024,6,DS,Diesel,3
2024,6,DS,PHEV,7
2024,6,DS,Petrol,15
2024,6,FERRARI,Hybrid (Petrol),19
2024,6,FERRARI,Petrol,31
2024,6,FIAT,BEV,65
2024,6,FIAT,Diesel,4
2024,6,FIAT,Hybrid (Petrol),171
2024,6,FIAT,Petrol,100
2024,6,FISKER,BEV,2
2024,6,FORD,BEV,39
2024,6,FORD,Diesel,76
2024,6,FORD,Hybrid (Petrol),431
2024,6,FORD,PHEV,74
2024,6,FORD,Petrol,50
2024,6,GENESIS,BEV,13
2024,6,GENESIS,Diesel,3
2024,6,GENESIS,Petrol,5
2024,6,HONDA,BEV,29
2024,6,HONDA,Hybrid (Petrol),172
2024,6,HONDA,PHEV,10
2024,6,HONDA,Petrol,8
2024,6,HYUNDAI,BEV,191
2024,6,HYUNDAI,Diesel,20
2024,6,HYUNDAI,Hybrid (Diesel),1
2024,6,HYUNDAI,Hybrid (Petrol),307
2024,6,HYUNDAI,PHEV,19
2024,6,HYUNDAI,Petrol,192
2024,6,INEOS,Diesel,3
2024,6,INEOS,Petrol,3
2024,6,JAC,BEV,2
2024,6,JAGUAR,BEV,3
2024,6,JAGUAR,Hybrid (Diesel),3
2024,6,JAGUAR,Hybrid (Petrol),6
2024,6,JAGUAR,PHEV,8
2024,6,JAGUAR,Petrol,6
2024,6,JEEP,BEV,10
2024,6,JEEP,Hybrid (Petrol),13
2024,6,JEEP,PHEV,6
2024,6,JEEP,Petrol,14
2024,6,JUMBOLINO,BEV,1
2024,6,KG MOBILITY,BEV,13
2024,6,KG MOBILITY,Diesel,11
2024,6,KIA,BEV,100
2024,6,KIA,Diesel,7
2024,6,KIA,Hybrid (Petrol),295
2024,6,KIA,PHEV,108
2024,6,KIA,Petrol,182
2024,6,KTM,Petrol,2
2024,6,LAMBORGHINI,Hybrid (Petrol),8
2024,6,LAMBORGHINI,Petrol,25
2024,6,LAND ROVER,Hybrid (Diesel),56
2024,6,LAND ROVER,Hybrid (Petrol),78
2024,6,LAND ROVER,PHEV,88
2024,6,LAND ROVER,Petrol,8
2024,6,LEXUS,BEV,1
2024,6,LEXUS,Hybrid (Petrol),66
2024,6,LEXUS,PHEV,13
2024,6,LEXUS,Petrol,2
2024,6,LOTUS,BEV,12
2024,6,LOTUS,Petrol,4
2024,6,LUCID,BEV,3
2024,6,MAN,Diesel,2
2024,6,MASERATI,BEV,2
2024,6,MASERATI,Hybrid (Petrol),5
2024,6,MASERATI,Petrol,15
2024,6,MAXUS,BEV,2
2024,6,MAZDA,BEV,1
2024,6,MAZDA,Diesel,25
2024,6,MAZDA,Hybrid (Diesel),23
2024,6,MAZDA,Hybrid (Petrol),335
2024,6,MAZDA,PHEV,18
2024,6,MAZDA,Petrol,79
2024,6,MC LAREN,Hybrid (Petrol),1
2024,6,MC LAREN,Petrol,7
2024,6,MERCEDES-AMG,Hybrid (Petrol),1
2024,6,MERCEDES-AMG,PHEV,3
2024,6,MERCEDES-AMG,Petrol,42
2024,6,MERCEDES-BENZ,BEV,212
2024,6,MERCEDES-BENZ,Diesel,309
2024,6,MERCEDES-BENZ,Diesel PHEV,68
2024,6,MERCEDES-BENZ,Hybrid (Diesel),328
2024,6,MERCEDES-BENZ,Hybrid (Petrol),721
2024,6,MERCEDES-BENZ,PHEV,176
2024,6,MERCEDES-BENZ,Petrol,59
2024,6,MG,BEV,10
2024,6,MG,PHEV,1
2024,6,MG,Petrol,8
2024,6,MINI,BEV,100
2024,6,MINI,Hybrid (Petrol),52
2024,6,MINI,Petrol,120
2024,6,MITSUBISHI,Hybrid (Petrol),61
2024,6,MITSUBISHI,PHEV,36
2024,6,MITSUBISHI,Petrol,99
2024,6,MORGAN,Petrol,1
2024,6,NISSAN,BEV,10
2024,6,NISSAN,Diesel,5
2024,6,NISSAN,Hybrid (Petrol),281
2024,6,NISSAN,Petrol,17
2024,6,OPEL,BEV,41
2024,6,OPEL,Diesel,36
2024,6,OPEL,Hybrid (Petrol),7
2024,6,OPEL,PHEV,100
2024,6,OPEL,Petrol,124
2024,6,PEUGEOT,BEV,79
2024,6,PEUGEOT,Diesel,49
2024,6,PEUGEOT,Hybrid (Petrol),76
2024,6,PEUGEOT,PHEV,60
2024,6,PEUGEOT,Petrol,149
2024,6,POLESTAR,BEV,70
2024,6,PORSCHE,BEV,25
2024,6,PORSCHE,Hybrid (Petrol),1
2024,6,PORSCHE,PHEV,59
2024,6,PORSCHE,Petrol,310
2024,6,RENAULT,BEV,197
2024,6,RENAULT,Diesel,30
2024,6,RENAULT,Hybrid (Petrol),920
2024,6,RENAULT,Petrol,154
2024,6,ROLLS ROYCE,Petrol,2
2024,6,SEAT,Diesel,38
2024,6,SEAT,Hybrid (Petrol),22
2024,6,SEAT,PHEV,10
2024,6,SEAT,Petrol,507
2024,6,SERES,BEV,1
2024,6,SKODA,BEV,273
2024,6,SKODA,Diesel,625
2024,6,SKODA,Hybrid (Petrol),117
2024,6,SKODA,Petrol,857
2024,6,SKYWELL,BEV,2
2024,6,SMART,BEV,74
2024,6,SSANGYONG,BEV,4
2024,6,SSANGYONG,Diesel,7
2024,6,SSANGYONG,Petrol,8
2024,6,SUBARU,BEV,8
2024,6,SUBARU,Hybrid (Petrol),65
2024,6,SUBARU,Petrol,54
2024,6,SUZUKI,Hybrid (Petrol),514
2024,6,SUZUKI,PHEV,11
2024,6,SUZUKI,Petrol,8
2024,6,TESLA,BEV,968
2024,6,TOYOTA,BEV,28
2024,6,TOYOTA,Diesel,77
2024,6,TOYOTA,Hybrid (Petrol),909
2024,6,TOYOTA,PHEV,56
2024,6,TOYOTA,Petrol,171
2024,6,UEBRIGE (SIEHE TYP),Petrol,2
2024,6,VOLVO,BEV,379
2024,6,VOLVO,Hybrid (Diesel),16
2024,6,VOLVO,Hybrid (Petrol),103
2024,6,VOLVO,PHEV,330
2024,6,VOLVO,Petrol,10
2024,6,VOYAH,BEV,1
2024,6,VW,BEV,391
2024,6,VW,Diesel,715
2024,6,VW,Hybrid (Petrol),202
2024,6,VW,LPG,1
2024,6,VW,PHEV,58
2024,6,VW,Petrol,797
2024,7,ABARTH,BEV,4
2024,7,AIWAYS,BEV,4
2024,7,ALFA ROMEO,Diesel,3
2024,7,ALFA ROMEO,Hybrid (Petrol),18
2024,7,ALFA ROMEO,PHEV,5
2024,7,ALFA ROMEO,Petrol,19
2024,7,ALPINA,Petrol,3
2024,7,ALPINE,Petrol,11
2024,7,ASTON MARTIN,Hybrid (Petrol),1
2024,7,ASTON MARTIN,Petrol,11
2024,7,AUDI,BEV,409
2024,7,AUDI,Diesel,24
2024,7,AUDI,Hybrid (Diesel),153
2024,7,AUDI,Hybrid (Petrol),209
2024,7,AUDI,PHEV,52
2024,7,AUDI,Petrol,689
2024,7,BENTLEY,Petrol,19
2024,7,BMW,BEV,218
2024,7,BMW,Diesel,29
2024,7,BMW,Hybrid (Diesel),493
2024,7,BMW,Hybrid (Petrol),257
2024,7,BMW,PHEV,208
2024,7,BMW,Petrol,304
2024,7,BYD,BEV,4
2024,7,CADILLAC,BEV,7
2024,7,CADILLAC,Petrol,1
2024,7,CHEVROLET,Petrol,3
2024,7,CITROEN,BEV,7
2024,7,CITROEN,Diesel,24
2024,7,CITROEN,Hybrid (Petrol),20
2024,7,CITROEN,PHEV,1
2024,7,CITROEN,Petrol,154
2024,7,CLUB CAR,BEV,2
2024,7,CLUB CAR,Petrol,1
2024,7,CUPRA,BEV,151
2024,7,CUPRA,Hybrid (Petrol),32
2024,7,CUPRA,PHEV,36
2024,7,CUPRA,Petrol,212
2024,7,DACIA,BEV,5
2024,7,DACIA,Diesel,8
2024,7,DACIA,Hybrid (Petrol),244
2024,7,DACIA,Petrol,280
2024,7,DALLARA,Petrol,4
2024,7,DODGE,Petrol,1
2024,7,DONGFENG,BEV,4
2024,7,DS,BEV,1
2024,7,DS,Diesel,1
2024,7,DS,PHEV,7
2024,7,DS,Petrol,5
2024,7,FERRARI,Hybrid (Petrol),15
2024,7,FERRARI,Petrol,34
2024,7,FIAT,BEV,67
2024,7,FIAT,Diesel,1
2024,7,FIAT,Hybrid (Petrol),82
2024,7,FIAT,Petrol,79
2024,7,FISKER,BEV,2
2024,7,FORD,BEV,51
2024,7,FORD,Diesel,61
2024,7,FORD,Hybrid (Petrol),353
2024,7,FORD,PHEV,83
2024,7,FORD,Petrol,71
2024,7,GENESIS,BEV,12
2024,7,GENESIS,Diesel,3
2024,7,GENESIS,Hybrid (Petrol),6
2024,7,GENESIS,Petrol,3
2024,7,HONDA,BEV,24
2024,7,HONDA,Hybrid (Petrol),166
2024,7,HONDA,PHEV,8
2024,7,HONDA,Petrol,13
2024,7,HYUNDAI,BEV,254
2024,7,HYUNDAI,Diesel,8
2024,7,HYUNDAI,Hybrid (Diesel),7
2024,7,HYUNDAI,Hybrid (Petrol),275
2024,7,HYUNDAI,PHEV,38
2024,7,HYUNDAI,Petrol,177
2024,7,INEOS,Petrol,1
2024,7,JAC,BEV,2
2024,7,JAGUAR,Hybrid (Diesel),1
2024,7,JAGUAR,Hybrid (Petrol),4
2024,7,JAGUAR,PHEV,5
2024,7,JAGUAR,Petrol,7
2024,7,JEEP,BEV,83
2024,7,JEEP,Hybrid (Petrol),83
2024,7,JEEP,PHEV,6
2024,7,JEEP,Petrol,16
2024,7,KG MOBILITY,BEV,7
2024,7,KG MOBILITY,Diesel,6
2024,7,KIA,BEV,84
2024,7,KIA,Diesel,3
2024,7,KIA,Hybrid (Petrol),142
2024,7,KIA,PHEV,84
2024,7,KIA,Petrol,70
2024,7,LAMBORGHINI,Hybrid (Petrol),7
2024,7,LAMBORGHINI,Petrol,15
2024,7,LAND ROVER,Diesel,1
2024,7,LAND ROVER,Hybrid (Diesel),54
2024,7,LAND ROVER,Hybrid (Petrol),65
2024,7,LAND ROVER,PHEV,96
2024,7,LAND ROVER,Petrol,7
2024,7,LEXUS,BEV,2
2024,7,LEXUS,Hybrid (Petrol),70
2024,7,LEXUS,PHEV,16
2024,7,LOTUS,BEV,4
2024,7,LOTUS,Petrol,2
2024,7,LUCID,BEV,4
2024,7,MAN,Diesel,2
2024,7,MASERATI,BEV,6
2024,7,MASERATI,Hybrid (Petrol),6
2024,7,MASERATI,Petrol,38
2024,7,MAXUS,BEV,3
2024,7,MAZDA,BEV,2
2024,7,MAZDA,Diesel,4
2024,7,MAZDA,Hybrid (Diesel),10
2024,7,MAZDA,Hybrid (Petrol),208
2024,7,MAZDA,PHEV,16
2024,7,MAZDA,Petrol,52
2024,7,MC LAREN,Hybrid (Petrol),2
2024,7,MC LAREN,Petrol,1
2024,7,MERCEDES-AMG,Hybrid (Petrol),1
2024,7,MERCEDES-AMG,PHEV,3
2024,7,MERCEDES-AMG,Petrol,11
2024,7,MERCEDES-BENZ,BEV,180
2024,7,MERCEDES-BENZ,Diesel,317
2024,7,MERCEDES-BENZ,Diesel PHEV,28
2024,7,MERCEDES-BENZ,Hybrid (Diesel),260
2024,7,MERCEDES-BENZ,Hybrid (Petrol),620
2024,7,MERCEDES-BENZ,PHEV,119
2024,7,MERCEDES-BENZ,Petrol,56
2024,7,MG,BEV,78
2024,7,MG,Hybrid (Petrol),20
2024,7,MG,Petrol,27
2024,7,MINI,BEV,90
2024,7,MINI,Hybrid (Petrol),20
2024,7,MINI,Petrol,78
2024,7,MITSUBISHI,Hybrid (Petrol),73
2024,7,MITSUBISHI,PHEV,18
2024,7,MITSUBISHI,Petrol,84
2024,7,NISSAN,BEV,6
2024,7,NISSAN,Diesel,3
2024,7,NISSAN,Hybrid (Petrol),95
2024,7,NISSAN,Petrol,7
2024,7,OPEL,BEV,60
2024,7,OPEL,Diesel,22
2024,7,OPEL,Hybrid (Petrol),4
2024,7,OPEL,PHEV,60
2024,7,OPEL,Petrol,151
2024,7,PAGANI,Petrol,1
2024,7,PEUGEOT,BEV,84
2024,7,PEUGEOT,Diesel,92
2024,7,PEUGEOT,Hybrid (Petrol),173
2024,7,PEUGEOT,PHEV,19
2024,7,PEUGEOT,Petrol,121
2024,7,POLESTAR,BEV,68
2024,7,PORSCHE,BEV,33
2024,7,PORSCHE,Hybrid (Petrol),1
2024,7,PORSCHE,PHEV,73
2024,7,PORSCHE,Petrol,257
2024,7,RENAULT,BEV,135
2024,7,RENAULT,Diesel,43
2024,7,RENAULT,Hybrid (Petrol),448
2024,7,RENAULT,Petrol,76
2024,7,RIMAC,BEV,1
2024,7,ROLLS ROYCE,BEV,1
2024,7,ROLLS ROYCE,Petrol,1
2024,7,SEAT,Diesel,29
2024,7,SEAT,Hybrid (Petrol),14
2024,7,SEAT,PHEV,10
2024,7,SEAT,Petrol,268
2024,7,SKODA,BEV,125
2024,7,SKODA,Diesel,500
2024,7,SKODA,Hybrid (Petrol),80
2024,7,SKODA,PHEV,5
2024,7,SKODA,Petrol,713
2024,7,SKYWELL,BEV,1
2024,7,SMART,BEV,53
2024,7,SSANGYONG,BEV,2
2024,7,SSANGYONG,Diesel,7
2024,7,SSANGYONG,Petrol,19
2024,7,STIMBO,BEV,1
2024,7,SUBARU,BEV,2
2024,7,SUBARU,Hybrid (Petrol),122
2024,7,SUBARU,Petrol,35
2024,7,SUZUKI,Hybrid (Petrol),291
2024,7,SUZUKI,PHEV,6
2024,7,SUZUKI,Petrol,8
2024,7,TESLA,BEV,356
2024,7,TOURNEAU LE,Diesel,1
2024,7,TOYOTA,BEV,23
2024,7,TOYOTA,Diesel,80
2024,7,TOYOTA,Hybrid (Petrol),729
2024,7,TOYOTA,Hydrogen,1
2024,7,TOYOTA,PHEV,79
2024,7,TOYOTA,Petrol,126
2024,7,UEBRIGE (SIEHE TYP),BEV,4
2024,7,UEBRIGE (SIEHE TYP),Petrol,1
2024,7,VOLVO,BEV,402
2024,7,VOLVO,Hybrid (Diesel),14
2024,7,VOLVO,Hybrid (Petrol),115
2024,7,VOLVO,PHEV,311
2024,7,VOLVO,Petrol,7
2024,7,VOYAH,BEV,1
2024,7,VW,BEV,269
2024,7,VW,Diesel,576
2024,7,VW,Hybrid (Petrol),233
2024,7,VW,PHEV,69
2024,7,VW,Petrol,837
2024,8,ABARTH,BEV,3
2024,8,AIWAYS,BEV,4
2024,8,ALFA ROMEO,Diesel,5
2024,8,ALFA ROMEO,Hybrid (Petrol),11
2024,8,ALFA ROMEO,PHEV,3
2024,8,ALFA ROMEO,Petrol,17
2024,8,ALPINA,Diesel,3
2024,8,ALPINA,Hybrid (Diesel),1
2024,8,ALPINA,Petrol,1
2024,8,ALPINE,Petrol,6
2024,8,ASTON MARTIN,Hybrid (Petrol),7
2024,8,ASTON MARTIN,Petrol,13
2024,8,AUDI,BEV,298
2024,8,AUDI,Diesel,25
2024,8,AUDI,Hybrid (Diesel),170
2024,8,AUDI,Hybrid (Petrol),183
2024,8,AUDI,PHEV,49
2024,8,AUDI,Petrol,504
2024,8,BENTLEY,Petrol,1
2024,8,BMW,BEV,241
2024,8,BMW,Diesel,45
2024,8,BMW,Hybrid (Diesel),472
2024,8,BMW,Hybrid (Petrol),223
2024,8,BMW,PHEV,197
2024,8,BMW,Petrol,275
2024,8,BYD,BEV,5
2024,8,CADILLAC,BEV,10
2024,8,CHEVROLET,Petrol,3
2024,8,CHRYSLER,Petrol,1
2024,8,CITROEN,BEV,9
2024,8,CITROEN,Diesel,9
2024,8,CITROEN,Hybrid (Petrol),21
2024,8,CITROEN,PHEV,5
2024,8,CITROEN,Petrol,76
2024,8,CUPRA,BEV,92
2024,8,CUPRA,Diesel,1
2024,8,CUPRA,Hybrid (Petrol),60
2024,8,CUPRA,PHEV,27
2024,8,CUPRA,Petrol,138
2024,8,DACIA,BEV,2
2024,8,DACIA,Diesel,12
2024,8,DACIA,Hybrid (Petrol),293
2024,8,DACIA,Petrol,315
2024,8,DODGE,Petrol,2
2024,8,DS,PHEV,6
2024,8,DS,Petrol,10
2024,8,FERRARI,Hybrid (Petrol),17
2024,8,FERRARI,Petrol,22
2024,8,FIAT,BEV,46
2024,8,FIAT,Hybrid (Petrol),88
2024,8,FIAT,Petrol,42
2024,8,FORD,BEV,87
2024,8,FORD,Diesel,53
2024,8,FORD,Hybrid (Petrol),280
2024,8,FORD,PHEV,55
2024,8,FORD,Petrol,44
2024,8,GENESIS,BEV,8
2024,8,GENESIS,Diesel,1
2024,8,GENESIS,Hybrid (Petrol),1
2024,8,GENESIS,Petrol,4
2024,8,HONDA,BEV,12
2024,8,HONDA,Hybrid (Petrol),121
2024,8,HONDA,PHEV,4
2024,8,HONDA,Petrol,6
2024,8,HYUNDAI,BEV,227
2024,8,HYUNDAI,Diesel,6
2024,8,HYUNDAI,Hybrid (Petrol),260
2024,8,HYUNDAI,PHEV,28
2024,8,HYUNDAI,Petrol,148
2024,8,INEOS,Diesel,1
2024,8,INEOS,Petrol,3
2024,8,JAGUAR,BEV,1
2024,8,JAGUAR,Hybrid (Diesel),4
2024,8,JAGUAR,Hybrid (Petrol),6
2024,8,JAGUAR,PHEV,11
2024,8,JAGUAR,Petrol,14
2024,8,JEEP,BEV,78
2024,8,JEEP,Hybrid (Petrol),52
2024,8,JEEP,PHEV,10
2024,8,JEEP,Petrol,14
2024,8,KG MOBILITY,BEV,2
2024,8,KG MOBILITY,Diesel,3
2024,8,KIA,BEV,100
2024,8,KIA,Diesel,19
2024,8,KIA,Hybrid (Petrol),305
2024,8,KIA,PHEV,69
2024,8,KIA,Petrol,120
2024,8,LAMBORGHINI,Hybrid (Petrol),3
2024,8,LAMBORGHINI,Petrol,26
2024,8,LAND ROVER,Diesel,2
2024,8,LAND ROVER,Hybrid (Diesel),35
2024,8,LAND ROVER,Hybrid (Petrol),35
2024,8,LAND ROVER,PHEV,86
2024,8,LAND ROVER,Petrol,3
2024,8,LEXUS,BEV,3
2024,8,LEXUS,Hybrid (Petrol),64
2024,8,LEXUS,PHEV,9
2024,8,LEXUS,Petrol,1
2024,8,LOTUS,BEV,5
2024,8,LOTUS,Petrol,2
2024,8,LUCID,BEV,2
2024,8,MASERATI,BEV,2
2024,8,MASERATI,Hybrid (Petrol),6
2024,8,MASERATI,Petrol,11
2024,8,MAXUS,BEV,1
2024,8,MAZDA,Diesel,1
2024,8,MAZDA,Hybrid (Diesel),9
2024,8,MAZDA,Hybrid (Petrol),139
2024,8,MAZDA,PHEV,14
2024,8,MAZDA,Petrol,29
2024,8,MC LAREN,Hybrid (Petrol),1
2024,8,MC LAREN,Petrol,2
2024,8,MERCEDES-AMG,PHEV,7
2024,8,MERCEDES-AMG,Petrol,10
2024,8,MERCEDES-BENZ,BEV,322
2024,8,MERCEDES-BENZ,Diesel,178
2024,8,MERCEDES-BENZ,Diesel PHEV,25
2024,8,MERCEDES-BENZ,Hybrid (Diesel),232
2024,8,MERCEDES-BENZ,Hybrid (Petrol),515
2024,8,MERCEDES-BENZ,PHEV,133
2024,8,MERCEDES-BENZ,Petrol,34
2024,8,MG,BEV,10
2024,8,MG,Hybrid (Petrol),34
2024,8,MG,PHEV,2
2024,8,MG,Petrol,11
2024,8,MINI,BEV,64
2024,8,MINI,Hybrid (Petrol),20
2024,8,MINI,Petrol,75
2024,8,MITSUBISHI,Hybrid (Petrol),96
2024,8,MITSUBISHI,PHEV,12
2024,8,MITSUBISHI,Petrol,71
2024,8,MORGAN,Petrol,2
2024,8,NISSAN,BEV,10
2024,8,NISSAN,Diesel,5
2024,8,NISSAN,Hybrid (Petrol),109
2024,8,NISSAN,Petrol,13
2024,8,OPEL,BEV,37
2024,8,OPEL,Diesel,28
2024,8,OPEL,Hybrid (Petrol),5
2024,8,OPEL,PHEV,25
2024,8,OPEL,Petrol,100
2024,8,PAGANI,Petrol,1
2024,8,PEUGEOT,BEV,53
2024,8,PEUGEOT,Diesel,136
2024,8,PEUGEOT,Hybrid (Petrol),120
2024,8,PEUGEOT,PHEV,13
2024,8,PEUGEOT,Petrol,128
2024,8,POLESTAR,BEV,57
2024,8,PORSCHE,BEV,28
2024,8,PORSCHE,Hybrid (Petrol),1
2024,8,PORSCHE,PHEV,40
2024,8,PORSCHE,Petrol,200
2024,8,RENAULT,BEV,116
2024,8,RENAULT,Diesel,13
2024,8,RENAULT,Hybrid (Petrol),359
2024,8,RENAULT,Petrol,39
2024,8,ROLLS ROYCE,BEV,3
2024,8,ROLLS ROYCE,Petrol,3
2024,8,SEAT,Diesel,18
2024,8,SEAT,Hybrid (Petrol),31
2024,8,SEAT,PHEV,19
2024,8,SEAT,Petrol,318
2024,8,SERES,BEV,1
2024,8,SKODA,BEV,201
2024,8,SKODA,Diesel,434
2024,8,SKODA,Hybrid (Petrol),90
2024,8,SKODA,PHEV,22
2024,8,SKODA,Petrol,640
2024,8,SKYWELL,BEV,1
2024,8,SMART,BEV,46
2024,8,SSANGYONG,BEV,1
2024,8,SSANGYONG,Diesel,5
2024,8,SSANGYONG,Petrol,9
2024,8,SUBARU,BEV,1
2024,8,SUBARU,Hybrid (Petrol),84
2024,8,SUBARU,Petrol,10
2024,8,SUZUKI,Hybrid (Petrol),280
2024,8,SUZUKI,PHEV,4
2024,8,SUZUKI,Petrol,8
2024,8,TESLA,BEV,629
2024,8,TOYOTA,BEV,22
2024,8,TOYOTA,Diesel,48
2024,8,TOYOTA,Hybrid (Petrol),611
2024,8,TOYOTA,PHEV,75
2024,8,TOYOTA,Petrol,163
2024,8,UEBRIGE (SIEHE TYP),Hybrid (Diesel),1
2024,8,VOLVO,BEV,362
2024,8,VOLVO,Diesel,1
2024,8,VOLVO,Hybrid (Diesel),11
2024,8,VOLVO,Hybrid (Petrol),109
2024,8,VOLVO,PHEV,167
2024,8,VOLVO,Petrol,4
2024,8,VOYAH,BEV,1
2024,8,VW,BEV,239
2024,8,VW,Diesel,378
2024,8,VW,Hybrid (Petrol),111
2024,8,VW,PHEV,69
2024,8,VW,Petrol,599
2024,9,ABARTH,BEV,3
2024,9,AIWAYS,BEV,1
2024,9,ALFA ROMEO,BEV,13
2024,9,ALFA ROMEO,Hybrid (Petrol),33
2024,9,ALFA ROMEO,PHEV,8
2024,9,ALFA ROMEO,Petrol,25
2024,9,ALPINA,Diesel,3
2024,9,ALPINA,Hybrid (Diesel),1
2024,9,ALPINA,Petrol,3
2024,9,ALPINE,Petrol,8
2024,9,ASTON MARTIN,Petrol,12
2024,9,AUDI,BEV,426
2024,9,AUDI,Diesel,60
2024,9,AUDI,Hybrid (Diesel),226
2024,9,AUDI,Hybrid (Petrol),221
2024,9,AUDI,PHEV,62
2024,9,AUDI,Petrol,662
2024,9,BENTLEY,Petrol,2
2024,9,BMW,BEV,240
2024,9,BMW,Diesel,69
2024,9,BMW,Hybrid (Diesel),652
2024,9,BMW,Hybrid (Petrol),311
2024,9,BMW,PHEV,297
2024,9,BMW,Petrol,303
2024,9,BYD,BEV,8
2024,9,CADILLAC,BEV,13
2024,9,CHEVROLET,Petrol,3
2024,9,CHRYSLER,Petrol,1
2024,9,CITROEN,BEV,11
2024,9,CITROEN,Diesel,29
2024,9,CITROEN,Hybrid (Petrol),26
2024,9,CITROEN,PHEV,1
2024,9,CITROEN,Petrol,201
2024,9,CUPRA,BEV,149
2024,9,CUPRA,Hybrid (Petrol),43
2024,9,CUPRA,PHEV,35
2024,9,CUPRA,Petrol,183
2024,9,DACIA,BEV,8
2024,9,DACIA,Diesel,5
2024,9,DACIA,Hybrid (Petrol),257
2024,9,DACIA,LPG,1
2024,9,DACIA,Petrol,301
2024,9,DALLARA,Petrol,1
2024,9,DODGE,Petrol,5
2024,9,DS,Diesel,1
2024,9,DS,Hybrid (Petrol),5
2024,9,DS,PHEV,13
2024,9,DS,Petrol,6
2024,9,FERRARI,Hybrid (Petrol),9
2024,9,FERRARI,PHEV,1
2024,9,FERRARI,Petrol,22
2024,9,FIAT,BEV,44
2024,9,FIAT,Hybrid (Petrol),95
2024,9,FIAT,Petrol,33
2024,9,FORD,BEV,105
2024,9,FORD,Diesel,55
2024,9,FORD,Hybrid (Petrol),374
2024,9,FORD,PHEV,66
2024,9,FORD,Petrol,55
2024,9,GENESIS,BEV,18
2024,9,GENESIS,Diesel,5
2024,9,GENESIS,Petrol,4
2024,9,HONDA,BEV,17
2024,9,HONDA,Hybrid (Petrol),168
2024,9,HONDA,PHEV,7
2024,9,HONDA,Petrol,6
2024,9,HYUNDAI,BEV,254
2024,9,HYUNDAI,Diesel,1
2024,9,HYUNDAI,Hybrid (Diesel),1
2024,9,HYUNDAI,Hybrid (Petrol),334
2024,9,HYUNDAI,PHEV,39
2024,9,HYUNDAI,Petrol,149
2024,9,INEOS,Diesel,7
2024,9,INEOS,Petrol,4
2024,9,JAGUAR,BEV,1
2024,9,JAGUAR,Diesel,1
2024,9,JAGUAR,Hybrid (Diesel),3
2024,9,JAGUAR,Hybrid (Petrol),3
2024,9,JAGUAR,PHEV,13
2024,9,JAGUAR,Petrol,3
2024,9,JEEP,BEV,36
2024,9,JEEP,Hybrid (Petrol),68
2024,9,JEEP,PHEV,29
2024,9,JEEP,Petrol,18
2024,9,JIAYUAN,BEV,2
2024,9,JUMBOLINO,BEV,2
2024,9,KG MOBILITY,BEV,3
2024,9,KG MOBILITY,Diesel,8
2024,9,KG MOBILITY,Petrol,6
2024,9,KIA,BEV,87
2024,9,KIA,Diesel,30
2024,9,KIA,Hybrid (Petrol),240
2024,9,KIA,PHEV,74
2024,9,KIA,Petrol,188
2024,9,LAMBORGHINI,Hybrid (Petrol),7
2024,9,LAMBORGHINI,Petrol,9
2024,9,LAND ROVER,Hybrid (Diesel),31
2024,9,LAND ROVER,Hybrid (Petrol),32
2024,9,LAND ROVER,PHEV,90
2024,9,LAND ROVER,Petrol,3
2024,9,LEXUS,BEV,4
2024,9,LEXUS,Hybrid (Petrol),74
2024,9,LEXUS,PHEV,14
2024,9,LEXUS,Petrol,2
2024,9,LOTUS,BEV,9
2024,9,LOTUS,Petrol,1
2024,9,LUCID,BEV,3
2024,9,MAN,Diesel,2
2024,9,MASERATI,BEV,5
2024,9,MASERATI,Hybrid (Petrol),5
2024,9,MASERATI,Petrol,10
2024,9,MAZDA,Diesel,2
2024,9,MAZDA,Hybrid (Diesel),6
2024,9,MAZDA,Hybrid (Petrol),187
2024,9,MAZDA,PHEV,16
2024,9,MAZDA,Petrol,44
2024,9,MC LAREN,Hybrid (Petrol),1
2024,9,MC LAREN,Petrol,4
2024,9,MERCEDES-AMG,Hybrid (Petrol),3
2024,9,MERCEDES-AMG,PHEV,3
2024,9,MERCEDES-AMG,Petrol,8
2024,9,MERCEDES-BENZ,BEV,198
2024,9,MERCEDES-BENZ,Diesel,210
2024,9,MERCEDES-BENZ,Diesel PHEV,39
2024,9,MERCEDES-BENZ,Hybrid (Diesel),328
2024,9,MERCEDES-BENZ,Hybrid (Petrol),768
2024,9,MERCEDES-BENZ,PHEV,158
2024,9,MERCEDES-BENZ,Petrol,45
2024,9,MG,BEV,11
2024,9,MG,Hybrid (Petrol),35
2024,9,MG,Petrol,24
2024,9,MINI,BEV,127
2024,9,MINI,Hybrid (Petrol),52
2024,9,MINI,Petrol,128
2024,9,MITSUBISHI,Hybrid (Petrol),30
2024,9,MITSUBISHI,PHEV,20
2024,9,MITSUBISHI,Petrol,186
2024,9,NISSAN,BEV,37
2024,9,NISSAN,Diesel,5
2024,9,NISSAN,Hybrid (Petrol),123
2024,9,NISSAN,Petrol,15
2024,9,OPEL,BEV,36
2024,9,OPEL,Diesel,21
2024,9,OPEL,Hybrid (Petrol),19
2024,9,OPEL,PHEV,52
2024,9,OPEL,Petrol,92
2024,9,PEUGEOT,BEV,99
2024,9,PEUGEOT,Diesel,92
2024,9,PEUGEOT,Hybrid (Petrol),185
2024,9,PEUGEOT,PHEV,36
2024,9,PEUGEOT,Petrol,94
2024,9,POLESTAR,BEV,85
2024,9,PORSCHE,BEV,87
2024,9,PORSCHE,Hybrid (Petrol),2
2024,9,PORSCHE,PHEV,42
2024,9,PORSCHE,Petrol,164
2024,9,RENAULT,BEV,173
2024,9,RENAULT,Diesel,12
2024,9,RENAULT,Hybrid (Petrol),362
2024,9,RENAULT,LPG,1
2024,9,RENAULT,Petrol,50
2024,9,ROLLS ROYCE,BEV,1
2024,9,ROLLS ROYCE,Petrol,5
2024,9,SEAT,Diesel,23
2024,9,SEAT,Hybrid (Petrol),25
2024,9,SEAT,PHEV,11
2024,9,SEAT,Petrol,210
2024,9,SKODA,BEV,370
2024,9,SKODA,Diesel,518
2024,9,SKODA,Hybrid (Petrol),148
2024,9,SKODA,PHEV,61
2024,9,SKODA,Petrol,806
2024,9,SMART,BEV,72
2024,9,SSANGYONG,BEV,2
2024,9,SSANGYONG,Diesel,2
2024,9,SSANGYONG,Petrol,15
2024,9,SUBARU,BEV,7
2024,9,SUBARU,Hybrid (Petrol),147
2024,9,SUBARU,Petrol,39
2024,9,SUZUKI,Hybrid (Petrol),382
2024,9,SUZUKI,PHEV,12
2024,9,SUZUKI,Petrol,4
2024,9,TESLA,BEV,1047
2024,9,TOYOTA,BEV,34
2024,9,TOYOTA,Diesel,80
2024,9,TOYOTA,Hybrid (Petrol),688
2024,9,TOYOTA,Hydrogen,1
2024,9,TOYOTA,PHEV,83
2024,9,TOYOTA,Petrol,152
2024,9,UEBRIGE (SIEHE TYP),LPG,1
2024,9,VOLVO,BEV,401
2024,9,VOLVO,Hybrid (Diesel),8
2024,9,VOLVO,Hybrid (Petrol),94
2024,9,VOLVO,PHEV,212
2024,9,VOLVO,Petrol,13
2024,9,VOYAH,BEV,5
2024,9,VW,BEV,319
2024,9,VW,Diesel,436
2024,9,VW,Hybrid (Petrol),218
2024,9,VW,PHEV,156
2024,9,VW,Petrol,912
2024,10,ABARTH,BEV,4
2024,10,AIWAYS,BEV,2
2024,10,ALFA ROMEO,BEV,20
2024,10,ALFA ROMEO,Hybrid (Petrol),5
2024,10,ALFA ROMEO,PHEV,5
2024,10,ALFA ROMEO,Petrol,35
2024,10,ALPINA,Diesel,1
2024,10,ALPINA,Hybrid (Diesel),1
2024,10,ALPINA,Petrol,2
2024,10,ALPINE,BEV,1
2024,10,ALPINE,Petrol,6
2024,10,ASTON MARTIN,Petrol,12
2024,10,AUDI,BEV,480
2024,10,AUDI,Diesel,26
2024,10,AUDI,Hybrid (Diesel),213
2024,10,AUDI,Hybrid (Petrol),211
2024,10,AUDI,PHEV,48
2024,10,AUDI,Petrol,575
2024,10,BENTLEY,Hybrid (Petrol),1
2024,10,BENTLEY,PHEV,5
2024,10,BENTLEY,Petrol,4
2024,10,BMW,BEV,223
2024,10,BMW,Diesel,35
2024,10,BMW,Hybrid (Diesel),504
2024,10,BMW,Hybrid (Petrol),285
2024,10,BMW,PHEV,231
2024,10,BMW,Petrol,366
2024,10,BYD,BEV,6
2024,10,CADILLAC,BEV,7
2024,10,CADILLAC,Petrol,1
2024,10,CATERHAM,Petrol,1
2024,10,CHEVROLET,Petrol,1
2024,10,CHRYSLER,Petrol,1
2024,10,CITROEN,BEV,23
2024,10,CITROEN,Diesel,25
2024,10,CITROEN,Hybrid (Petrol),54
2024,10,CITROEN,PHEV,6
2024,10,CITROEN,Petrol,62
2024,10,CUPRA,BEV,153
2024,10,CUPRA,Hybrid (Petrol),69
2024,10,CUPRA,PHEV,77
2024,10,CUPRA,Petrol,192
2024,10,DACIA,BEV,35
2024,10,DACIA,Diesel,2
2024,10,DACIA,Hybrid (Petrol),389
2024,10,DACIA,Petrol,289
2024,10,DODGE,Petrol,4
2024,10,DS,BEV,1
2024,10,DS,Hybrid (Petrol),4
2024,10,DS,PHEV,22
2024,10,DS,Petrol,1
2024,10,FERRARI,Hybrid (Petrol),17
2024,10,FERRARI,Petrol,18
2024,10,FIAT,BEV,50
2024,10,FIAT,Diesel,2
2024,10,FIAT,Hybrid (Petrol),168
2024,10,FIAT,Petrol,20
2024,10,FISKER,BEV,1
2024,10,FORD,BEV,89
2024,10,FORD,Diesel,60
2024,10,FORD,Hybrid (Petrol),280
2024,10,FORD,PHEV,66
2024,10,FORD,Petrol,52
2024,10,GENESIS,BEV,28
2024,10,GENESIS,Diesel,7
2024,10,GENESIS,Hybrid (Petrol),3
2024,10,GENESIS,Petrol,33
2024,10,HONDA,BEV,8
2024,10,HONDA,Hybrid (Petrol),198
2024,10,HONDA,PHEV,6
2024,10,HONDA,Petrol,7
2024,10,HYUNDAI,BEV,273
2024,10,HYUNDAI,Diesel,2
2024,10,HYUNDAI,Hybrid (Diesel),2
2024,10,HYUNDAI,Hybrid (Petrol),260
2024,10,HYUNDAI,PHEV,41
2024,10,HYUNDAI,Petrol,199
2024,10,INEOS,Diesel,1
2024,10,JAC,BEV,28
2024,10,JAGUAR,BEV,3
2024,10,JAGUAR,Hybrid (Petrol),2
2024,10,JAGUAR,PHEV,9
2024,10,JAGUAR,Petrol,8
2024,10,JEEP,BEV,28
2024,10,JEEP,Hybrid (Petrol),63
2024,10,JEEP,PHEV,16
2024,10,JEEP,Petrol,23
2024,10,KG MOBILITY,Diesel,5
2024,10,KG MOBILITY,Petrol,5
2024,10,KIA,BEV,76
2024,10,KIA,Diesel,15
2024,10,KIA,Hybrid (Petrol),204
2024,10,KIA,PHEV,51
2024,10,KIA,Petrol,161
2024,10,LAMBORGHINI,Hybrid (Petrol),3
2024,10,LAMBORGHINI,Petrol,14
2024,10,LAND ROVER,Hybrid (Diesel),21
2024,10,LAND ROVER,Hybrid (Petrol),26
2024,10,LAND ROVER,PHEV,104
2024,10,LAND ROVER,Petrol,6
2024,10,LEXUS,BEV,3
2024,10,LEXUS,Hybrid (Petrol),59
2024,10,LEXUS,PHEV,15
2024,10,LEXUS,Petrol,2
2024,10,LOTUS,BEV,4
2024,10,LOTUS,Petrol,3
2024,10,LUCID,BEV,5
2024,10,MAN,Diesel,2
2024,10,MASERATI,BEV,5
2024,10,MASERATI,Hybrid (Petrol),5
2024,10,MASERATI,Petrol,9
2024,10,MAXUS,BEV,1
2024,10,MAZDA,BEV,1
2024,10,MAZDA,Hybrid (Diesel),37
2024,10,MAZDA,Hybrid (Petrol),203
2024,10,MAZDA,PHEV,31
2024,10,MAZDA,Petrol,36
2024,10,MERCEDES-AMG,Hybrid (Petrol),2
2024,10,MERCEDES-AMG,PHEV,1
2024,10,MERCEDES-AMG,Petrol,11
2024,10,MERCEDES-BENZ,BEV,159
2024,10,MERCEDES-BENZ,Diesel,284
2024,10,MERCEDES-BENZ,Diesel PHEV,30
2024,10,MERCEDES-BENZ,Hybrid (Diesel),291
2024,10,MERCEDES-BENZ,Hybrid (Petrol),824
2024,10,MERCEDES-BENZ,PHEV,126
2024,10,MERCEDES-BENZ,Petrol,56
2024,10,MG,BEV,15
2024,10,MG,Hybrid (Petrol),63
2024,10,MG,PHEV,6
2024,10,MG,Petrol,20
2024,10,MINI,BEV,75
2024,10,MINI,Hybrid (Petrol),43
2024,10,MINI,Petrol,112
2024,10,MITSUBISHI,Hybrid (Petrol),31
2024,10,MITSUBISHI,PHEV,22
2024,10,MITSUBISHI,Petrol,68
2024,10,NISSAN,BEV,2
2024,10,NISSAN,Diesel,3
2024,10,NISSAN,Hybrid (Petrol),74
2024,10,NISSAN,Petrol,13
2024,10,OPEL,BEV,24
2024,10,OPEL,Diesel,48
2024,10,OPEL,Hybrid (Petrol),20
2024,10,OPEL,PHEV,34
2024,10,OPEL,Petrol,70
2024,10,PEUGEOT,BEV,62
2024,10,PEUGEOT,Diesel,38
2024,10,PEUGEOT,Hybrid (Petrol),209
2024,10,PEUGEOT,PHEV,13
2024,10,PEUGEOT,Petrol,109
2024,10,POLESTAR,BEV,53
2024,10,PORSCHE,BEV,203
2024,10,PORSCHE,PHEV,46
2024,10,PORSCHE,Petrol,143
2024,10,RENAULT,BEV,183
2024,10,RENAULT,Diesel,18
2024,10,RENAULT,Hybrid (Petrol),353
2024,10,RENAULT,PHEV,44
2024,10,RENAULT,Petrol,81
2024,10,ROLLS ROYCE,BEV,3
2024,10,ROLLS ROYCE,Petrol,1
2024,10,SEAT,Diesel,17
2024,10,SEAT,Hybrid (Petrol),10
2024,10,SEAT,PHEV,4
2024,10,SEAT,Petrol,225
2024,10,SKODA,BEV,311
2024,10,SKODA,Diesel,481
2024,10,SKODA,Hybrid (Petrol),120
2024,10,SKODA,PHEV,66
2024,10,SKODA,Petrol,785
2024,10,SMART,BEV,99
2024,10,SSANGYONG,BEV,6
2024,10,SSANGYONG,Diesel,3
2024,10,SSANGYONG,Petrol,8
2024,10,SUBARU,BEV,7
2024,10,SUBARU,Hybrid (Petrol),55
2024,10,SUBARU,Petrol,10
2024,10,SUZUKI,Hybrid (Petrol),353
2024,10,SUZUKI,PHEV,10
2024,10,SUZUKI,Petrol,4
2024,10,TESLA,BEV,259
2024,10,TOYOTA,BEV,29
2024,10,TOYOTA,Diesel,102
2024,10,TOYOTA,Hybrid (Petrol),802
2024,10,TOYOTA,PHEV,77
2024,10,TOYOTA,Petrol,239
2024,10,VOLVO,BEV,251
2024,10,VOLVO,Hybrid (Diesel),10
2024,10,VOLVO,Hybrid (Petrol),165
2024,10,VOLVO,PHEV,304
2024,10,VOLVO,Petrol,3
2024,10,VOYAH,BEV,3
2024,10,VW,BEV,223
2024,10,VW,Diesel,421
2024,10,VW,Hybrid (Petrol),206
2024,10,VW,PHEV,169
2024,10,VW,Petrol,821
2024,11,ABARTH,BEV,1
2024,11,AIWAYS,BEV,2
2024,11,ALFA ROMEO,BEV,14
2024,11,ALFA ROMEO,Diesel,2
2024,11,ALFA ROMEO,Hybrid (Petrol),35
2024,11,ALFA ROMEO,PHEV,16
2024,11,ALFA ROMEO,Petrol,15
2024,11,ALPINA,Diesel,2
2024,11,ALPINA,Petrol,4
2024,11,ALPINE,Petrol,3
2024,11,ASTON MARTIN,Petrol,15
2024,11,AUDI,BEV,553
2024,11,AUDI,Diesel,44
2024,11,AUDI,Hybrid (Diesel),144
2024,11,AUDI,Hybrid (Petrol),200
2024,11,AUDI,PHEV,56
2024,11,AUDI,Petrol,686
2024,11,BENTLEY,PHEV,7
2024,11,BENTLEY,Petrol,2
2024,11,BMW,BEV,240
2024,11,BMW,Diesel,28
2024,11,BMW,Hybrid (Diesel),536
2024,11,BMW,Hybrid (Petrol),345
2024,11,BMW,PHEV,296
2024,11,BMW,Petrol,334
2024,11,BYD,BEV,2
2024,11,CADILLAC,BEV,1
2024,11,CADILLAC,Petrol,2
2024,11,CHEVROLET,Petrol,3
2024,11,CITROEN,BEV,53
2024,11,CITROEN,Diesel,20
2024,11,CITROEN,Hybrid (Petrol),19
2024,11,CITROEN,PHEV,10
2024,11,CITROEN,Petrol,114
2024,11,CUPRA,BEV,172
2024,11,CUPRA,Diesel,1
2024,11,CUPRA,Hybrid (Petrol),87
2024,11,CUPRA,PHEV,69
2024,11,CUPRA,Petrol,225
2024,11,DACIA,BEV,39
2024,11,DACIA,Diesel,2
2024,11,DACIA,Hybrid (Petrol),462
2024,11,DACIA,Petrol,280
2024,11,DODGE,Petrol,8
2024,11,DS,BEV,1
2024,11,DS,Diesel,2
2024,11,DS,Hybrid (Petrol),4
2024,11,DS,PHEV,8
2024,11,DS,Petrol,1
2024,11,FERRARI,Hybrid (Petrol),8
2024,11,FERRARI,Petrol,13
2024,11,FIAT,BEV,25
2024,11,FIAT,Hybrid (Petrol),222
2024,11,FIAT,Petrol,42
2024,11,FORD,BEV,98
2024,11,FORD,Diesel,88
2024,11,FORD,Hybrid (Petrol),282
2024,11,FORD,PHEV,48
2024,11,FORD,Petrol,61
2024,11,GENESIS,BEV,13
2024,11,GENESIS,Diesel,3
2024,11,GENESIS,Petrol,8
2024,11,HONDA,BEV,13
2024,11,HONDA,Hybrid (Petrol),166
2024,11,HONDA,PHEV,4
2024,11,HONDA,Petrol,9
2024,11,HYUNDAI,BEV,287
2024,11,HYUNDAI,Diesel,1
2024,11,HYUNDAI,Hybrid (Petrol),263
2024,11,HYUNDAI,PHEV,49
2024,11,HYUNDAI,Petrol,121
2024,11,INEOS,Diesel,2
2024,11,INEOS,Petrol,1
2024,11,IVECO,Diesel,1
2024,11,JAC,BEV,2
2024,11,JAGUAR,BEV,1
2024,11,JAGUAR,Hybrid (Diesel),1
2024,11,JAGUAR,PHEV,13
2024,11,JAGUAR,Petrol,4
2024,11,JEEP,BEV,10
2024,11,JEEP,Hybrid (Petrol),45
2024,11,JEEP,PHEV,10
2024,11,JEEP,Petrol,15
2024,11,JIAYUAN,BEV,1
2024,11,JUMBOLINO,BEV,2
2024,11,KG MOBILITY,BEV,4
2024,11,KG MOBILITY,Diesel,8
2024,11,KG MOBILITY,Petrol,6
2024,11,KIA,BEV,184
2024,11,KIA,Diesel,10
2024,11,KIA,Hybrid (Petrol),175
2024,11,KIA,PHEV,52
2024,11,KIA,Petrol,113
2024,11,LAMBORGHINI,Hybrid (Petrol),4
2024,11,LAMBORGHINI,Petrol,12
2024,11,LAND ROVER,Hybrid (Diesel),70
2024,11,LAND ROVER,Hybrid (Petrol),31
2024,11,LAND ROVER,PHEV,76
2024,11,LAND ROVER,Petrol,3
2024,11,LEAPMOTOR,BEV,1
2024,11,LEXUS,BEV,15
2024,11,LEXUS,Hybrid (Petrol),51
2024,11,LEXUS,PHEV,10
2024,11,LOTUS,BEV,7
2024,11,LOTUS,Petrol,1
2024,11,LUCID,BEV,3
2024,11,MAN,Diesel,1
2024,11,MASERATI,BEV,4
2024,11,MASERATI,Hybrid (Petrol),10
2024,11,MASERATI,Petrol,12
2024,11,MAZDA,BEV,1
2024,11,MAZDA,Diesel,2
2024,11,MAZDA,Hybrid (Diesel),30
2024,11,MAZDA,Hybrid (Petrol),250
2024,11,MAZDA,PHEV,37
2024,11,MAZDA,Petrol,31
2024,11,MC LAREN,Petrol,1
2024,11,MERCEDES-AMG,PHEV,4
2024,11,MERCEDES-AMG,Petrol,4
2024,11,MERCEDES-BENZ,BEV,126
2024,11,MERCEDES-BENZ,Diesel,240
2024,11,MERCEDES-BENZ,Diesel PHEV,31
2024,11,MERCEDES-BENZ,Hybrid (Diesel),300
2024,11,MERCEDES-BENZ,Hybrid (Petrol),764
2024,11,MERCEDES-BENZ,PHEV,103
2024,11,MERCEDES-BENZ,Petrol,48
2024,11,MG,BEV,13
2024,11,MG,Hybrid (Petrol),63
2024,11,MG,PHEV,1
2024,11,MG,Petrol,22
2024,11,MINI,BEV,126
2024,11,MINI,Hybrid (Petrol),51
2024,11,MINI,Petrol,91
2024,11,MITSUBISHI,Hybrid (Petrol),41
2024,11,MITSUBISHI,PHEV,5
2024,11,MITSUBISHI,Petrol,87
2024,11,NISSAN,BEV,4
2024,11,NISSAN,Diesel,1
2024,11,NISSAN,Hybrid (Petrol),68
2024,11,NISSAN,Petrol,15
2024,11,OPEL,BEV,24
2024,11,OPEL,Diesel,28
2024,11,OPEL,Hybrid (Petrol),46
2024,11,OPEL,PHEV,19
2024,11,OPEL,Petrol,110
2024,11,PEUGEOT,BEV,71
2024,11,PEUGEOT,Diesel,35
2024,11,PEUGEOT,Hybrid (Petrol),279
2024,11,PEUGEOT,PHEV,6
2024,11,PEUGEOT,Petrol,98
2024,11,POLESTAR,BEV,60
2024,11,PORSCHE,BEV,158
2024,11,PORSCHE,Hybrid (Petrol),16
2024,11,PORSCHE,PHEV,53
2024,11,PORSCHE,Petrol,94
2024,11,RENAULT,BEV,222
2024,11,RENAULT,Diesel,36
2024,11,RENAULT,Hybrid (Petrol),503
2024,11,RENAULT,PHEV,32
2024,11,RENAULT,Petrol,92
2024,11,ROLLS ROYCE,BEV,2
2024,11,ROLLS ROYCE,Petrol,4
2024,11,SEAT,Diesel,22
2024,11,SEAT,Hybrid (Petrol),20
2024,11,SEAT,PHEV,6
2024,11,SEAT,Petrol,186
2024,11,SERES,BEV,1
2024,11,SKODA,BEV,412
2024,11,SKODA,Diesel,502
2024,11,SKODA,Hybrid (Petrol),140
2024,11,SKODA,PHEV,83
2024,11,SKODA,Petrol,767
2024,11,SKYWELL,BEV,4
2024,11,SMART,BEV,76
2024,11,SSANGYONG,BEV,4
2024,11,SSANGYONG,Petrol,5
2024,11,SUBARU,BEV,4
2024,11,SUBARU,Hybrid (Petrol),83
2024,11,SUBARU,Petrol,14
2024,11,SUZUKI,Hybrid (Petrol),353
2024,11,SUZUKI,PHEV,24
2024,11,SUZUKI,Petrol,4
2024,11,TESLA,BEV,541
2024,11,TOYOTA,BEV,35
2024,11,TOYOTA,Diesel,60
2024,11,TOYOTA,Hybrid (Petrol),721
2024,11,TOYOTA,Hydrogen,1
2024,11,TOYOTA,PHEV,59
2024,11,TOYOTA,Petrol,183
2024,11,VOLVO,BEV,290
2024,11,VOLVO,Hybrid (Diesel),21
2024,11,VOLVO,Hybrid (Petrol),187
2024,11,VOLVO,PHEV,305
2024,11,VOLVO,Petrol,5
2024,11,VOYAH,BEV,1
2024,11,VW,BEV,279
2024,11,VW,Diesel,370
2024,11,VW,Hybrid (Petrol),267
2024,11,VW,PHEV,117
2024,11,VW,Petrol,1135
2024,12,ABARTH,BEV,8
2024,12,AIWAYS,BEV,1
2024,12,ALFA ROMEO,BEV,13
2024,12,ALFA ROMEO,Diesel,1
2024,12,ALFA ROMEO,Hybrid (Petrol),45
2024,12,ALFA ROMEO,PHEV,4
2024,12,ALFA ROMEO,Petrol,21
2024,12,ALPINA,Diesel,4
2024,12,ALPINA,Hybrid (Diesel),1
2024,12,ALPINA,Petrol,9
2024,12,ALPINE,BEV,7
2024,12,ALPINE,Petrol,17
2024,12,ASTON MARTIN,Hybrid (Petrol),1
2024,12,ASTON MARTIN,Petrol,18
2024,12,AUDI,BEV,630
2024,12,AUDI,Diesel,33
2024,12,AUDI,Hybrid (Diesel),126
2024,12,AUDI,Hybrid (Petrol),219
2024,12,AUDI,PHEV,108
2024,12,AUDI,Petrol,1053
2024,12,BENTLEY,PHEV,7
2024,12,BENTLEY,Petrol,2
2024,12,BMW,BEV,245
2024,12,BMW,Diesel,23
2024,12,BMW,Hybrid (Diesel),614
2024,12,BMW,Hybrid (Petrol),428
2024,12,BMW,PHEV,266
2024,12,BMW,Petrol,437
2024,12,BYD,BEV,6
2024,12,CADILLAC,BEV,24
2024,12,CADILLAC,Petrol,13
2024,12,CATERHAM,Petrol,3
2024,12,CHEVROLET,Petrol,11
2024,12,CHRYSLER,Petrol,5
2024,12,CITROEN,BEV,30
2024,12,CITROEN,Diesel,25
2024,12,CITROEN,Hybrid (Petrol),11
2024,12,CITROEN,PHEV,1
2024,12,CITROEN,Petrol,47
2024,12,CUPRA,BEV,410
2024,12,CUPRA,Diesel,1
2024,12,CUPRA,Hybrid (Petrol),103
2024,12,CUPRA,PHEV,125
2024,12,CUPRA,Petrol,377
2024,12,DACIA,BEV,36
2024,12,DACIA,Hybrid (Petrol),306
2024,12,DACIA,LPG,2
2024,12,DACIA,Petrol,221
2024,12,DODGE,Petrol,87
2024,12,DS,Hybrid (Petrol),3
2024,12,DS,PHEV,8
2024,12,DS,Petrol,2
2024,12,FERRARI,Hybrid (Petrol),15
2024,12,FERRARI,Petrol,7
2024,12,FIAT,BEV,36
2024,12,FIAT,Diesel,1
2024,12,FIAT,Hybrid (Petrol),98
2024,12,FIAT,Petrol,45
2024,12,FORD,BEV,115
2024,12,FORD,Diesel,71
2024,12,FORD,Hybrid (Petrol),214
2024,12,FORD,PHEV,47
2024,12,FORD,Petrol,41
2024,12,GENESIS,BEV,10
2024,12,GENESIS,Diesel,1
2024,12,GENESIS,Petrol,3
2024,12,HONDA,BEV,3
2024,12,HONDA,Hybrid (Petrol),344
2024,12,HONDA,PHEV,6
2024,12,HONDA,Petrol,16
2024,12,HYUNDAI,BEV,334
2024,12,HYUNDAI,Hybrid (Petrol),412
2024,12,HYUNDAI,Hydrogen,1
2024,12,HYUNDAI,PHEV,57
2024,12,HYUNDAI,Petrol,158
2024,12,INEOS,Diesel,7
2024,12,INEOS,Petrol,8
2024,12,JAC,BEV,16
2024,12,JAGUAR,BEV,1
2024,12,JAGUAR,Hybrid (Petrol),5
2024,12,JAGUAR,PHEV,23
2024,12,JAGUAR,Petrol,9
2024,12,JEEP,BEV,7
2024,12,JEEP,Hybrid (Petrol),66
2024,12,JEEP,PHEV,4
2024,12,JEEP,Petrol,66
2024,12,JUMBOLINO,BEV,1
2024,12,KG MOBILITY,Diesel,34
2024,12,KG MOBILITY,Petrol,4
2024,12,KIA,BEV,179
2024,12,KIA,Diesel,15
2024,12,KIA,Hybrid (Petrol),227
2024,12,KIA,PHEV,56
2024,12,KIA,Petrol,122
2024,12,KLINGLER,BEV,1
2024,12,LAMBORGHINI,Hybrid (Petrol),1
2024,12,LAMBORGHINI,Petrol,8
2024,12,LAND ROVER,Hybrid (Diesel),65
2024,12,LAND ROVER,Hybrid (Petrol),39
2024,12,LAND ROVER,PHEV,97
2024,12,LAND ROVER,Petrol,6
2024,12,LEAPMOTOR,BEV,5
2024,12,LEXUS,BEV,4
2024,12,LEXUS,Hybrid (Petrol),85
2024,12,LEXUS,PHEV,6
2024,12,LEXUS,Petrol,1
2024,12,LOTUS,BEV,10
2024,12,LOTUS,Petrol,1
2024,12,LUCID,BEV,6
2024,12,MAN,Diesel,1
2024,12,MASERATI,BEV,9
2024,12,MASERATI,Hybrid (Petrol),51
2024,12,MASERATI,Petrol,43
2024,12,MAXUS,BEV,2
2024,12,MAZDA,Diesel,2
2024,12,MAZDA,Hybrid (Diesel),66
2024,12,MAZDA,Hybrid (Petrol),267
2024,12,MAZDA,PHEV,38
2024,12,MAZDA,Petrol,35
2024,12,MC LAREN,Hybrid (Petrol),1
2024,12,MC LAREN,Petrol,2
2024,12,MERCEDES-AMG,Hybrid (Petrol),1
2024,12,MERCEDES-AMG,PHEV,3
2024,12,MERCEDES-AMG,Petrol,14
2024,12,MERCEDES-BENZ,BEV,213
2024,12,MERCEDES-BENZ,Diesel,594
2024,12,MERCEDES-BENZ,Diesel PHEV,24
2024,12,MERCEDES-BENZ,Hybrid (Diesel),380
2024,12,MERCEDES-BENZ,Hybrid (Petrol),1027
2024,12,MERCEDES-BENZ,PHEV,171
2024,12,MERCEDES-BENZ,Petrol,44
2024,12,MG,BEV,33
2024,12,MG,Hybrid (Petrol),82
2024,12,MG,PHEV,30
2024,12,MG,Petrol,19
2024,12,MINI,BEV,114
2024,12,MINI,Hybrid (Petrol),48
2024,12,MINI,Petrol,137
2024,12,MITSUBISHI,Hybrid (Petrol),85
2024,12,MITSUBISHI,PHEV,42
2024,12,MITSUBISHI,Petrol,180
2024,12,NISSAN,BEV,9
2024,12,NISSAN,Diesel,3
2024,12,NISSAN,Hybrid (Petrol),149
2024,12,NISSAN,Petrol,20
2024,12,OPEL,BEV,47
2024,12,OPEL,Diesel,29
2024,12,OPEL,Hybrid (Petrol),102
2024,12,OPEL,PHEV,7
2024,12,OPEL,Petrol,76
2024,12,PAGANI,Petrol,2
2024,12,PEUGEOT,BEV,55
2024,12,PEUGEOT,Diesel,24
2024,12,PEUGEOT,Hybrid (Petrol),209
2024,12,PEUGEOT,PHEV,1
2024,12,PEUGEOT,Petrol,54
2024,12,POLESTAR,BEV,82
2024,12,PORSCHE,BEV,120
2024,12,PORSCHE,Diesel,1
2024,12,PORSCHE,Hybrid (Petrol),24
2024,12,PORSCHE,PHEV,37
2024,12,PORSCHE,Petrol,69
2024,12,RENAULT,BEV,467
2024,12,RENAULT,Diesel,24
2024,12,RENAULT,Hybrid (Petrol),510
2024,12,RENAULT,PHEV,20
2024,12,RENAULT,Petrol,83
2024,12,ROLLS ROYCE,BEV,1
2024,12,ROLLS ROYCE,Petrol,4
2024,12,SEAT,Diesel,24
2024,12,SEAT,Hybrid (Petrol),29
2024,12,SEAT,PHEV,7
2024,12,SEAT,Petrol,214
2024,12,SKODA,BEV,317
2024,12,SKODA,Diesel,457
2024,12,SKODA,Hybrid (Petrol),175
2024,12,SKODA,PHEV,187
2024,12,SKODA,Petrol,756
2024,12,SKYWELL,BEV,6
2024,12,SMART,BEV,72
2024,12,SSANGYONG,Diesel,3
2024,12,SSANGYONG,Petrol,12
2024,12,STIMBO,BEV,1
2024,12,SUBARU,BEV,3
2024,12,SUBARU,Hybrid (Petrol),290
2024,12,SUBARU,Petrol,31
2024,12,SUZUKI,Hybrid (Petrol),437
2024,12,SUZUKI,PHEV,6
2024,12,SUZUKI,Petrol,7
2024,12,TESLA,BEV,868
2024,12,TOYOTA,BEV,19
2024,12,TOYOTA,Diesel,245
2024,12,TOYOTA,Hybrid (Petrol),813
2024,12,TOYOTA,PHEV,59
2024,12,TOYOTA,Petrol,241
2024,12,UEBRIGE (SIEHE TYP),BEV,1
2024,12,VOLVO,BEV,435
2024,12,VOLVO,Hybrid (Diesel),25
2024,12,VOLVO,Hybrid (Petrol),244
2024,12,VOLVO,PHEV,503
2024,12,VOLVO,Petrol,16
2024,12,VOYAH,BEV,2
2024,12,VW,BEV,516
2024,12,VW,Diesel,584
2024,12,VW,Hybrid (Petrol),347
2024,12,VW,PHEV,228
2024,12,VW,Petrol,1402
2025,1,ABARTH,BEV,1
2025,1,AIWAYS,BEV,1
2025,1,ALFA ROMEO,BEV,5
2025,1,ALFA ROMEO,Diesel,1
2025,1,ALFA ROMEO,Hybrid (Petrol),55
2025,1,ALFA ROMEO,Petrol,8
2025,1,ALPINA,Petrol,4
2025,1,ALPINE,BEV,11
2025,1,ALPINE,Petrol,8
2025,1,ASTON MARTIN,Petrol,17
2025,1,AUDI,BEV,291
2025,1,AUDI,Diesel,9
2025,1,AUDI,Hybrid (Diesel),112
2025,1,AUDI,Hybrid (Petrol),196
2025,1,AUDI,PHEV,15
2025,1,AUDI,Petrol,443
2025,1,BENTLEY,PHEV,6
2025,1,BENTLEY,Petrol,3
2025,1,BMW,BEV,299
2025,1,BMW,Diesel,26
2025,1,BMW,Hybrid (Diesel),503
2025,1,BMW,Hybrid (Petrol),366
2025,1,BMW,PHEV,325
2025,1,BMW,Petrol,226
2025,1,BYD,BEV,7
2025,1,CADILLAC,BEV,7
2025,1,CITROEN,BEV,56
2025,1,CITROEN,Diesel,20
2025,1,CITROEN,Hybrid (Petrol),46
2025,1,CITROEN,PHEV,6
2025,1,CITROEN,Petrol,63
2025,1,CUPRA,BEV,61
2025,1,CUPRA,Diesel,1
2025,1,CUPRA,Hybrid (Petrol),61
2025,1,CUPRA,PHEV,36
2025,1,CUPRA,Petrol,259
2025,1,DACIA,BEV,62
2025,1,DACIA,Diesel,2
2025,1,DACIA,Hybrid (Petrol),200
2025,1,DACIA,LPG,1
2025,1,DACIA,Petrol,270
2025,1,DODGE,Petrol,1
2025,1,DS,Hybrid (Petrol),10
2025,1,DS,PHEV,14
2025,1,DS,Petrol,1
2025,1,FERRARI,Hybrid (Petrol),10
2025,1,FERRARI,Petrol,21
2025,1,FIAT,BEV,22
2025,1,FIAT,Diesel,1
2025,1,FIAT,Hybrid (Petrol),52
2025,1,FIAT,Petrol,6
2025,1,FORD,BEV,46
2025,1,FORD,Diesel,79
2025,1,FORD,Hybrid (Petrol),245
2025,1,FORD,PHEV,54
2025,1,FORD,Petrol,61
2025,1,GENESIS,BEV,14
2025,1,GENESIS,Petrol,2
2025,1,HONDA,BEV,4
2025,1,HONDA,Hybrid (Petrol),103
2025,1,HONDA,PHEV,1
2025,1,HONDA,Petrol,5
2025,1,HYUNDAI,BEV,147
2025,1,HYUNDAI,Diesel,1
2025,1,HYUNDAI,Hybrid (Petrol),290
2025,1,HYUNDAI,PHEV,40
2025,1,HYUNDAI,Petrol,177
2025,1,JAC,BEV,1
2025,1,JAGUAR,BEV,2
2025,1,JAGUAR,Hybrid (Diesel),3
2025,1,JAGUAR,Hybrid (Petrol),1
2025,1,JAGUAR,PHEV,12
2025,1,JAGUAR,Petrol,3
2025,1,JEEP,BEV,3
2025,1,JEEP,Hybrid (Petrol),58
2025,1,JEEP,PHEV,5
2025,1,JEEP,Petrol,4
2025,1,KG MOBILITY,BEV,2
2025,1,KG MOBILITY,Diesel,4
2025,1,KG MOBILITY,Petrol,7
2025,1,KIA,BEV,161
2025,1,KIA,Diesel,42
2025,1,KIA,Hybrid (Petrol),136
2025,1,KIA,PHEV,23
2025,1,KIA,Petrol,100
2025,1,LAMBORGHINI,Hybrid (Petrol),5
2025,1,LAMBORGHINI,Petrol,27
2025,1,LAND ROVER,Diesel,1
2025,1,LAND ROVER,Hybrid (Diesel),43
2025,1,LAND ROVER,Hybrid (Petrol),36
2025,1,LAND ROVER,PHEV,83
2025,1,LAND ROVER,Petrol,4
2025,1,LEAPMOTOR,BEV,41
2025,1,LEXUS,BEV,11
2025,1,LEXUS,Hybrid (Petrol),30
2025,1,LEXUS,PHEV,7
2025,1,LOTUS,BEV,5
2025,1,LUCID,BEV,2
2025,1,MAN,Diesel,4
2025,1,MASERATI,BEV,1
2025,1,MASERATI,Petrol,5
2025,1,MAXUS,BEV,1
2025,1,MAZDA,Diesel,2
2025,1,MAZDA,Hybrid (Diesel),26
2025,1,MAZDA,Hybrid (Petrol),175
2025,1,MAZDA,PHEV,19
2025,1,MAZDA,Petrol,31
2025,1,MC LAREN,Hybrid (Petrol),4
2025,1,MERCEDES-AMG,Hybrid (Petrol),1
2025,1,MERCEDES-AMG,PHEV,3
2025,1,MERCEDES-AMG,Petrol,10
2025,1,MERCEDES-BENZ,BEV,74
2025,1,MERCEDES-BENZ,Diesel,214
2025,1,MERCEDES-BENZ,Diesel PHEV,16
2025,1,MERCEDES-BENZ,Hybrid (Diesel),230
2025,1,MERCEDES-BENZ,Hybrid (Petrol),442
2025,1,MERCEDES-BENZ,PHEV,88
2025,1,MERCEDES-BENZ,Petrol,31
2025,1,MG,BEV,37
2025,1,MG,Hybrid (Petrol),47
2025,1,MG,PHEV,18
2025,1,MG,Petrol,11
2025,1,MINI,BEV,77
2025,1,MINI,Hybrid (Petrol),24
2025,1,MINI,Petrol,97
2025,1,MITSUBISHI,Hybrid (Petrol),32
2025,1,MITSUBISHI,PHEV,5
2025,1,MITSUBISHI,Petrol,38
2025,1,NIO,BEV,1
2025,1,NISSAN,BEV,27
2025,1,NISSAN,Diesel,6
2025,1,NISSAN,Hybrid (Petrol),89
2025,1,NISSAN,Petrol,14
2025,1,OPEL,BEV,50
2025,1,OPEL,Diesel,33
2025,1,OPEL,Hybrid (Petrol),117
2025,1,OPEL,PHEV,1
2025,1,OPEL,Petrol,25
2025,1,PEUGEOT,BEV,136
2025,1,PEUGEOT,Diesel,21
2025,1,PEUGEOT,Hybrid (Petrol),280
2025,1,PEUGEOT,PHEV,6
2025,1,PEUGEOT,Petrol,29
2025,1,POLESTAR,BEV,51
2025,1,PORSCHE,BEV,152
2025,1,PORSCHE,Hybrid (Petrol),66
2025,1,PORSCHE,PHEV,94
2025,1,PORSCHE,Petrol,162
2025,1,RENAULT,BEV,189
2025,1,RENAULT,Diesel,2
2025,1,RENAULT,Hybrid (Petrol),289
2025,1,RENAULT,PHEV,4
2025,1,RENAULT,Petrol,54
2025,1,ROLLS ROYCE,BEV,2
2025,1,ROLLS ROYCE,Petrol,5
2025,1,SEAT,Diesel,7
2025,1,SEAT,Hybrid (Petrol),20
2025,1,SEAT,PHEV,1
2025,1,SEAT,Petrol,264
2025,1,SKODA,BEV,143
2025,1,SKODA,Diesel,371
2025,1,SKODA,Hybrid (Petrol),99
2025,1,SKODA,PHEV,27
2025,1,SKODA,Petrol,719
2025,1,SKYWELL,BEV,1
2025,1,SMART,BEV,60
2025,1,SSANGYONG,BEV,1
2025,1,SSANGYONG,Diesel,1
2025,1,SSANGYONG,Petrol,5
2025,1,SUBARU,BEV,3
2025,1,SUBARU,Hybrid (Petrol),58
2025,1,SUBARU,Petrol,7
2025,1,SUZUKI,Hybrid (Petrol),219
2025,1,SUZUKI,PHEV,2
2025,1,TESLA,BEV,240
2025,1,TOYOTA,BEV,68
2025,1,TOYOTA,Diesel,98
2025,1,TOYOTA,Hybrid (Petrol),468
2025,1,TOYOTA,Hydrogen,1
2025,1,TOYOTA,PHEV,84
2025,1,TOYOTA,Petrol,88
2025,1,VOLVO,BEV,178
2025,1,VOLVO,Hybrid (Diesel),9
2025,1,VOLVO,Hybrid (Petrol),99
2025,1,VOLVO,PHEV,240
2025,1,VOLVO,Petrol,2
2025,1,VW,BEV,196
2025,1,VW,Diesel,290
2025,1,VW,Hybrid (Petrol),229
2025,1,VW,PHEV,90
2025,1,VW,Petrol,568
2025,1,ZEEKR,BEV,1
2025,2,ABARTH,BEV,1
2025,2,AIWAYS,BEV,1
2025,2,ALFA ROMEO,BEV,3
2025,2,ALFA ROMEO,Diesel,1
2025,2,ALFA ROMEO,Hybrid (Petrol),63
2025,2,ALFA ROMEO,PHEV,1
2025,2,ALFA ROMEO,Petrol,17
2025,2,ALPINA,Diesel,2
2025,2,ALPINA,Petrol,4
2025,2,ALPINE,BEV,12
2025,2,ALPINE,Petrol,7
2025,2,ASTON MARTIN,Petrol,13
2025,2,AUDI,BEV,285
2025,2,AUDI,Diesel,21
2025,2,AUDI,Hybrid (Diesel),99
2025,2,AUDI,Hybrid (Petrol),143
2025,2,AUDI,PHEV,18
2025,2,AUDI,Petrol,661
2025,2,BENTLEY,PHEV,6
2025,2,BENTLEY,Petrol,3
2025,2,BMW,BEV,275
2025,2,BMW,Diesel,42
2025,2,BMW,Hybrid (Diesel),303
2025,2,BMW,Hybrid (Petrol),325
2025,2,BMW,PHEV,280
2025,2,BMW,Petrol,228
2025,2,BYD,BEV,7
2025,2,BYD,PHEV,2
2025,2,CADILLAC,BEV,5
2025,2,CADILLAC,Petrol,2
2025,2,CITROEN,BEV,28
2025,2,CITROEN,Diesel,29
2025,2,CITROEN,Hybrid (Petrol),19
2025,2,CITROEN,PHEV,1
2025,2,CITROEN,Petrol,76
2025,2,CUPRA,BEV,106
2025,2,CUPRA,Hybrid (Petrol),90
2025,2,CUPRA,PHEV,43
2025,2,CUPRA,Petrol,253
2025,2,DACIA,BEV,37
2025,2,DACIA,Hybrid (Petrol),315
2025,2,DACIA,LPG,1
2025,2,DACIA,Petrol,278
2025,2,DONGFENG,BEV,3
2025,2,DS,BEV,1
2025,2,DS,Hybrid (Petrol),6
2025,2,DS,PHEV,10
2025,2,DS,Petrol,3
2025,2,FERRARI,Hybrid (Petrol),18
2025,2,FERRARI,Petrol,14
2025,2,FIAT,BEV,11
2025,2,FIAT,Diesel,2
2025,2,FIAT,Hybrid (Petrol),67
2025,2,FIAT,Petrol,3
2025,2,FORD,BEV,51
2025,2,FORD,Diesel,87
2025,2,FORD,Hybrid (Petrol),254
2025,2,FORD,PHEV,58
2025,2,FORD,Petrol,60
2025,2,GENESIS,BEV,15
2025,2,GENESIS,Diesel,1
2025,2,HONDA,BEV,5
2025,2,HONDA,Hybrid (Petrol),138
2025,2,HONDA,PHEV,4
2025,2,HONDA,Petrol,16
2025,2,HYUNDAI,BEV,228
2025,2,HYUNDAI,Diesel,1
2025,2,HYUNDAI,Hybrid (Petrol),287
2025,2,HYUNDAI,PHEV,50
2025,2,HYUNDAI,Petrol,207
2025,2,JAC,BEV,1
2025,2,JAGUAR,Diesel,1
2025,2,JAGUAR,PHEV,11
2025,2,JAGUAR,Petrol,5
2025,2,JEEP,BEV,3
2025,2,JEEP,Hybrid (Petrol),52
2025,2,JEEP,PHEV,7
2025,2,JEEP,Petrol,9
2025,2,JUMBOLINO,BEV,1
2025,2,KG MOBILITY,BEV,3
2025,2,KG MOBILITY,Diesel,3
2025,2,KG MOBILITY,Petrol,4
2025,2,KIA,BEV,108
2025,2,KIA,Diesel,21
2025,2,KIA,Hybrid (Petrol),219
2025,2,KIA,PHEV,59
2025,2,KIA,Petrol,120
2025,2,LAMBORGHINI,Hybrid (Petrol),17
2025,2,LAMBORGHINI,Petrol,21
2025,2,LAND ROVER,Hybrid (Diesel),44
2025,2,LAND ROVER,Hybrid (Petrol),27
2025,2,LAND ROVER,PHEV,95
2025,2,LAND ROVER,Petrol,5
2025,2,LEAPMOTOR,BEV,46
2025,2,LEXUS,BEV,5
2025,2,LEXUS,Hybrid (Petrol),52
2025,2,LEXUS,PHEV,13
2025,2,LOTUS,BEV,3
2025,2,LOTUS,Petrol,2
2025,2,LUCID,BEV,10
2025,2,MAN,Diesel,2
2025,2,MASERATI,Hybrid (Petrol),2
2025,2,MASERATI,Petrol,6
2025,2,MAZDA,Diesel,1
2025,2,MAZDA,Hybrid (Diesel),17
2025,2,MAZDA,Hybrid (Petrol),188
2025,2,MAZDA,PHEV,14
2025,2,MAZDA,Petrol,30
2025,2,MC LAREN,Petrol,4
2025,2,MERCEDES-AMG,PHEV,2
2025,2,MERCEDES-AMG,Petrol,8
2025,2,MERCEDES-BENZ,BEV,68
2025,2,MERCEDES-BENZ,Diesel,166
2025,2,MERCEDES-BENZ,Diesel PHEV,26
2025,2,MERCEDES-BENZ,Hybrid (Diesel),231
2025,2,MERCEDES-BENZ,Hybrid (Petrol),543
2025,2,MERCEDES-BENZ,PHEV,116
2025,2,MERCEDES-BENZ,Petrol,18
2025,2,MG,BEV,24
2025,2,MG,Hybrid (Petrol),82
2025,2,MG,PHEV,17
2025,2,MG,Petrol,23
2025,2,MINI,BEV,103
2025,2,MINI,Hybrid (Petrol),39
2025,2,MINI,Petrol,163
2025,2,MITSUBISHI,Hybrid (Petrol),34
2025,2,MITSUBISHI,LPG,1
2025,2,MITSUBISHI,PHEV,11
2025,2,MITSUBISHI,Petrol,49
2025,2,MORGAN,Petrol,1
2025,2,NISSAN,BEV,194
2025,2,NISSAN,Diesel,11
2025,2,NISSAN,Hybrid (Petrol),242
2025,2,NISSAN,Petrol,27
2025,2,OPEL,BEV,52
2025,2,OPEL,Diesel,22
2025,2,OPEL,Hybrid (Petrol),54
2025,2,OPEL,PHEV,7
2025,2,OPEL,Petrol,56
2025,2,PEUGEOT,BEV,80
2025,2,PEUGEOT,Diesel,36
2025,2,PEUGEOT,Hybrid (Petrol),261
2025,2,PEUGEOT,PHEV,6
2025,2,PEUGEOT,Petrol,16
2025,2,POLESTAR,BEV,91
2025,2,PORSCHE,BEV,126
2025,2,PORSCHE,Hybrid (Petrol),49
2025,2,PORSCHE,PHEV,71
2025,2,PORSCHE,Petrol,101
2025,2,RENAULT,BEV,281
2025,2,RENAULT,Diesel,6
2025,2,RENAULT,Hybrid (Petrol),432
2025,2,RENAULT,PHEV,58
2025,2,RENAULT,Petrol,55
2025,2,ROLLS ROYCE,Petrol,3
2025,2,SEAT,Diesel,11
2025,2,SEAT,Hybrid (Petrol),6
2025,2,SEAT,Petrol,118
2025,2,SKODA,BEV,291
2025,2,SKODA,Diesel,382
2025,2,SKODA,Hybrid (Petrol),114
2025,2,SKODA,PHEV,47
2025,2,SKODA,Petrol,695
2025,2,SKYWELL,BEV,1
2025,2,SMART,BEV,42
2025,2,SSANGYONG,BEV,1
2025,2,SSANGYONG,Petrol,6
2025,2,SUBARU,BEV,5
2025,2,SUBARU,Hybrid (Petrol),82
2025,2,SUBARU,Petrol,17
2025,2,SUZUKI,Hybrid (Petrol),311
2025,2,SUZUKI,PHEV,2
2025,2,SUZUKI,Petrol,1
2025,2,TESLA,BEV,342
2025,2,TOYOTA,BEV,59
2025,2,TOYOTA,Diesel,89
2025,2,TOYOTA,Hybrid (Petrol),466
2025,2,TOYOTA,Hydrogen,1
2025,2,TOYOTA,PHEV,72
2025,2,TOYOTA,Petrol,102
2025,2,VOLVO,BEV,180
2025,2,VOLVO,Hybrid (Diesel),5
2025,2,VOLVO,Hybrid (Petrol),125
2025,2,VOLVO,PHEV,246
2025,2,VOLVO,Petrol,3
2025,2,VOYAH,BEV,3
2025,2,VW,BEV,231
2025,2,VW,Diesel,341
2025,2,VW,Hybrid (Petrol),235
2025,2,VW,PHEV,81
2025,2,VW,Petrol,574
2025,3,ABARTH,BEV,1
2025,3,ALFA ROMEO,BEV,16
2025,3,ALFA ROMEO,Diesel,2
2025,3,ALFA ROMEO,Hybrid (Petrol),49
2025,3,ALFA ROMEO,PHEV,2
2025,3,ALFA ROMEO,Petrol,28
2025,3,ALPINA,Hybrid (Diesel),1
2025,3,ALPINA,Petrol,2
2025,3,ALPINE,BEV,11
2025,3,ALPINE,Petrol,6
2025,3,ASTON MARTIN,Petrol,17
2025,3,AUDI,BEV,467
2025,3,AUDI,Diesel,22
2025,3,AUDI,Hybrid (Diesel),152
2025,3,AUDI,Hybrid (Petrol),232
2025,3,AUDI,PHEV,35
2025,3,AUDI,Petrol,745
2025,3,BENTLEY,PHEV,6
2025,3,BENTLEY,Petrol,2
2025,3,BMW,BEV,340
2025,3,BMW,Diesel,21
2025,3,BMW,Hybrid (Diesel),398
2025,3,BMW,Hybrid (Petrol),416
2025,3,BMW,PHEV,356
2025,3,BMW,Petrol,330
2025,3,BYD,BEV,41
2025,3,BYD,PHEV,16
2025,3,CADILLAC,BEV,8
2025,3,CADILLAC,Petrol,2
2025,3,CATERHAM,Petrol,1
2025,3,CITROEN,BEV,82
2025,3,CITROEN,Diesel,38
2025,3,CITROEN,Hybrid (Petrol),19
2025,3,CITROEN,PHEV,4
2025,3,CITROEN,Petrol,66
2025,3,CUPRA,BEV,147
2025,3,CUPRA,Diesel,1
2025,3,CUPRA,Hybrid (Petrol),99
2025,3,CUPRA,PHEV,66
2025,3,CUPRA,Petrol,291
2025,3,DACIA,BEV,33
2025,3,DACIA,Hybrid (Petrol),511
2025,3,DACIA,Petrol,219
2025,3,DALLARA,Petrol,1
2025,3,DS,Hybrid (Petrol),12
2025,3,DS,PHEV,3
2025,3,FERRARI,Hybrid (Petrol),19
2025,3,FERRARI,Petrol,29
2025,3,FIAT,BEV,50
2025,3,FIAT,Hybrid (Petrol),82
2025,3,FIAT,Petrol,4
2025,3,FORD,BEV,67
2025,3,FORD,Diesel,112
2025,3,FORD,Hybrid (Petrol),247
2025,3,FORD,PHEV,69
2025,3,FORD,Petrol,85
2025,3,GENESIS,BEV,17
2025,3,GENESIS,Hybrid (Petrol),1
2025,3,GENESIS,Petrol,2
2025,3,HONDA,BEV,9
2025,3,HONDA,Hybrid (Petrol),174
2025,3,HONDA,PHEV,14
2025,3,HONDA,Petrol,28
2025,3,HYUNDAI,BEV,292
2025,3,HYUNDAI,Diesel,1
2025,3,HYUNDAI,Hybrid (Diesel),1
2025,3,HYUNDAI,Hybrid (Petrol),383
2025,3,HYUNDAI,PHEV,62
2025,3,HYUNDAI,Petrol,215
2025,3,JAC,BEV,4
2025,3,JAGUAR,BEV,7
2025,3,JAGUAR,Diesel,1
2025,3,JAGUAR,Hybrid (Diesel),2
2025,3,JAGUAR,Hybrid (Petrol),2
2025,3,JAGUAR,PHEV,8
2025,3,JAGUAR,Petrol,3
2025,3,JEEP,BEV,5
2025,3,JEEP,Hybrid (Petrol),53
2025,3,JEEP,PHEV,3
2025,3,JEEP,Petrol,16
2025,3,KG MOBILITY,BEV,3
2025,3,KG MOBILITY,Diesel,10
2025,3,KG MOBILITY,Petrol,19
2025,3,KIA,BEV,119
2025,3,KIA,Diesel,12
2025,3,KIA,Hybrid (Petrol),228
2025,3,KIA,PHEV,53
2025,3,KIA,Petrol,155
2025,3,KTM,Petrol,1
2025,3,LAMBORGHINI,Hybrid (Petrol),12
2025,3,LAMBORGHINI,Petrol,20
2025,3,LANCIA,Hybrid (Petrol),7
2025,3,LAND ROVER,Hybrid (Diesel),65
2025,3,LAND ROVER,Hybrid (Petrol),46
2025,3,LAND ROVER,PHEV,103
2025,3,LAND ROVER,Petrol,22
2025,3,LEAPMOTOR,BEV,34
2025,3,LEXUS,BEV,9
2025,3,LEXUS,Hybrid (Petrol),40
2025,3,LEXUS,PHEV,12
2025,3,LOTUS,BEV,3
2025,3,LOTUS,Petrol,5
2025,3,LUCID,BEV,3
2025,3,MAN,Diesel,8
2025,3,MASERATI,BEV,1
2025,3,MASERATI,Hybrid (Petrol),7
2025,3,MASERATI,Petrol,7
2025,3,MAXUS,BEV,1
2025,3,MAZDA,Diesel,2
2025,3,MAZDA,Hybrid (Diesel),59
2025,3,MAZDA,Hybrid (Petrol),269
2025,3,MAZDA,PHEV,46
2025,3,MAZDA,Petrol,39
2025,3,MC LAREN,Petrol,2
2025,3,MERCEDES-AMG,Hybrid (Petrol),3
2025,3,MERCEDES-AMG,PHEV,5
2025,3,MERCEDES-AMG,Petrol,14
2025,3,MERCEDES-BENZ,BEV,158
2025,3,MERCEDES-BENZ,Diesel,193
2025,3,MERCEDES-BENZ,Diesel PHEV,44
2025,3,MERCEDES-BENZ,Hybrid (Diesel),306
2025,3,MERCEDES-BENZ,Hybrid (Petrol),717
2025,3,MERCEDES-BENZ,PHEV,256
2025,3,MERCEDES-BENZ,Petrol,26
2025,3,MG,BEV,53
2025,3,MG,Hybrid (Petrol),198
2025,3,MG,PHEV,18
2025,3,MG,Petrol,50
2025,3,MINI,BEV,114
2025,3,MINI,Hybrid (Petrol),51
2025,3,MINI,Petrol,238
2025,3,MITSUBISHI,Hybrid (Petrol),48
2025,3,MITSUBISHI,PHEV,84
2025,3,MITSUBISHI,Petrol,118
2025,3,MORGAN,Petrol,1
2025,3,NISSAN,BEV,78
2025,3,NISSAN,Diesel,43
2025,3,NISSAN,Hybrid (Petrol),851
2025,3,NISSAN,Petrol,106
2025,3,OPEL,BEV,54
2025,3,OPEL,Diesel,54
2025,3,OPEL,Hybrid (Petrol),69
2025,3,OPEL,PHEV,13
2025,3,OPEL,Petrol,67
2025,3,PEUGEOT,BEV,110
2025,3,PEUGEOT,Diesel,50
2025,3,PEUGEOT,Hybrid (Petrol),334
2025,3,PEUGEOT,PHEV,4
2025,3,PEUGEOT,Petrol,23
2025,3,POLESTAR,BEV,108
2025,3,PORSCHE,BEV,161
2025,3,PORSCHE,Hybrid (Petrol),69
2025,3,PORSCHE,PHEV,72
2025,3,PORSCHE,Petrol,184
2025,3,RENAULT,BEV,266
2025,3,RENAULT,Diesel,11
2025,3,RENAULT,Hybrid (Petrol),452
2025,3,RENAULT,PHEV,61
2025,3,RENAULT,Petrol,107
2025,3,ROLLS ROYCE,BEV,2
2025,3,ROLLS ROYCE,Petrol,2
2025,3,SEAT,Diesel,20
2025,3,SEAT,Hybrid (Petrol),14
2025,3,SEAT,PHEV,1
2025,3,SEAT,Petrol,175
2025,3,SERES,BEV,5
2025,3,SKODA,BEV,341
2025,3,SKODA,Diesel,431
2025,3,SKODA,Hybrid (Petrol),138
2025,3,SKODA,PHEV,72
2025,3,SKODA,Petrol,844
2025,3,SMART,BEV,33
2025,3,SSANGYONG,BEV,5
2025,3,SSANGYONG,Diesel,2
2025,3,SSANGYONG,Petrol,19
2025,3,SUBARU,BEV,2
2025,3,SUBARU,Hybrid (Petrol),90
2025,3,SUBARU,Petrol,27
2025,3,SUZUKI,Hybrid (Petrol),387
2025,3,SUZUKI,PHEV,1
2025,3,TESLA,BEV,672
2025,3,TOYOTA,BEV,50
2025,3,TOYOTA,Diesel,61
2025,3,TOYOTA,Hybrid (Petrol),716
2025,3,TOYOTA,PHEV,99
2025,3,TOYOTA,Petrol,83
2025,3,UEBRIGE (SIEHE TYP),BEV,1
2025,3,VOLVO,BEV,186
2025,3,VOLVO,Hybrid (Diesel),7
2025,3,VOLVO,Hybrid (Petrol),126
2025,3,VOLVO,PHEV,287
2025,3,VOLVO,Petrol,1
2025,3,VW,BEV,302
2025,3,VW,Diesel,521
2025,3,VW,Hybrid (Petrol),213
2025,3,VW,PHEV,155
2025,3,VW,Petrol,888
2025,3,XPENG,BEV,1
2025,4,ABARTH,BEV,20
2025,4,ALFA ROMEO,BEV,6
2025,4,ALFA ROMEO,Diesel,2
2025,4,ALFA ROMEO,Hybrid (Petrol),28
2025,4,ALFA ROMEO,PHEV,2
2025,4,ALFA ROMEO,Petrol,33
2025,4,ALPINA,Diesel,1
2025,4,ALPINA,Hybrid (Diesel),2
2025,4,ALPINA,Petrol,7
2025,4,ALPINE,BEV,31
2025,4,ALPINE,Petrol,6
2025,4,ASTON MARTIN,Petrol,13
2025,4,AUDI,BEV,413
2025,4,AUDI,Diesel,15
2025,4,AUDI,Hybrid (Diesel),115
2025,4,AUDI,Hybrid (Petrol),245
2025,4,AUDI,PHEV,37
2025,4,AUDI,Petrol,703
2025,4,BENTLEY,Hybrid (Petrol),1
2025,4,BENTLEY,PHEV,8
2025,4,BENTLEY,Petrol,4
2025,4,BMW,BEV,321
2025,4,BMW,Diesel,18
2025,4,BMW,Hybrid (Diesel),517
2025,4,BMW,Hybrid (Petrol),556
2025,4,BMW,PHEV,341
2025,4,BMW,Petrol,318
2025,4,BYD,BEV,7
2025,4,BYD,PHEV,7
2025,4,CADILLAC,BEV,1
2025,4,CATERHAM,Petrol,1
2025,4,CHEVROLET,Petrol,2
2025,4,CITROEN,BEV,58
2025,4,CITROEN,Diesel,11
2025,4,CITROEN,Hybrid (Petrol),27
2025,4,CITROEN,PHEV,8
2025,4,CITROEN,Petrol,85
2025,4,CLUB CAR,BEV,3
2025,4,CUPRA,BEV,113
2025,4,CUPRA,Diesel,1
2025,4,CUPRA,Hybrid (Petrol),100
2025,4,CUPRA,PHEV,62
2025,4,CUPRA,Petrol,263
2025,4,DACIA,BEV,39
2025,4,DACIA,Hybrid (Petrol),359
2025,4,DACIA,Petrol,252
2025,4,DONGFENG,BEV,27
2025,4,DS,Diesel,9
2025,4,DS,Hybrid (Petrol),9
2025,4,DS,PHEV,6
2025,4,DS,Petrol,1
2025,4,FERRARI,Hybrid (Petrol),17
2025,4,FERRARI,Petrol,30
2025,4,FIAT,BEV,27
2025,4,FIAT,Diesel,3
2025,4,FIAT,Hybrid (Petrol),51
2025,4,FIAT,Petrol,3
2025,4,FORD,BEV,68
2025,4,FORD,Diesel,91
2025,4,FORD,Hybrid (Petrol),247
2025,4,FORD,PHEV,47
2025,4,FORD,Petrol,40
2025,4,GENESIS,BEV,21
2025,4,GENESIS,Diesel,1
2025,4,GENESIS,Hybrid (Petrol),4
2025,4,GENESIS,Petrol,3
2025,4,HONDA,BEV,11
2025,4,HONDA,Hybrid (Petrol),164
2025,4,HONDA,PHEV,17
2025,4,HONDA,Petrol,20
2025,4,HYUNDAI,BEV,173
2025,4,HYUNDAI,Hybrid (Petrol),297
2025,4,HYUNDAI,PHEV,62
2025,4,HYUNDAI,Petrol,215
2025,4,INEOS,Diesel,2
2025,4,JAC,BEV,5
2025,4,JAGUAR,BEV,2
2025,4,JAGUAR,Hybrid (Petrol),1
2025,4,JAGUAR,PHEV,10
2025,4,JAGUAR,Petrol,6
2025,4,JEEP,BEV,6
2025,4,JEEP,Hybrid (Petrol),73
2025,4,JEEP,PHEV,7
2025,4,JEEP,Petrol,4
2025,4,KG MOBILITY,BEV,2
2025,4,KG MOBILITY,Diesel,7
2025,4,KG MOBILITY,Petrol,18
2025,4,KIA,BEV,104
2025,4,KIA,Diesel,10
2025,4,KIA,Hybrid (Petrol),232
2025,4,KIA,PHEV,42
2025,4,KIA,Petrol,140
2025,4,LAMBORGHINI,Hybrid (Petrol),17
2025,4,LAMBORGHINI,Petrol,15
2025,4,LAND ROVER,Hybrid (Diesel),60
2025,4,LAND ROVER,Hybrid (Petrol),39
2025,4,LAND ROVER,PHEV,117
2025,4,LAND ROVER,Petrol,23
2025,4,LEAPMOTOR,BEV,37
2025,4,LEAPMOTOR,PHEV,14
2025,4,LEXUS,BEV,7
2025,4,LEXUS,Hybrid (Petrol),42
2025,4,LEXUS,PHEV,15
2025,4,LOTUS,BEV,5
2025,4,LOTUS,Petrol,4
2025,4,LUCID,BEV,3
2025,4,MAHINDRA,Diesel,1
2025,4,MAN,Diesel,1
2025,4,MASERATI,BEV,2
2025,4,MASERATI,Hybrid (Petrol),5
2025,4,MASERATI,Petrol,13
2025,4,MAXUS,BEV,1
2025,4,MAZDA,Diesel,1
2025,4,MAZDA,Hybrid (Diesel),27
2025,4,MAZDA,Hybrid (Petrol),178
2025,4,MAZDA,PHEV,21
2025,4,MAZDA,Petrol,35
2025,4,MC LAREN,Hybrid (Petrol),1
2025,4,MC LAREN,Petrol,2
2025,4,MERCEDES-AMG,PHEV,3
2025,4,MERCEDES-AMG,Petrol,14
2025,4,MERCEDES-BENZ,BEV,131
2025,4,MERCEDES-BENZ,Diesel,208
2025,4,MERCEDES-BENZ,Diesel PHEV,42
2025,4,MERCEDES-BENZ,Hybrid (Diesel),263
2025,4,MERCEDES-BENZ,Hybrid (Petrol),630
2025,4,MERCEDES-BENZ,PHEV,196
2025,4,MERCEDES-BENZ,Petrol,21
2025,4,MG,BEV,29
2025,4,MG,Hybrid (Petrol),142
2025,4,MG,PHEV,25
2025,4,MG,Petrol,38
2025,4,MINI,BEV,84
2025,4,MINI,Hybrid (Petrol),41
2025,4,MINI,Petrol,247
2025,4,MITSUBISHI,Hybrid (Petrol),35
2025,4,MITSUBISHI,PHEV,21
2025,4,MITSUBISHI,Petrol,23
2025,4,MORGAN,Petrol,2
2025,4,NISSAN,BEV,4
2025,4,NISSAN,Diesel,1
2025,4,NISSAN,Hybrid (Petrol),20
2025,4,NISSAN,Petrol,4
2025,4,OPEL,BEV,57
2025,4,OPEL,Diesel,27
2025,4,OPEL,Hybrid (Petrol),67
2025,4,OPEL,PHEV,3
2025,4,OPEL,Petrol,91
2025,4,PEUGEOT,BEV,72
2025,4,PEUGEOT,Diesel,23
2025,4,PEUGEOT,Hybrid (Petrol),248
2025,4,PEUGEOT,PHEV,7
2025,4,PEUGEOT,Petrol,40
2025,4,POLESTAR,BEV,79
2025,4,PORSCHE,BEV,148
2025,4,PORSCHE,Hybrid (Petrol),78
2025,4,PORSCHE,PHEV,63
2025,4,PORSCHE,Petrol,162
2025,4,RENAULT,BEV,176
2025,4,RENAULT,Diesel,29
2025,4,RENAULT,Hybrid (Petrol),402
2025,4,RENAULT,PHEV,45
2025,4,RENAULT,Petrol,53
2025,4,ROLLS ROYCE,Petrol,2
2025,4,SEAT,Diesel,13
2025,4,SEAT,Hybrid (Petrol),43
2025,4,SEAT,PHEV,4
2025,4,SEAT,Petrol,208
2025,4,SERES,BEV,13
2025,4,SKODA,BEV,318
2025,4,SKODA,Diesel,390
2025,4,SKODA,Hybrid (Petrol),68
2025,4,SKODA,PHEV,85
2025,4,SKODA,Petrol,874
2025,4,SKYWELL,BEV,1
2025,4,SMART,BEV,52
2025,4,SMART,Petrol,1
2025,4,SSANGYONG,BEV,1
2025,4,SSANGYONG,Diesel,1
2025,4,SSANGYONG,Petrol,5
2025,4,SUBARU,BEV,5
2025,4,SUBARU,Hybrid (Petrol),69
2025,4,SUBARU,Petrol,25
2025,4,SUZUKI,Hybrid (Petrol),351
2025,4,SUZUKI,PHEV,5
2025,4,TESLA,BEV,224
2025,4,TOYOTA,BEV,34
2025,4,TOYOTA,Diesel,68
2025,4,TOYOTA,Hybrid (Petrol),632
2025,4,TOYOTA,Hydrogen,1
2025,4,TOYOTA,PHEV,133
2025,4,TOYOTA,Petrol,87
2025,4,UEBRIGE (SIEHE TYP),BEV,1
2025,4,UEBRIGE (SIEHE TYP),Petrol,1
2025,4,VOLVO,BEV,219
2025,4,VOLVO,Hybrid (Diesel),7
2025,4,VOLVO,Hybrid (Petrol),143
2025,4,VOLVO,PHEV,275
2025,4,VOYAH,PHEV,1
2025,4,VW,BEV,289
2025,4,VW,Diesel,398
2025,4,VW,Hybrid (Petrol),243
2025,4,VW,PHEV,166
2025,4,VW,Petrol,877
2025,5,ABARTH,BEV,8
2025,5,ALFA ROMEO,BEV,7
2025,5,ALFA ROMEO,Diesel,1
2025,5,ALFA ROMEO,Hybrid (Petrol),22
2025,5,ALFA ROMEO,Petrol,15
2025,5,ALPINA,Diesel,2
2025,5,ALPINA,Hybrid (Diesel),1
2025,5,ALPINA,Petrol,2
2025,5,ALPINE,BEV,40
2025,5,ALPINE,Petrol,6
2025,5,ASTON MARTIN,Petrol,11
2025,5,AUDI,BEV,404
2025,5,AUDI,Diesel,17
2025,5,AUDI,Hybrid (Diesel),91
2025,5,AUDI,Hybrid (Petrol),294
2025,5,AUDI,PHEV,45
2025,5,AUDI,Petrol,563
2025,5,BAIC,Petrol,2
2025,5,BENTLEY,Hybrid (Petrol),1
2025,5,BENTLEY,PHEV,13
2025,5,BENTLEY,Petrol,2
2025,5,BMW,BEV,350
2025,5,BMW,Diesel,32
2025,5,BMW,Hybrid (Diesel),534
2025,5,BMW,Hybrid (Petrol),393
2025,5,BMW,PHEV,357
2025,5,BMW,Petrol,299
2025,5,BYD,BEV,45
2025,5,BYD,Hybrid (Petrol),1
2025,5,BYD,PHEV,8
2025,5,CADILLAC,BEV,3
2025,5,CATERHAM,Petrol,2
2025,5,CHEVROLET,Diesel,1
2025,5,CITROEN,BEV,28
2025,5,CITROEN,Diesel,9
2025,5,CITROEN,Hybrid (Petrol),61
2025,5,CITROEN,PHEV,3
2025,5,CITROEN,Petrol,55
2025,5,CUPRA,BEV,129
2025,5,CUPRA,Diesel,2
2025,5,CUPRA,Hybrid (Petrol),182
2025,5,CUPRA,PHEV,99
2025,5,CUPRA,Petrol,318
2025,5,CUSHMAN,BEV,1
2025,5,DACIA,BEV,34
2025,5,DACIA,Hybrid (Petrol),426
2025,5,DACIA,LPG,1
2025,5,DACIA,Petrol,220
2025,5,DODGE,Petrol,8
2025,5,DONGFENG,BEV,3
2025,5,DS,Diesel,1
2025,5,DS,Hybrid (Petrol),5
2025,5,DS,PHEV,15
2025,5,FERRARI,Hybrid (Petrol),19
2025,5,FERRARI,Petrol,40
2025,5,FIAT,BEV,44
2025,5,FIAT,Hybrid (Petrol),50
2025,5,FIAT,Petrol,5
2025,5,FORD,BEV,113
2025,5,FORD,Diesel,74
2025,5,FORD,Hybrid (Petrol),234
2025,5,FORD,PHEV,58
2025,5,FORD,Petrol,44
2025,5,GENESIS,BEV,35
2025,5,GENESIS,Diesel,2
2025,5,GENESIS,Hybrid (Petrol),1
2025,5,HONDA,BEV,9
2025,5,HONDA,Hybrid (Petrol),236
2025,5,HONDA,PHEV,61
2025,5,HONDA,Petrol,7
2025,5,HYUNDAI,BEV,240
2025,5,HYUNDAI,Diesel,1
2025,5,HYUNDAI,Hybrid (Petrol),347
2025,5,HYUNDAI,PHEV,38
2025,5,HYUNDAI,Petrol,200
2025,5,INEOS,Diesel,2
2025,5,INEOS,Petrol,2
2025,5,JAC,BEV,16
2025,5,JAGUAR,BEV,4
2025,5,JAGUAR,Hybrid (Diesel),1
2025,5,JAGUAR,PHEV,8
2025,5,JAGUAR,Petrol,5
2025,5,JEEP,BEV,2
2025,5,JEEP,Diesel,1
2025,5,JEEP,Hybrid (Petrol),56
2025,5,JEEP,PHEV,6
2025,5,JEEP,Petrol,4
2025,5,KG MOBILITY,BEV,7
2025,5,KG MOBILITY,Diesel,13
2025,5,KG MOBILITY,Petrol,10
2025,5,KIA,BEV,96
2025,5,KIA,Diesel,19
2025,5,KIA,Hybrid (Petrol),223
2025,5,KIA,PHEV,77
2025,5,KIA,Petrol,149
2025,5,KTM,Petrol,1
2025,5,LAMBORGHINI,Hybrid (Petrol),24
2025,5,LAMBORGHINI,Petrol,15
2025,5,LAND ROVER,Hybrid (Diesel),51
2025,5,LAND ROVER,Hybrid (Petrol),37
2025,5,LAND ROVER,PHEV,102
2025,5,LAND ROVER,Petrol,8
2025,5,LEAPMOTOR,BEV,29
2025,5,LEAPMOTOR,PHEV,15
2025,5,LEXUS,BEV,4
2025,5,LEXUS,Hybrid (Petrol),51
2025,5,LEXUS,PHEV,17
2025,5,LOTUS,BEV,7
2025,5,LOTUS,Petrol,1
2025,5,LUCID,BEV,6
2025,5,MAN,Diesel,2
2025,5,MASERATI,BEV,6
2025,5,MASERATI,Hybrid (Petrol),2
2025,5,MASERATI,Petrol,14
2025,5,MAZDA,BEV,1
2025,5,MAZDA,Diesel,1
2025,5,MAZDA,Hybrid (Diesel),20
2025,5,MAZDA,Hybrid (Petrol),139
2025,5,MAZDA,PHEV,18
2025,5,MAZDA,Petrol,23
2025,5,MC LAREN,Petrol,2
2025,5,MERCEDES-AMG,PHEV,6
2025,5,MERCEDES-AMG,Petrol,10
2025,5,MERCEDES-BENZ,BEV,161
2025,5,MERCEDES-BENZ,Diesel,269
2025,5,MERCEDES-BENZ,Diesel PHEV,51
2025,5,MERCEDES-BENZ,Hybrid (Diesel),251
2025,5,MERCEDES-BENZ,Hybrid (Petrol),620
2025,5,MERCEDES-BENZ,PHEV,176
2025,5,MERCEDES-BENZ,Petrol,20
2025,5,MG,BEV,31
2025,5,MG,Hybrid (Petrol),105
2025,5,MG,PHEV,30
2025,5,MG,Petrol,24
2025,5,MINI,BEV,95
2025,5,MINI,Hybrid (Petrol),44
2025,5,MINI,Petrol,261
2025,5,MITSUBISHI,Hybrid (Petrol),68
2025,5,MITSUBISHI,PHEV,34
2025,5,MITSUBISHI,Petrol,25
2025,5,NISSAN,BEV,3
2025,5,NISSAN,Diesel,1
2025,5,NISSAN,Hybrid (Petrol),31
2025,5,NISSAN,Petrol,10
2025,5,OPEL,BEV,59
2025,5,OPEL,Diesel,29
2025,5,OPEL,Hybrid (Petrol),139
2025,5,OPEL,PHEV,17
2025,5,OPEL,Petrol,83
2025,5,PEUGEOT,BEV,72
2025,5,PEUGEOT,Diesel,29
2025,5,PEUGEOT,Hybrid (Petrol),286
2025,5,PEUGEOT,PHEV,4
2025,5,PEUGEOT,Petrol,71
2025,5,POLESTAR,BEV,128
2025,5,PORSCHE,BEV,166
2025,5,PORSCHE,Hybrid (Petrol),48
2025,5,PORSCHE,PHEV,65
2025,5,PORSCHE,Petrol,173
2025,5,RENAULT,BEV,183
2025,5,RENAULT,Diesel,6
2025,5,RENAULT,Hybrid (Petrol),511
2025,5,RENAULT,PHEV,64
2025,5,RENAULT,Petrol,63
2025,5,ROLLS ROYCE,BEV,2
2025,5,ROLLS ROYCE,Petrol,2
2025,5,SEAT,Diesel,15
2025,5,SEAT,Hybrid (Petrol),36
2025,5,SEAT,PHEV,40
2025,5,SEAT,Petrol,275
2025,5,SERES,BEV,7
2025,5,SKODA,BEV,444
2025,5,SKODA,Diesel,459
2025,5,SKODA,Hybrid (Petrol),90
2025,5,SKODA,PHEV,86
2025,5,SKODA,Petrol,925
2025,5,SMART,BEV,98
2025,5,SSANGYONG,BEV,2
2025,5,SSANGYONG,Diesel,1
2025,5,SSANGYONG,Petrol,9
2025,5,SUBARU,BEV,4
2025,5,SUBARU,Hybrid (Petrol),112
2025,5,SUBARU,Petrol,16
2025,5,SUZUKI,Hybrid (Petrol),294
2025,5,SUZUKI,PHEV,12
2025,5,SUZUKI,Petrol,1
2025,5,SWM,PHEV,2
2025,5,SWM,Petrol,1
2025,5,TESLA,BEV,446
2025,5,TOYOTA,BEV,29
2025,5,TOYOTA,Diesel,48
2025,5,TOYOTA,Hybrid (Petrol),686
2025,5,TOYOTA,PHEV,111
2025,5,TOYOTA,Petrol,91
2025,5,UEBRIGE (SIEHE TYP),BEV,1
2025,5,UEBRIGE (SIEHE TYP),Hybrid (Petrol),1
2025,5,VOLVO,BEV,257
2025,5,VOLVO,Hybrid (Diesel),2
2025,5,VOLVO,Hybrid (Petrol),119
2025,5,VOLVO,PHEV,286
2025,5,VOLVO,Petrol,2
2025,5,VOYAH,BEV,1
2025,5,VW,BEV,339
2025,5,VW,Diesel,352
2025,5,VW,Hybrid (Petrol),335
2025,5,VW,PHEV,326
2025,5,VW,Petrol,811
2025,5,XPENG,BEV,3
2025,6,ABARTH,BEV,10
2025,6,AIWAYS,BEV,2
2025,6,ALFA ROMEO,BEV,14
2025,6,ALFA ROMEO,Diesel,2
2025,6,ALFA ROMEO,Hybrid (Petrol),48
2025,6,ALFA ROMEO,PHEV,4
2025,6,ALFA ROMEO,Petrol,38
2025,6,ALPINA,Petrol,1
2025,6,ALPINE,BEV,42
2025,6,ALPINE,Petrol,8
2025,6,ASTON MARTIN,Petrol,14
2025,6,AUDI,BEV,412
2025,6,AUDI,Diesel,20
2025,6,AUDI,Hybrid (Diesel),147
2025,6,AUDI,Hybrid (Petrol),351
2025,6,AUDI,PHEV,59
2025,6,AUDI,Petrol,675
2025,6,BAIC,Petrol,3
2025,6,BENTLEY,PHEV,9
2025,6,BENTLEY,Petrol,1
2025,6,BMW,BEV,308
2025,6,BMW,Diesel,9
2025,6,BMW,Hybrid (Diesel),476
2025,6,BMW,Hybrid (Petrol),478
2025,6,BMW,PHEV,445
2025,6,BMW,Petrol,315
2025,6,BUGATTI,Petrol,1
2025,6,BYD,BEV,26
2025,6,BYD,PHEV,15
2025,6,CADILLAC,BEV,5
2025,6,CADILLAC,Petrol,3
2025,6,CATERHAM,Petrol,1
2025,6,CHEVROLET,Petrol,1
2025,6,CITROEN,BEV,57
2025,6,CITROEN,Diesel,21
2025,6,CITROEN,Hybrid (Petrol),78
2025,6,CITROEN,PHEV,6
2025,6,CITROEN,Petrol,64
2025,6,CITROEN-POESSL,BEV,1
2025,6,CUPRA,BEV,119
2025,6,CUPRA,Diesel,1
2025,6,CUPRA,Hybrid (Petrol),107
2025,6,CUPRA,PHEV,68
2025,6,CUPRA,Petrol,335
2025,6,DACIA,BEV,30
2025,6,DACIA,Hybrid (Petrol),394
2025,6,DACIA,Petrol,363
2025,6,DODGE,Petrol,3
2025,6,DONGFENG,BEV,4
2025,6,DS,Hybrid (Petrol),2
2025,6,DS,PHEV,11
2025,6,FERRARI,Hybrid (Petrol),20
2025,6,FERRARI,Petrol,38
2025,6,FIAT,BEV,54
2025,6,FIAT,Diesel,2
2025,6,FIAT,Hybrid (Petrol),81
2025,6,FIAT,Petrol,1
2025,6,FORD,BEV,91
2025,6,FORD,Diesel,77
2025,6,FORD,Hybrid (Petrol),226
2025,6,FORD,PHEV,38
2025,6,FORD,Petrol,56
2025,6,GENESIS,BEV,31
2025,6,GENESIS,Diesel,7
2025,6,GENESIS,Hybrid (Petrol),1
2025,6,HONDA,BEV,11
2025,6,HONDA,Diesel,1
2025,6,HONDA,Hybrid (Petrol),209
2025,6,HONDA,PHEV,4
2025,6,HONDA,Petrol,15
2025,6,HYUNDAI,BEV,189
2025,6,HYUNDAI,Hybrid (Petrol),250
2025,6,HYUNDAI,PHEV,104
2025,6,HYUNDAI,Petrol,196
2025,6,JAC,BEV,56
2025,6,JAGUAR,BEV,4
2025,6,JAGUAR,PHEV,13
2025,6,JAGUAR,Petrol,9
2025,6,JEEP,BEV,8
2025,6,JEEP,Hybrid (Petrol),98
2025,6,JEEP,PHEV,15
2025,6,JEEP,Petrol,14
2025,6,KG MOBILITY,BEV,1
2025,6,KG MOBILITY,Diesel,6
2025,6,KG MOBILITY,Petrol,20
2025,6,KIA,BEV,119
2025,6,KIA,Diesel,17
2025,6,KIA,Hybrid (Petrol),193
2025,6,KIA,PHEV,74
2025,6,KIA,Petrol,137
2025,6,LAMBORGHINI,Hybrid (Petrol),16
2025,6,LAMBORGHINI,Petrol,10
2025,6,LAND ROVER,Hybrid (Diesel),51
2025,6,LAND ROVER,Hybrid (Petrol),27
2025,6,LAND ROVER,PHEV,63
2025,6,LAND ROVER,Petrol,11
2025,6,LEAPMOTOR,BEV,30
2025,6,LEAPMOTOR,PHEV,17
2025,6,LEXUS,BEV,3
2025,6,LEXUS,Hybrid (Petrol),36
2025,6,LEXUS,PHEV,16
2025,6,LEXUS,Petrol,1
2025,6,LOTUS,BEV,4
2025,6,LUCID,BEV,6
2025,6,MAN,Diesel,2
2025,6,MASERATI,BEV,2
2025,6,MASERATI,Hybrid (Petrol),6
2025,6,MASERATI,Petrol,12
2025,6,MAXUS,BEV,3
2025,6,MAZDA,Hybrid (Diesel),25
2025,6,MAZDA,Hybrid (Petrol),266
2025,6,MAZDA,PHEV,24
2025,6,MAZDA,Petrol,36
2025,6,MERCEDES-AMG,Hybrid (Petrol),2
2025,6,MERCEDES-AMG,PHEV,4
2025,6,MERCEDES-AMG,Petrol,11
2025,6,MERCEDES-BENZ,BEV,237
2025,6,MERCEDES-BENZ,Diesel,322
2025,6,MERCEDES-BENZ,Diesel PHEV,63
2025,6,MERCEDES-BENZ,Hybrid (Diesel),280
2025,6,MERCEDES-BENZ,Hybrid (Petrol),739
2025,6,MERCEDES-BENZ,PHEV,338
2025,6,MERCEDES-BENZ,Petrol,30
2025,6,MG,BEV,58
2025,6,MG,Hybrid (Petrol),147
2025,6,MG,PHEV,40
2025,6,MG,Petrol,33
2025,6,MINI,BEV,166
2025,6,MINI,Hybrid (Petrol),66
2025,6,MINI,Petrol,289
2025,6,MITSUBISHI,Hybrid (Petrol),107
2025,6,MITSUBISHI,PHEV,38
2025,6,MITSUBISHI,Petrol,20
2025,6,MORGAN,Petrol,2
2025,6,NISSAN,BEV,23
2025,6,NISSAN,Hybrid (Petrol),159
2025,6,NISSAN,Petrol,4
2025,6,OPEL,BEV,69
2025,6,OPEL,Diesel,21
2025,6,OPEL,Hybrid (Petrol),255
2025,6,OPEL,PHEV,14
2025,6,OPEL,Petrol,44
2025,6,PEUGEOT,BEV,65
2025,6,PEUGEOT,Diesel,47
2025,6,PEUGEOT,Hybrid (Petrol),357
2025,6,PEUGEOT,PHEV,6
2025,6,PEUGEOT,Petrol,32
2025,6,POLESTAR,BEV,157
2025,6,PORSCHE,BEV,95
2025,6,PORSCHE,Hybrid (Petrol),58
2025,6,PORSCHE,PHEV,55
2025,6,PORSCHE,Petrol,157
2025,6,RENAULT,BEV,230
2025,6,RENAULT,Diesel,47
2025,6,RENAULT,Hybrid (Petrol),554
2025,6,RENAULT,PHEV,60
2025,6,RENAULT,Petrol,104
2025,6,ROLLS ROYCE,BEV,1
2025,6,ROLLS ROYCE,Petrol,6
2025,6,SEAT,Diesel,19
2025,6,SEAT,Hybrid (Petrol),54
2025,6,SEAT,PHEV,6
2025,6,SEAT,Petrol,223
2025,6,SERES,BEV,6
2025,6,SKODA,BEV,589
2025,6,SKODA,Diesel,388
2025,6,SKODA,Hybrid (Petrol),107
2025,6,SKODA,PHEV,69
2025,6,SKODA,Petrol,913
2025,6,SKYWELL,BEV,1
2025,6,SMART,BEV,46
2025,6,SSANGYONG,BEV,1
2025,6,SSANGYONG,Petrol,6
2025,6,SUBARU,BEV,1
2025,6,SUBARU,Hybrid (Petrol),103
2025,6,SUBARU,LPG,1
2025,6,SUBARU,Petrol,5
2025,6,SUZUKI,Hybrid (Petrol),460
2025,6,SUZUKI,PHEV,9
2025,6,SWM,PHEV,1
2025,6,TESLA,BEV,986
2025,6,TOYOTA,BEV,28
2025,6,TOYOTA,Diesel,59
2025,6,TOYOTA,Hybrid (Petrol),649
2025,6,TOYOTA,PHEV,104
2025,6,TOYOTA,Petrol,81
2025,6,UEBRIGE (SIEHE TYP),Hybrid (Petrol),1
2025,6,UEBRIGE (SIEHE TYP),Petrol,1
2025,6,VOLVO,BEV,258
2025,6,VOLVO,Hybrid (Diesel),3
2025,6,VOLVO,Hybrid (Petrol),270
2025,6,VOLVO,PHEV,324
2025,6,VOYAH,BEV,4
2025,6,VW,BEV,377
2025,6,VW,Diesel,452
2025,6,VW,Hybrid (Petrol),327
2025,6,VW,PHEV,321
2025,6,VW,Petrol,1039
2025,6,XPENG,BEV,5
2025,6,ZEEKR,BEV,2
2025,7,ABARTH,BEV,2
2025,7,ALFA ROMEO,BEV,9
2025,7,ALFA ROMEO,Diesel,1
2025,7,ALFA ROMEO,Hybrid (Petrol),53
2025,7,ALFA ROMEO,PHEV,5
2025,7,ALFA ROMEO,Petrol,19
2025,7,ALPINA,Diesel,1
2025,7,ALPINA,Petrol,7
2025,7,ALPINE,BEV,33
2025,7,ALPINE,Petrol,5
2025,7,ASTON MARTIN,Petrol,11
2025,7,AUDI,BEV,266
2025,7,AUDI,Diesel,15
2025,7,AUDI,Hybrid (Diesel),146
2025,7,AUDI,Hybrid (Petrol),363
2025,7,AUDI,PHEV,63
2025,7,AUDI,Petrol,399
2025,7,BENTLEY,Hybrid (Petrol),6
2025,7,BENTLEY,PHEV,5
2025,7,BENTLEY,Petrol,10
2025,7,BMW,BEV,230
2025,7,BMW,Diesel,10
2025,7,BMW,Hybrid (Diesel),377
2025,7,BMW,Hybrid (Petrol),322
2025,7,BMW,PHEV,327
2025,7,BMW,Petrol,282
2025,7,BYD,BEV,31
2025,7,BYD,Hybrid (Petrol),10
2025,7,BYD,PHEV,37
2025,7,CADILLAC,BEV,1
2025,7,CADILLAC,Petrol,2
2025,7,CATERHAM,Petrol,1
2025,7,CHEVROLET,Diesel,1
2025,7,CHEVROLET,Petrol,1
2025,7,CITROEN,BEV,43
2025,7,CITROEN,Diesel,11
2025,7,CITROEN,Hybrid (Petrol),81
2025,7,CITROEN,PHEV,4
2025,7,CITROEN,Petrol,72
2025,7,CLUB CAR,BEV,1
2025,7,CUPRA,BEV,86
2025,7,CUPRA,Diesel,2
2025,7,CUPRA,Hybrid (Petrol),75
2025,7,CUPRA,PHEV,55
2025,7,CUPRA,Petrol,247
2025,7,DACIA,BEV,24
2025,7,DACIA,Hybrid (Petrol),472
2025,7,DACIA,Petrol,318
2025,7,DODGE,Petrol,2
2025,7,DONGFENG,BEV,6
2025,7,DS,Hybrid (Petrol),7
2025,7,DS,PHEV,7
2025,7,FERRARI,Hybrid (Petrol),13
2025,7,FERRARI,PHEV,1
2025,7,FERRARI,Petrol,52
2025,7,FIAT,BEV,43
2025,7,FIAT,Diesel,18
2025,7,FIAT,Hybrid (Petrol),65
2025,7,FIAT,Petrol,2
2025,7,FORD,BEV,90
2025,7,FORD,Diesel,99
2025,7,FORD,Hybrid (Petrol),183
2025,7,FORD,PHEV,78
2025,7,FORD,Petrol,68
2025,7,GENESIS,BEV,18
2025,7,GENESIS,Petrol,2
2025,7,HONDA,BEV,9
2025,7,HONDA,Hybrid (Petrol),149
2025,7,HONDA,PHEV,4
2025,7,HONDA,Petrol,18
2025,7,HYUNDAI,BEV,182
2025,7,HYUNDAI,Hybrid (Petrol),309
2025,7,HYUNDAI,PHEV,107
2025,7,HYUNDAI,Petrol,195
2025,7,INEOS,Diesel,1
2025,7,INEOS,Petrol,4
2025,7,IVECO,Diesel,1
2025,7,JAC,BEV,28
2025,7,JAGUAR,Hybrid (Diesel),1
2025,7,JAGUAR,PHEV,4
2025,7,JAGUAR,Petrol,5
2025,7,JEEP,BEV,6
2025,7,JEEP,Hybrid (Petrol),149
2025,7,JEEP,PHEV,3
2025,7,JEEP,Petrol,2
2025,7,JUMBOLINO,BEV,2
2025,7,KG MOBILITY,BEV,14
2025,7,KG MOBILITY,Diesel,17
2025,7,KG MOBILITY,Petrol,22
2025,7,KIA,BEV,127
2025,7,KIA,Diesel,15
2025,7,KIA,Hybrid (Petrol),133
2025,7,KIA,PHEV,80
2025,7,KIA,Petrol,103
2025,7,LAMBORGHINI,Hybrid (Petrol),30
2025,7,LAMBORGHINI,Petrol,8
2025,7,LAND ROVER,Diesel,1
2025,7,LAND ROVER,Hybrid (Diesel),31
2025,7,LAND ROVER,Hybrid (Petrol),28
2025,7,LAND ROVER,PHEV,81
2025,7,LAND ROVER,Petrol,10
2025,7,LEAPMOTOR,BEV,57
2025,7,LEAPMOTOR,PHEV,32
2025,7,LEXUS,Hybrid (Petrol),46
2025,7,LEXUS,PHEV,51
2025,7,LOTUS,BEV,3
2025,7,LOTUS,Petrol,4
2025,7,LUCID,BEV,23
2025,7,MASERATI,BEV,2
2025,7,MASERATI,Hybrid (Petrol),7
2025,7,MASERATI,Petrol,13
2025,7,MAXUS,BEV,1
2025,7,MAZDA,Hybrid (Diesel),23
2025,7,MAZDA,Hybrid (Petrol),97
2025,7,MAZDA,PHEV,13
2025,7,MAZDA,Petrol,12
2025,7,MC LAREN,Hybrid (Petrol),1
2025,7,MC LAREN,Petrol,2
2025,7,MERCEDES-AMG,Hybrid (Petrol),2
2025,7,MERCEDES-AMG,PHEV,3
2025,7,MERCEDES-AMG,Petrol,9
2025,7,MERCEDES-BENZ,BEV,142
2025,7,MERCEDES-BENZ,Diesel,372
2025,7,MERCEDES-BENZ,Diesel PHEV,44
2025,7,MERCEDES-BENZ,Hybrid (Diesel),206
2025,7,MERCEDES-BENZ,Hybrid (Petrol),530
2025,7,MERCEDES-BENZ,PHEV,168
2025,7,MERCEDES-BENZ,Petrol,37
2025,7,MG,BEV,72
2025,7,MG,Hybrid (Petrol),226
2025,7,MG,PHEV,67
2025,7,MG,Petrol,24
2025,7,MINI,BEV,107
2025,7,MINI,Hybrid (Petrol),42
2025,7,MINI,Petrol,183
2025,7,MITSUBISHI,Hybrid (Petrol),72
2025,7,MITSUBISHI,PHEV,22
2025,7,MITSUBISHI,Petrol,11
2025,7,MORGAN,Petrol,2
2025,7,NISSAN,BEV,8
2025,7,NISSAN,Diesel,1
2025,7,NISSAN,Hybrid (Petrol),34
2025,7,NISSAN,Petrol,6
2025,7,OPEL,BEV,31
2025,7,OPEL,Diesel,24
2025,7,OPEL,Hybrid (Petrol),216
2025,7,OPEL,PHEV,5
2025,7,OPEL,Petrol,19
2025,7,PAGANI,Petrol,1
2025,7,PEUGEOT,BEV,109
2025,7,PEUGEOT,Diesel,53
2025,7,PEUGEOT,Hybrid (Petrol),240
2025,7,PEUGEOT,PHEV,2
2025,7,PEUGEOT,Petrol,26
2025,7,POLESTAR,BEV,56
2025,7,PORSCHE,BEV,84
2025,7,PORSCHE,Hybrid (Petrol),91
2025,7,PORSCHE,PHEV,50
2025,7,PORSCHE,Petrol,161
2025,7,RENAULT,BEV,211
2025,7,RENAULT,Diesel,116
2025,7,RENAULT,Hybrid (Petrol),230
2025,7,RENAULT,PHEV,38
2025,7,RENAULT,Petrol,64
2025,7,ROLLS ROYCE,BEV,1
2025,7,SEAT,Diesel,22
2025,7,SEAT,Hybrid (Petrol),35
2025,7,SEAT,PHEV,2
2025,7,SEAT,Petrol,206
2025,7,SERES,BEV,3
2025,7,SKODA,BEV,534
2025,7,SKODA,Diesel,287
2025,7,SKODA,Hybrid (Petrol),109
2025,7,SKODA,PHEV,57
2025,7,SKODA,Petrol,820
2025,7,SKYWELL,BEV,1
2025,7,SMART,BEV,77
2025,7,SSANGYONG,Petrol,4
2025,7,SUBARU,BEV,2
2025,7,SUBARU,Hybrid (Petrol),59
2025,7,SUBARU,Petrol,22
2025,7,SUZUKI,Hybrid (Petrol),167
2025,7,SUZUKI,PHEV,10
2025,7,TESLA,BEV,319
2025,7,TOYOTA,BEV,19
2025,7,TOYOTA,Diesel,55
2025,7,TOYOTA,Hybrid (Petrol),698
2025,7,TOYOTA,PHEV,191
2025,7,TOYOTA,Petrol,86
2025,7,UEBRIGE (SIEHE TYP),BEV,7
2025,7,VOLVO,BEV,269
2025,7,VOLVO,Hybrid (Petrol),231
2025,7,VOLVO,PHEV,376
2025,7,VOLVO,Petrol,1
2025,7,VOYAH,BEV,4
2025,7,VW,BEV,387
2025,7,VW,Diesel,380
2025,7,VW,Hybrid (Petrol),258
2025,7,VW,PHEV,233
2025,7,VW,Petrol,832
2025,7,ZEEKR,BEV,5
2025,8,ABARTH,BEV,9
2025,8,ALFA ROMEO,BEV,13
2025,8,ALFA ROMEO,Diesel,1
2025,8,ALFA ROMEO,Hybrid (Petrol),34
2025,8,ALFA ROMEO,PHEV,7
2025,8,ALFA ROMEO,Petrol,13
2025,8,ALPINA,Petrol,6
2025,8,ALPINE,BEV,23
2025,8,ALPINE,Petrol,3
2025,8,ASTON MARTIN,Petrol,5
2025,8,AUDI,BEV,283
2025,8,AUDI,Diesel,44
2025,8,AUDI,Hybrid (Diesel),120
2025,8,AUDI,Hybrid (Petrol),284
2025,8,AUDI,PHEV,79
2025,8,AUDI,Petrol,365
2025,8,BENTLEY,Hybrid (Petrol),7
2025,8,BENTLEY,PHEV,5
2025,8,BENTLEY,Petrol,4
2025,8,BMW,BEV,265
2025,8,BMW,Diesel,24
2025,8,BMW,Hybrid (Diesel),410
2025,8,BMW,Hybrid (Petrol),305
2025,8,BMW,PHEV,470
2025,8,BMW,Petrol,173
2025,8,BUGATTI,Petrol,1
2025,8,BYD,BEV,39
2025,8,BYD,Hybrid (Petrol),1
2025,8,BYD,PHEV,33
2025,8,CADILLAC,BEV,2
2025,8,CADILLAC,Petrol,2
2025,8,CATERHAM,Petrol,1
2025,8,CITROEN,BEV,47
2025,8,CITROEN,Diesel,32
2025,8,CITROEN,Hybrid (Petrol),146
2025,8,CITROEN,PHEV,4
2025,8,CITROEN,Petrol,60
2025,8,CUPRA,BEV,98
2025,8,CUPRA,Hybrid (Petrol),70
2025,8,CUPRA,PHEV,56
2025,8,CUPRA,Petrol,224
2025,8,DACIA,BEV,14
2025,8,DACIA,Hybrid (Petrol),415
2025,8,DACIA,Petrol,242
2025,8,DODGE,Petrol,4
2025,8,DONGFENG,BEV,4
2025,8,DS,Hybrid (Petrol),8
2025,8,DS,PHEV,8
2025,8,FERRARI,Hybrid (Petrol),5
2025,8,FERRARI,PHEV,1
2025,8,FERRARI,Petrol,27
2025,8,FIAT,BEV,31
2025,8,FIAT,Diesel,29
2025,8,FIAT,Hybrid (Petrol),57
2025,8,FIAT,Petrol,2
2025,8,FORD,BEV,100
2025,8,FORD,Diesel,74
2025,8,FORD,Hybrid (Petrol),161
2025,8,FORD,PHEV,36
2025,8,FORD,Petrol,53
2025,8,GENESIS,BEV,15
2025,8,GENESIS,Diesel,3
2025,8,GENESIS,Petrol,2
2025,8,HONDA,BEV,7
2025,8,HONDA,Hybrid (Petrol),158
2025,8,HONDA,PHEV,4
2025,8,HONDA,Petrol,10
2025,8,HYUNDAI,BEV,149
2025,8,HYUNDAI,Diesel,1
2025,8,HYUNDAI,Hybrid (Petrol),170
2025,8,HYUNDAI,PHEV,33
2025,8,HYUNDAI,Petrol,155
2025,8,IVECO,Diesel,1
2025,8,JAC,BEV,16
2025,8,JAGUAR,BEV,1
2025,8,JAGUAR,PHEV,5
2025,8,JAGUAR,Petrol,6
2025,8,JEEP,BEV,7
2025,8,JEEP,Hybrid (Petrol),96
2025,8,JEEP,PHEV,4
2025,8,JEEP,Petrol,8
2025,8,KG MOBILITY,BEV,7
2025,8,KG MOBILITY,Diesel,9
2025,8,KG MOBILITY,Petrol,13
2025,8,KIA,BEV,104
2025,8,KIA,Diesel,12
2025,8,KIA,Hybrid (Petrol),131
2025,8,KIA,PHEV,84
2025,8,KIA,Petrol,230
2025,8,LAMBORGHINI,Hybrid (Petrol),16
2025,8,LAMBORGHINI,Petrol,6
2025,8,LAND ROVER,Hybrid (Diesel),35
2025,8,LAND ROVER,Hybrid (Petrol),23
2025,8,LAND ROVER,PHEV,85
2025,8,LAND ROVER,Petrol,3
2025,8,LEAPMOTOR,BEV,27
2025,8,LEAPMOTOR,PHEV,31
2025,8,LEXUS,Hybrid (Petrol),31
2025,8,LEXUS,PHEV,22
2025,8,LEXUS,Petrol,1
2025,8,LOTUS,BEV,4
2025,8,LUCID,BEV,1
2025,8,MAN,Diesel,4
2025,8,MASERATI,Hybrid (Petrol),2
2025,8,MASERATI,Petrol,18
2025,8,MAZDA,BEV,10
2025,8,MAZDA,Hybrid (Diesel),10
2025,8,MAZDA,Hybrid (Petrol),106
2025,8,MAZDA,PHEV,17
2025,8,MAZDA,Petrol,12
2025,8,MC LAREN,Petrol,4
2025,8,MERCEDES-AMG,PHEV,4
2025,8,MERCEDES-AMG,Petrol,4
2025,8,MERCEDES-BENZ,BEV,111
2025,8,MERCEDES-BENZ,Diesel,223
2025,8,MERCEDES-BENZ,Diesel PHEV,48
2025,8,MERCEDES-BENZ,Hybrid (Diesel),194
2025,8,MERCEDES-BENZ,Hybrid (Petrol),453
2025,8,MERCEDES-BENZ,PHEV,194
2025,8,MERCEDES-BENZ,Petrol,17
2025,8,MG,BEV,56
2025,8,MG,Hybrid (Petrol),149
2025,8,MG,PHEV,27
2025,8,MG,Petrol,22
2025,8,MINI,BEV,74
2025,8,MINI,Hybrid (Petrol),27
2025,8,MINI,Petrol,157
2025,8,MITSUBISHI,Hybrid (Petrol),80
2025,8,MITSUBISHI,PHEV,41
2025,8,MITSUBISHI,Petrol,15
2025,8,MORGAN,Petrol,1
2025,8,NIO,BEV,1
2025,8,NISSAN,BEV,1
2025,8,NISSAN,Hybrid (Petrol),34
2025,8,NISSAN,Petrol,7
2025,8,OPEL,BEV,38
2025,8,OPEL,Diesel,27
2025,8,OPEL,Hybrid (Petrol),180
2025,8,OPEL,PHEV,1
2025,8,OPEL,Petrol,20
2025,8,PEUGEOT,BEV,57
2025,8,PEUGEOT,Diesel,67
2025,8,PEUGEOT,Hybrid (Petrol),233
2025,8,PEUGEOT,PHEV,1
2025,8,PEUGEOT,Petrol,12
2025,8,POLESTAR,BEV,66
2025,8,PORSCHE,BEV,70
2025,8,PORSCHE,Diesel,1
2025,8,PORSCHE,Hybrid (Petrol),68
2025,8,PORSCHE,PHEV,39
2025,8,PORSCHE,Petrol,103
2025,8,RENAULT,BEV,222
2025,8,RENAULT,Diesel,112
2025,8,RENAULT,Hybrid (Petrol),305
2025,8,RENAULT,PHEV,28
2025,8,RENAULT,Petrol,78
2025,8,SEAT,Diesel,18
2025,8,SEAT,Hybrid (Petrol),26
2025,8,SEAT,PHEV,1
2025,8,SEAT,Petrol,148
2025,8,SERES,BEV,2
2025,8,SKODA,BEV,401
2025,8,SKODA,Diesel,172
2025,8,SKODA,Hybrid (Petrol),39
2025,8,SKODA,PHEV,28
2025,8,SKODA,Petrol,623
2025,8,SKYWELL,BEV,78
2025,8,SMART,BEV,62
2025,8,SSANGYONG,Petrol,2
2025,8,SUBARU,BEV,2
2025,8,SUBARU,Hybrid (Petrol),56
2025,8,SUBARU,Petrol,13
2025,8,SUZUKI,Hybrid (Petrol),178
2025,8,SUZUKI,PHEV,4
2025,8,TESLA,BEV,276
2025,8,TOYOTA,BEV,18
2025,8,TOYOTA,Diesel,51
2025,8,TOYOTA,Hybrid (Petrol),671
2025,8,TOYOTA,PHEV,177
2025,8,TOYOTA,Petrol,127
2025,8,UEBRIGE (SIEHE TYP),BEV,1
2025,8,VOLVO,BEV,230
2025,8,VOLVO,Hybrid (Diesel),1
2025,8,VOLVO,Hybrid (Petrol),117
2025,8,VOLVO,PHEV,200
2025,8,VOYAH,BEV,1
2025,8,VW,BEV,223
2025,8,VW,Diesel,283
2025,8,VW,Hybrid (Petrol),312
2025,8,VW,PHEV,190
2025,8,VW,Petrol,908
2025,8,XPENG,BEV,1
2025,8,ZEEKR,BEV,10
2025,9,ABARTH,BEV,14
2025,9,ALFA ROMEO,BEV,15
2025,9,ALFA ROMEO,Diesel,2
2025,9,ALFA ROMEO,Hybrid (Petrol),79
2025,9,ALFA ROMEO,PHEV,9
2025,9,ALFA ROMEO,Petrol,11
2025,9,ALPINA,Diesel,1
2025,9,ALPINA,Hybrid (Diesel),1
2025,9,ALPINA,Petrol,8
2025,9,ALPINE,BEV,22
2025,9,ALPINE,Petrol,3
2025,9,ASTON MARTIN,Petrol,17
2025,9,AUDI,BEV,360
2025,9,AUDI,Diesel,51
2025,9,AUDI,Hybrid (Diesel),126
2025,9,AUDI,Hybrid (Petrol),342
2025,9,AUDI,PHEV,109
2025,9,AUDI,Petrol,505
2025,9,Avantier,BEV,1
2025,9,BAIC,Hybrid (Petrol),1
2025,9,BAIC,Petrol,8
2025,9,BENTLEY,Hybrid (Petrol),10
2025,9,BENTLEY,PHEV,2
2025,9,BENTLEY,Petrol,2
2025,9,BMW,BEV,248
2025,9,BMW,Diesel,15
2025,9,BMW,Hybrid (Diesel),378
2025,9,BMW,Hybrid (Petrol),262
2025,9,BMW,PHEV,368
2025,9,BMW,Petrol,220
2025,9,BUGATTI,Petrol,1
2025,9,BYD,BEV,48
2025,9,BYD,Hybrid (Petrol),14
2025,9,BYD,PHEV,124
2025,9,BYD,Petrol,1
2025,9,CADILLAC,BEV,4
2025,9,CADILLAC,Petrol,10
2025,9,CATERHAM,Petrol,1
2025,9,CHEVROLET,Hybrid (Petrol),1
2025,9,CHEVROLET,Petrol,5
2025,9,CITROEN,BEV,45
2025,9,CITROEN,Diesel,47
2025,9,CITROEN,Hybrid (Petrol),129
2025,9,CITROEN,PHEV,34
2025,9,CITROEN,Petrol,36
2025,9,CUPRA,BEV,215
2025,9,CUPRA,Hybrid (Petrol),64
2025,9,CUPRA,PHEV,71
2025,9,CUPRA,Petrol,234
2025,9,DACIA,BEV,26
2025,9,DACIA,Hybrid (Petrol),373
2025,9,DACIA,Petrol,315
2025,9,DODGE,Diesel,1
2025,9,DODGE,Petrol,11
2025,9,DS,Hybrid (Petrol),11
2025,9,DS,PHEV,5
2025,9,FERRARI,Hybrid (Petrol),9
2025,9,FERRARI,PHEV,1
2025,9,FERRARI,Petrol,28
2025,9,FIAT,BEV,59
2025,9,FIAT,Diesel,3
2025,9,FIAT,Hybrid (Petrol),52
2025,9,FIAT,Petrol,1
2025,9,FISKER,BEV,4
2025,9,FORD,BEV,74
2025,9,FORD,Diesel,77
2025,9,FORD,Hybrid (Petrol),150
2025,9,FORD,PHEV,58
2025,9,FORD,Petrol,59
2025,9,GENESIS,BEV,18
2025,9,HONDA,BEV,15
2025,9,HONDA,Hybrid (Petrol),147
2025,9,HONDA,PHEV,31
2025,9,HONDA,Petrol,16
2025,9,HYUNDAI,BEV,186
2025,9,HYUNDAI,Hybrid (Petrol),255
2025,9,HYUNDAI,PHEV,50
2025,9,HYUNDAI,Petrol,203
2025,9,INEOS,Diesel,2
2025,9,INEOS,Petrol,1
2025,9,JAC,BEV,4
2025,9,JAGUAR,PHEV,9
2025,9,JEEP,BEV,6
2025,9,JEEP,Hybrid (Petrol),148
2025,9,JEEP,PHEV,10
2025,9,JEEP,Petrol,6
2025,9,JUMBOLINO,BEV,1
2025,9,KG MOBILITY,BEV,4
2025,9,KG MOBILITY,Diesel,6
2025,9,KG MOBILITY,Hybrid (Petrol),8
2025,9,KG MOBILITY,Petrol,22
2025,9,KIA,BEV,149
2025,9,KIA,Diesel,12
2025,9,KIA,Hybrid (Petrol),197
2025,9,KIA,PHEV,97
2025,9,KIA,Petrol,179
2025,9,LAMBORGHINI,Hybrid (Petrol),13
2025,9,LAMBORGHINI,Petrol,4
2025,9,LAND ROVER,Hybrid (Diesel),16
2025,9,LAND ROVER,Hybrid (Petrol),10
2025,9,LAND ROVER,PHEV,61
2025,9,LAND ROVER,Petrol,4
2025,9,LEAPMOTOR,BEV,52
2025,9,LEAPMOTOR,PHEV,28
2025,9,LEXUS,Hybrid (Petrol),30
2025,9,LEXUS,PHEV,11
2025,9,LOTUS,BEV,3
2025,9,LUCID,BEV,3
2025,9,MAN,Diesel,5
2025,9,MASERATI,Hybrid (Petrol),2
2025,9,MASERATI,Petrol,16
2025,9,MAZDA,BEV,84
2025,9,MAZDA,Hybrid (Diesel),18
2025,9,MAZDA,Hybrid (Petrol),87
2025,9,MAZDA,PHEV,12
2025,9,MAZDA,Petrol,4
2025,9,MC LAREN,Hybrid (Petrol),1
2025,9,MC LAREN,Petrol,1
2025,9,MERCEDES-AMG,PHEV,1
2025,9,MERCEDES-AMG,Petrol,13
2025,9,MERCEDES-BENZ,BEV,212
2025,9,MERCEDES-BENZ,Diesel,186
2025,9,MERCEDES-BENZ,Diesel PHEV,52
2025,9,MERCEDES-BENZ,Hybrid (Diesel),295
2025,9,MERCEDES-BENZ,Hybrid (Petrol),802
2025,9,MERCEDES-BENZ,PHEV,289
2025,9,MERCEDES-BENZ,Petrol,50
2025,9,MG,BEV,107
2025,9,MG,Hybrid (Petrol),240
2025,9,MG,PHEV,59
2025,9,MG,Petrol,28
2025,9,MINI,BEV,96
2025,9,MINI,Hybrid (Petrol),11
2025,9,MINI,Petrol,118
2025,9,MITSUBISHI,Hybrid (Petrol),76
2025,9,MITSUBISHI,PHEV,64
2025,9,MITSUBISHI,Petrol,31
2025,9,MORGAN,Petrol,1
2025,9,NISSAN,BEV,15
2025,9,NISSAN,Diesel,1
2025,9,NISSAN,Hybrid (Petrol),44
2025,9,NISSAN,Petrol,4
2025,9,OPEL,BEV,44
2025,9,OPEL,Diesel,14
2025,9,OPEL,Hybrid (Petrol),243
2025,9,OPEL,PHEV,6
2025,9,OPEL,Petrol,34
2025,9,PAGANI,Diesel,1
2025,9,PEUGEOT,BEV,76
2025,9,PEUGEOT,Diesel,36
2025,9,PEUGEOT,Hybrid (Petrol),272
2025,9,PEUGEOT,PHEV,7
2025,9,PEUGEOT,Petrol,9
2025,9,POLESTAR,BEV,96
2025,9,PORSCHE,BEV,77
2025,9,PORSCHE,Hybrid (Petrol),56
2025,9,PORSCHE,PHEV,67
2025,9,PORSCHE,Petrol,116
2025,9,RENAULT,BEV,174
2025,9,RENAULT,Diesel,9
2025,9,RENAULT,Hybrid (Petrol),292
2025,9,RENAULT,PHEV,73
2025,9,RENAULT,Petrol,72
2025,9,ROLLS ROYCE,BEV,1
2025,9,ROLLS ROYCE,Petrol,3
2025,9,SEAT,Diesel,21
2025,9,SEAT,Hybrid (Petrol),24
2025,9,SEAT,PHEV,3
2025,9,SEAT,Petrol,175
2025,9,SERES,BEV,8
2025,9,SKODA,BEV,628
2025,9,SKODA,Diesel,254
2025,9,SKODA,Hybrid (Petrol),64
2025,9,SKODA,PHEV,70
2025,9,SKODA,Petrol,850
2025,9,SMART,BEV,56
2025,9,SSANGYONG,BEV,4
2025,9,SSANGYONG,Diesel,1
2025,9,SSANGYONG,Petrol,4
2025,9,SUBARU,BEV,7
2025,9,SUBARU,Hybrid (Petrol),115
2025,9,SUBARU,Petrol,23
2025,9,SUZUKI,Hybrid (Petrol),257
2025,9,SUZUKI,PHEV,19
2025,9,SWM,PHEV,1
2025,9,TESLA,BEV,1007
2025,9,TOYOTA,BEV,31
2025,9,TOYOTA,Diesel,57
2025,9,TOYOTA,Hybrid (Petrol),721
2025,9,TOYOTA,PHEV,153
2025,9,TOYOTA,Petrol,105
2025,9,VOLVO,BEV,418
2025,9,VOLVO,Hybrid (Diesel),3
2025,9,VOLVO,Hybrid (Petrol),124
2025,9,VOLVO,PHEV,213
2025,9,VOLVO,Petrol,1
2025,9,VW,BEV,437
2025,9,VW,Diesel,316
2025,9,VW,Hybrid (Petrol),273
2025,9,VW,PHEV,326
2025,9,VW,Petrol,786
2025,9,XPENG,BEV,3
2025,9,ZEEKR,BEV,7
2025,10,ABARTH,BEV,1
2025,10,ALFA ROMEO,BEV,8
2025,10,ALFA ROMEO,Hybrid (Petrol),71
2025,10,ALFA ROMEO,PHEV,6
2025,10,ALFA ROMEO,Petrol,16
2025,10,ALPINA,Diesel,1
2025,10,ALPINA,Petrol,3
2025,10,ALPINE,BEV,13
2025,10,ALPINE,Petrol,3
2025,10,ASTON MARTIN,Petrol,11
2025,10,AUDI,BEV,296
2025,10,AUDI,Diesel,9
2025,10,AUDI,Hybrid (Diesel),100
2025,10,AUDI,Hybrid (Petrol),236
2025,10,AUDI,PHEV,139
2025,10,AUDI,Petrol,695
2025,10,BAIC,Hybrid (Petrol),1
2025,10,BAIC,Petrol,6
2025,10,BENTLEY,Hybrid (Petrol),7
2025,10,BENTLEY,PHEV,1
2025,10,BENTLEY,Petrol,4
2025,10,BMW,BEV,235
2025,10,BMW,Diesel,43
2025,10,BMW,Hybrid (Diesel),376
2025,10,BMW,Hybrid (Petrol),269
2025,10,BMW,PHEV,465
2025,10,BMW,Petrol,210
2025,10,BUGATTI,Petrol,1
2025,10,BYD,BEV,74
2025,10,BYD,Hybrid (Petrol),5
2025,10,BYD,PHEV,65
2025,10,CADILLAC,BEV,1
2025,10,CADILLAC,Petrol,2
2025,10,CATERHAM,Petrol,1
2025,10,CHEVROLET,Hybrid (Petrol),1
2025,10,CHEVROLET,Petrol,2
2025,10,CITROEN,BEV,55
2025,10,CITROEN,Diesel,18
2025,10,CITROEN,Hybrid (Petrol),107
2025,10,CITROEN,PHEV,4
2025,10,CITROEN,Petrol,52
2025,10,CUPRA,BEV,181
2025,10,CUPRA,Hybrid (Petrol),56
2025,10,CUPRA,PHEV,62
2025,10,CUPRA,Petrol,183
2025,10,DACIA,BEV,31
2025,10,DACIA,Hybrid (Petrol),437
2025,10,DACIA,Petrol,336
2025,10,DALLARA,Petrol,1
2025,10,DODGE,Petrol,6
2025,10,DONGFENG,BEV,7
2025,10,DS,BEV,6
2025,10,DS,Diesel,6
2025,10,DS,Hybrid (Petrol),15
2025,10,DS,PHEV,6
2025,10,FERRARI,Hybrid (Petrol),11
2025,10,FERRARI,PHEV,1
2025,10,FERRARI,Petrol,29
2025,10,FIAT,BEV,41
2025,10,FIAT,Diesel,4
2025,10,FIAT,Hybrid (Petrol),119
2025,10,FIAT,Petrol,1
2025,10,FISKER,BEV,2
2025,10,FORD,BEV,144
2025,10,FORD,Diesel,66
2025,10,FORD,Hybrid (Petrol),188
2025,10,FORD,PHEV,61
2025,10,FORD,Petrol,47
2025,10,GENESIS,BEV,22
2025,10,GENESIS,Hybrid (Petrol),1
2025,10,HONDA,BEV,6
2025,10,HONDA,Hybrid (Petrol),151
2025,10,HONDA,PHEV,34
2025,10,HONDA,Petrol,9
2025,10,HYUNDAI,BEV,204
2025,10,HYUNDAI,Hybrid (Petrol),286
2025,10,HYUNDAI,PHEV,37
2025,10,HYUNDAI,Petrol,197
2025,10,INEOS,Diesel,2
2025,10,INEOS,Petrol,1
2025,10,JAC,BEV,44
2025,10,JAGUAR,PHEV,1
2025,10,JAGUAR,Petrol,1
2025,10,JEEP,BEV,7
2025,10,JEEP,Hybrid (Petrol),98
2025,10,JEEP,PHEV,3
2025,10,JEEP,Petrol,6
2025,10,JUMBOLINO,BEV,1
2025,10,KG MOBILITY,BEV,4
2025,10,KG MOBILITY,Diesel,4
2025,10,KG MOBILITY,Hybrid (Petrol),5
2025,10,KG MOBILITY,Petrol,23
2025,10,KIA,BEV,192
2025,10,KIA,Diesel,7
2025,10,KIA,Hybrid (Petrol),138
2025,10,KIA,PHEV,65
2025,10,KIA,Petrol,108
2025,10,LAMBORGHINI,Hybrid (Petrol),15
2025,10,LAMBORGHINI,Petrol,5
2025,10,LAND ROVER,Hybrid (Diesel),22
2025,10,LAND ROVER,Hybrid (Petrol),15
2025,10,LAND ROVER,PHEV,72
2025,10,LAND ROVER,Petrol,9
2025,10,LEAPMOTOR,BEV,73
2025,10,LEAPMOTOR,PHEV,39
2025,10,LEXUS,Hybrid (Petrol),43
2025,10,LEXUS,PHEV,20
2025,10,LEXUS,Petrol,1
2025,10,LOTUS,BEV,1
2025,10,LOTUS,Petrol,1
2025,10,LUCID,BEV,1
2025,10,MAN,Diesel,6
2025,10,MASERATI,BEV,2
2025,10,MASERATI,Hybrid (Petrol),6
2025,10,MASERATI,Petrol,10
2025,10,MAZDA,BEV,28
2025,10,MAZDA,Hybrid (Diesel),25
2025,10,MAZDA,Hybrid (Petrol),100
2025,10,MAZDA,PHEV,21
2025,10,MAZDA,Petrol,3
2025,10,MC LAREN,Petrol,4
2025,10,MERCEDES-AMG,Hybrid (Petrol),3
2025,10,MERCEDES-AMG,PHEV,2
2025,10,MERCEDES-AMG,Petrol,6
2025,10,MERCEDES-BENZ,BEV,143
2025,10,MERCEDES-BENZ,Diesel,192
2025,10,MERCEDES-BENZ,Diesel PHEV,36
2025,10,MERCEDES-BENZ,Hybrid (Diesel),258
2025,10,MERCEDES-BENZ,Hybrid (Petrol),577
2025,10,MERCEDES-BENZ,PHEV,202
2025,10,MERCEDES-BENZ,Petrol,22
2025,10,MG,BEV,60
2025,10,MG,Hybrid (Petrol),204
2025,10,MG,PHEV,36
2025,10,MG,Petrol,13
2025,10,MINI,BEV,69
2025,10,MINI,Hybrid (Petrol),29
2025,10,MINI,Petrol,92
2025,10,MITSUBISHI,Hybrid (Petrol),59
2025,10,MITSUBISHI,PHEV,46
2025,10,MITSUBISHI,Petrol,22
2025,10,NIBBI,Petrol,1
2025,10,NISSAN,BEV,5
2025,10,NISSAN,Diesel,1
2025,10,NISSAN,Hybrid (Petrol),23
2025,10,NISSAN,Petrol,4
2025,10,OMODA,Hybrid (Petrol),1
2025,10,OPEL,BEV,41
2025,10,OPEL,Diesel,16
2025,10,OPEL,Hybrid (Petrol),196
2025,10,OPEL,PHEV,12
2025,10,OPEL,Petrol,49
2025,10,PAGANI,Petrol,1
2025,10,PEUGEOT,BEV,58
2025,10,PEUGEOT,Diesel,40
2025,10,PEUGEOT,Hybrid (Petrol),269
2025,10,PEUGEOT,PHEV,55
2025,10,PEUGEOT,Petrol,11
2025,10,POLESTAR,BEV,73
2025,10,PORSCHE,BEV,91
2025,10,PORSCHE,Hybrid (Petrol),71
2025,10,PORSCHE,PHEV,58
2025,10,PORSCHE,Petrol,130
2025,10,RENAULT,BEV,294
2025,10,RENAULT,Diesel,12
2025,10,RENAULT,Hybrid (Petrol),332
2025,10,RENAULT,PHEV,46
2025,10,RENAULT,Petrol,59
2025,10,ROLLS ROYCE,BEV,2
2025,10,ROLLS ROYCE,Petrol,1
2025,10,SEAT,Diesel,12
2025,10,SEAT,Hybrid (Petrol),30
2025,10,SEAT,PHEV,4
2025,10,SEAT,Petrol,162
2025,10,SERES,BEV,5
2025,10,SKODA,BEV,720
2025,10,SKODA,Diesel,343
2025,10,SKODA,Hybrid (Petrol),65
2025,10,SKODA,PHEV,72
2025,10,SKODA,Petrol,882
2025,10,SKYWELL,BEV,1
2025,10,SMART,BEV,76
2025,10,SSANGYONG,BEV,2
2025,10,SSANGYONG,Petrol,1
2025,10,SUBARU,BEV,7
2025,10,SUBARU,Hybrid (Petrol),52
2025,10,SUBARU,Petrol,12
2025,10,SUZUKI,Hybrid (Petrol),295
2025,10,SUZUKI,PHEV,16
2025,10,SWM,Hybrid (Petrol),2
2025,10,TESLA,BEV,125
2025,10,TOYOTA,BEV,25
2025,10,TOYOTA,Diesel,46
2025,10,TOYOTA,Hybrid (Petrol),631
2025,10,TOYOTA,Hydrogen,1
2025,10,TOYOTA,PHEV,145
2025,10,TOYOTA,Petrol,74
2025,10,VAUXHALL,Petrol,1
2025,10,VOLVO,BEV,376
2025,10,VOLVO,Hybrid (Diesel),2
2025,10,VOLVO,Hybrid (Petrol),211
2025,10,VOLVO,PHEV,202
2025,10,VOLVO,Petrol,1
2025,10,VOYAH,BEV,1
2025,10,VW,BEV,348
2025,10,VW,Diesel,352
2025,10,VW,Hybrid (Petrol),282
2025,10,VW,PHEV,275
2025,10,VW,Petrol,811
2025,10,XPENG,BEV,6
2025,10,ZEEKR,BEV,20
2025,11,ABARTH,BEV,4
2025,11,ABT,Petrol,1
2025,11,ALFA ROMEO,BEV,5
2025,11,ALFA ROMEO,Diesel,2
2025,11,ALFA ROMEO,Hybrid (Petrol),65
2025,11,ALFA ROMEO,PHEV,1
2025,11,ALFA ROMEO,Petrol,17
2025,11,ALPINA,Diesel,2
2025,11,ALPINA,Hybrid (Diesel),1
2025,11,ALPINA,Petrol,5
2025,11,ALPINE,BEV,30
2025,11,ALPINE,Petrol,4
2025,11,ASTON MARTIN,Petrol,4
2025,11,AUDI,BEV,325
2025,11,AUDI,Diesel,8
2025,11,AUDI,Hybrid (Diesel),101
2025,11,AUDI,Hybrid (Petrol),224
2025,11,AUDI,PHEV,176
2025,11,AUDI,Petrol,464
2025,11,BAIC,Hybrid (Petrol),3
2025,11,BAIC,Petrol,5
2025,11,BENTLEY,Hybrid (Petrol),3
2025,11,BENTLEY,PHEV,2
2025,11,BENTLEY,Petrol,7
2025,11,BMW,BEV,215
2025,11,BMW,Diesel,24
2025,11,BMW,Hybrid (Diesel),344
2025,11,BMW,Hybrid (Petrol),268
2025,11,BMW,PHEV,345
2025,11,BMW,Petrol,174
2025,11,BUGATTI,Petrol,1
2025,11,BYD,BEV,64
2025,11,BYD,Hybrid (Petrol),5
2025,11,BYD,PHEV,66
2025,11,CADILLAC,BEV,9
2025,11,CADILLAC,Petrol,2
2025,11,CITROEN,BEV,108
2025,11,CITROEN,Diesel,29
2025,11,CITROEN,Hybrid (Petrol),163
2025,11,CITROEN,PHEV,1
2025,11,CITROEN,Petrol,76
2025,11,CUPRA,BEV,271
2025,11,CUPRA,Hybrid (Petrol),57
2025,11,CUPRA,PHEV,90
2025,11,CUPRA,Petrol,252
2025,11,DACIA,BEV,30
2025,11,DACIA,Hybrid (Petrol),541
2025,11,DACIA,Petrol,351
2025,11,DODGE,Petrol,9
2025,11,DONGFENG,BEV,6
2025,11,DS,BEV,12
2025,11,DS,Hybrid (Petrol),8
2025,11,DS,PHEV,10
2025,11,FAVERO,Diesel,1
2025,11,FERRARI,Hybrid (Petrol),10
2025,11,FERRARI,PHEV,1
2025,11,FERRARI,Petrol,30
2025,11,FIAT,BEV,35
2025,11,FIAT,Diesel,1
2025,11,FIAT,Hybrid (Petrol),179
2025,11,FISKER,BEV,2
2025,11,FORD,BEV,166
2025,11,FORD,Diesel,86
2025,11,FORD,Hybrid (Diesel),1
2025,11,FORD,Hybrid (Petrol),138
2025,11,FORD,PHEV,31
2025,11,FORD,Petrol,43
2025,11,GENESIS,BEV,19
2025,11,GENESIS,Hybrid (Petrol),1
2025,11,HONDA,BEV,3
2025,11,HONDA,Hybrid (Petrol),144
2025,11,HONDA,PHEV,27
2025,11,HONDA,Petrol,7
2025,11,HYUNDAI,BEV,236
2025,11,HYUNDAI,Hybrid (Petrol),355
2025,11,HYUNDAI,PHEV,80
2025,11,HYUNDAI,Petrol,217
2025,11,INEOS,Diesel,1
2025,11,INEOS,Petrol,1
2025,11,JAC,BEV,33
2025,11,JAGUAR,PHEV,1
2025,11,JAGUAR,Petrol,3
2025,11,JEEP,BEV,4
2025,11,JEEP,Hybrid (Petrol),69
2025,11,JEEP,PHEV,7
2025,11,JEEP,Petrol,4
2025,11,KG MOBILITY,BEV,11
2025,11,KG MOBILITY,Diesel,13
2025,11,KG MOBILITY,Hybrid (Petrol),7
2025,11,KG MOBILITY,Petrol,33
2025,11,KIA,BEV,107
2025,11,KIA,Diesel,12
2025,11,KIA,Hybrid (Petrol),121
2025,11,KIA,PHEV,95
2025,11,KIA,Petrol,92
2025,11,LAMBORGHINI,Hybrid (Petrol),11
2025,11,LAMBORGHINI,Petrol,1
2025,11,LAND ROVER,Hybrid (Diesel),22
2025,11,LAND ROVER,Hybrid (Petrol),18
2025,11,LAND ROVER,PHEV,39
2025,11,LAND ROVER,Petrol,8
2025,11,LEAPMOTOR,BEV,126
2025,11,LEAPMOTOR,PHEV,32
2025,11,LEXUS,Hybrid (Petrol),43
2025,11,LEXUS,PHEV,31
2025,11,LOTUS,BEV,3
2025,11,LUCID,BEV,11
2025,11,MAN,Diesel,3
2025,11,MASERATI,BEV,4
2025,11,MASERATI,Hybrid (Petrol),8
2025,11,MASERATI,Petrol,8
2025,11,MAZDA,BEV,34
2025,11,MAZDA,Hybrid (Diesel),14
2025,11,MAZDA,Hybrid (Petrol),144
2025,11,MAZDA,PHEV,7
2025,11,MAZDA,Petrol,2
2025,11,MC LAREN,Petrol,1
2025,11,MERCEDES-AMG,PHEV,2
2025,11,MERCEDES-AMG,Petrol,9
2025,11,MERCEDES-BENZ,BEV,173
2025,11,MERCEDES-BENZ,Diesel,223
2025,11,MERCEDES-BENZ,Diesel PHEV,44
2025,11,MERCEDES-BENZ,Hybrid (Diesel),285
2025,11,MERCEDES-BENZ,Hybrid (Petrol),622
2025,11,MERCEDES-BENZ,PHEV,205
2025,11,MERCEDES-BENZ,Petrol,31
2025,11,MG,BEV,100
2025,11,MG,Hybrid (Petrol),215
2025,11,MG,PHEV,49
2025,11,MG,Petrol,39
2025,11,MINI,BEV,88
2025,11,MINI,Hybrid (Petrol),27
2025,11,MINI,Petrol,83
2025,11,MITSUBISHI,Hybrid (Petrol),80
2025,11,MITSUBISHI,PHEV,23
2025,11,MITSUBISHI,Petrol,6
2025,11,MORGAN,Petrol,1
2025,11,NISSAN,BEV,8
2025,11,NISSAN,Diesel,2
2025,11,NISSAN,Hybrid (Petrol),82
2025,11,NISSAN,Petrol,9
2025,11,OPEL,BEV,21
2025,11,OPEL,Diesel,13
2025,11,OPEL,Hybrid (Petrol),212
2025,11,OPEL,PHEV,15
2025,11,OPEL,Petrol,18
2025,11,PAGANI,Petrol,1
2025,11,PEUGEOT,BEV,77
2025,11,PEUGEOT,Diesel,50
2025,11,PEUGEOT,Hybrid (Petrol),218
2025,11,PEUGEOT,PHEV,15
2025,11,PEUGEOT,Petrol,3
2025,11,POLESTAR,BEV,52
2025,11,PORSCHE,BEV,43
2025,11,PORSCHE,Hybrid (Petrol),42
2025,11,PORSCHE,PHEV,51
2025,11,PORSCHE,Petrol,77
2025,11,RENAULT,BEV,322
2025,11,RENAULT,Diesel,29
2025,11,RENAULT,Hybrid (Petrol),292
2025,11,RENAULT,PHEV,41
2025,11,RENAULT,Petrol,35
2025,11,ROLLS ROYCE,BEV,1
2025,11,ROLLS ROYCE,Petrol,1
2025,11,SEAT,Diesel,18
2025,11,SEAT,Hybrid (Petrol),15
2025,11,SEAT,PHEV,3
2025,11,SEAT,Petrol,151
2025,11,SERES,BEV,4
2025,11,SKODA,BEV,922
2025,11,SKODA,Diesel,355
2025,11,SKODA,Hybrid (Petrol),73
2025,11,SKODA,PHEV,81
2025,11,SKODA,Petrol,1022
2025,11,SKYWELL,BEV,1
2025,11,SMART,BEV,58
2025,11,SSANGYONG,Petrol,2
2025,11,SUBARU,BEV,5
2025,11,SUBARU,Hybrid (Petrol),43
2025,11,SUBARU,Petrol,20
2025,11,SUZUKI,BEV,67
2025,11,SUZUKI,Hybrid (Petrol),275
2025,11,SUZUKI,PHEV,9
2025,11,SWM,Petrol,1
2025,11,TESLA,BEV,243
2025,11,TOYOTA,BEV,25
2025,11,TOYOTA,Diesel,37
2025,11,TOYOTA,Hybrid (Petrol),703
2025,11,TOYOTA,PHEV,161
2025,11,TOYOTA,Petrol,118
2025,11,UEBRIGE (SIEHE TYP),BEV,1
2025,11,UEBRIGE (SIEHE TYP),Hybrid (Petrol),1
2025,11,UEBRIGE (SIEHE TYP),Petrol,1
2025,11,VOLVO,BEV,336
2025,11,VOLVO,Hybrid (Petrol),136
2025,11,VOLVO,PHEV,176
2025,11,VOLVO,Petrol,1
2025,11,VW,BEV,326
2025,11,VW,Diesel,332
2025,11,VW,Hybrid (Petrol),384
2025,11,VW,PHEV,290
2025,11,VW,Petrol,1172
2025,11,XPENG,BEV,10
2025,11,ZEEKR,BEV,42
2025,12,ABARTH,BEV,5
2025,12,ALFA ROMEO,BEV,10
2025,12,ALFA ROMEO,Diesel,1
2025,12,ALFA ROMEO,Hybrid (Petrol),158
2025,12,ALFA ROMEO,PHEV,5
2025,12,ALFA ROMEO,Petrol,69
2025,12,ALPINA,Petrol,2
2025,12,ALPINE,BEV,40
2025,12,ALPINE,Petrol,6
2025,12,ASTON MARTIN,Petrol,8
2025,12,AUDI,BEV,504
2025,12,AUDI,CNG,1
2025,12,AUDI,Diesel,5
2025,12,AUDI,Hybrid (Diesel),188
2025,12,AUDI,Hybrid (Petrol),310
2025,12,AUDI,PHEV,261
2025,12,AUDI,Petrol,713
2025,12,BAIC,Petrol,6
2025,12,BENTLEY,Hybrid (Petrol),8
2025,12,BENTLEY,PHEV,2
2025,12,BENTLEY,Petrol,7
2025,12,BMW,BEV,306
2025,12,BMW,Diesel,20
2025,12,BMW,Hybrid (Diesel),429
2025,12,BMW,Hybrid (Petrol),396
2025,12,BMW,PHEV,353
2025,12,BMW,Petrol,197
2025,12,BYD,BEV,95
2025,12,BYD,Hybrid (Petrol),4
2025,12,BYD,PHEV,73
2025,12,CADILLAC,BEV,14
2025,12,CADILLAC,Petrol,6
2025,12,CATERHAM,Petrol,2
2025,12,CHEVROLET,Hybrid (Petrol),1
2025,12,CHEVROLET,Petrol,1
2025,12,CITROEN,BEV,81
2025,12,CITROEN,Diesel,13
2025,12,CITROEN,Hybrid (Petrol),101
2025,12,CITROEN,Petrol,23
2025,12,CUPRA,BEV,489
2025,12,CUPRA,Hybrid (Petrol),56
2025,12,CUPRA,PHEV,152
2025,12,CUPRA,Petrol,281
2025,12,DACIA,BEV,59
2025,12,DACIA,Hybrid (Petrol),553
2025,12,DACIA,Petrol,250
2025,12,DODGE,Petrol,61
2025,12,DONGFENG,BEV,1
2025,12,DONGFENG,Hybrid (Petrol),1
2025,12,DS,BEV,12
2025,12,DS,Hybrid (Petrol),1
2025,12,DS,PHEV,12
2025,12,FERRARI,Hybrid (Petrol),17
2025,12,FERRARI,Petrol,37
2025,12,FIAT,BEV,95
2025,12,FIAT,Diesel,2
2025,12,FIAT,Hybrid (Petrol),152
2025,12,FORD,BEV,99
2025,12,FORD,Diesel,90
2025,12,FORD,Hybrid (Petrol),96
2025,12,FORD,PHEV,42
2025,12,FORD,Petrol,55
2025,12,GENESIS,BEV,20
2025,12,GENESIS,Diesel,1
2025,12,GENESIS,Petrol,3
2025,12,GMC,Diesel,1
2025,12,HONDA,BEV,4
2025,12,HONDA,Hybrid (Petrol),151
2025,12,HONDA,PHEV,25
2025,12,HONDA,Petrol,6
2025,12,HYUNDAI,BEV,241
2025,12,HYUNDAI,Hybrid (Diesel),2
2025,12,HYUNDAI,Hybrid (Petrol),288
2025,12,HYUNDAI,PHEV,81
2025,12,HYUNDAI,Petrol,461
2025,12,INEOS,Diesel,2
2025,12,INEOS,Petrol,4
2025,12,JAC,BEV,140
2025,12,JEEP,BEV,6
2025,12,JEEP,Diesel,1
2025,12,JEEP,Hybrid (Petrol),126
2025,12,JEEP,PHEV,17
2025,12,JEEP,Petrol,15
2025,12,JIALING,BEV,2
2025,12,JUMBOLINO,BEV,1
2025,12,KG MOBILITY,BEV,9
2025,12,KG MOBILITY,Diesel,9
2025,12,KG MOBILITY,Hybrid (Petrol),5
2025,12,KG MOBILITY,Petrol,17
2025,12,KIA,BEV,150
2025,12,KIA,Diesel,6
2025,12,KIA,Hybrid (Petrol),130
2025,12,KIA,PHEV,95
2025,12,KIA,Petrol,128
2025,12,KOENIG,Petrol,1
2025,12,LAMBORGHINI,Hybrid (Petrol),6
2025,12,LAMBORGHINI,Petrol,3
2025,12,LAND ROVER,Hybrid (Diesel),40
2025,12,LAND ROVER,Hybrid (Petrol),53
2025,12,LAND ROVER,PHEV,37
2025,12,LAND ROVER,Petrol,6
2025,12,LEAPMOTOR,BEV,162
2025,12,LEAPMOTOR,PHEV,17
2025,12,LEXUS,Hybrid (Petrol),32
2025,12,LEXUS,PHEV,27
2025,12,LOTUS,BEV,6
2025,12,LOTUS,Petrol,7
2025,12,MAN,BEV,2
2025,12,MAN,Diesel,2
2025,12,MASERATI,BEV,15
2025,12,MASERATI,Hybrid (Petrol),8
2025,12,MASERATI,Petrol,14
2025,12,MAXUS,BEV,2
2025,12,MAZDA,BEV,41
2025,12,MAZDA,Hybrid (Diesel),23
2025,12,MAZDA,Hybrid (Petrol),139
2025,12,MAZDA,PHEV,14
2025,12,MAZDA,Petrol,4
2025,12,MC LAREN,Hybrid (Petrol),1
2025,12,MC LAREN,Petrol,2
2025,12,MERCEDES-AMG,Hybrid (Petrol),1
2025,12,MERCEDES-AMG,PHEV,4
2025,12,MERCEDES-AMG,Petrol,10
2025,12,MERCEDES-BENZ,BEV,205
2025,12,MERCEDES-BENZ,Diesel,319
2025,12,MERCEDES-BENZ,Diesel PHEV,59
2025,12,MERCEDES-BENZ,Hybrid (Diesel),390
2025,12,MERCEDES-BENZ,Hybrid (Petrol),964
2025,12,MERCEDES-BENZ,PHEV,321
2025,12,MERCEDES-BENZ,Petrol,39
2025,12,MG,BEV,101
2025,12,MG,Hybrid (Petrol),350
2025,12,MG,PHEV,93
2025,12,MG,Petrol,58
2025,12,MINI,BEV,107
2025,12,MINI,Hybrid (Petrol),24
2025,12,MINI,Petrol,95
2025,12,MITSUBISHI,BEV,72
2025,12,MITSUBISHI,Hybrid (Petrol),86
2025,12,MITSUBISHI,PHEV,53
2025,12,MITSUBISHI,Petrol,16
2025,12,MORGAN,Petrol,3
2025,12,NISSAN,BEV,451
2025,12,NISSAN,Diesel,4
2025,12,NISSAN,Hybrid (Petrol),104
2025,12,NISSAN,Petrol,16
2025,12,OPEL,BEV,44
2025,12,OPEL,Diesel,6
2025,12,OPEL,Hybrid (Petrol),141
2025,12,OPEL,PHEV,5
2025,12,OPEL,Petrol,8
2025,12,PEUGEOT,BEV,36
2025,12,PEUGEOT,Diesel,36
2025,12,PEUGEOT,Hybrid (Petrol),194
2025,12,PEUGEOT,PHEV,10
2025,12,PEUGEOT,Petrol,10
2025,12,POLESTAR,BEV,118
2025,12,PORSCHE,BEV,53
2025,12,PORSCHE,Hybrid (Petrol),27
2025,12,PORSCHE,PHEV,43
2025,12,PORSCHE,Petrol,71
2025,12,RENAULT,BEV,292
2025,12,RENAULT,Diesel,5
2025,12,RENAULT,Hybrid (Petrol),345
2025,12,RENAULT,PHEV,76
2025,12,RENAULT,Petrol,31
2025,12,ROLLS ROYCE,Petrol,1
2025,12,SEAT,Diesel,9
2025,12,SEAT,Hybrid (Petrol),34
2025,12,SEAT,PHEV,31
2025,12,SEAT,Petrol,142
2025,12,SERES,BEV,5
2025,12,SKODA,BEV,981
2025,12,SKODA,Diesel,201
2025,12,SKODA,Hybrid (Petrol),109
2025,12,SKODA,PHEV,84
2025,12,SKODA,Petrol,932
2025,12,SKYWELL,BEV,2
2025,12,SMART,BEV,87
2025,12,SSANGYONG,BEV,1
2025,12,SSANGYONG,Petrol,1
2025,12,SUBARU,BEV,3
2025,12,SUBARU,Hybrid (Petrol),63
2025,12,SUBARU,Petrol,18
2025,12,SUZUKI,BEV,144
2025,12,SUZUKI,Hybrid (Petrol),304
2025,12,SUZUKI,PHEV,9
2025,12,TESLA,BEV,1580
2025,12,TOYOTA,BEV,520
2025,12,TOYOTA,Diesel,14
2025,12,TOYOTA,Hybrid (Diesel),6
2025,12,TOYOTA,Hybrid (Petrol),993
2025,12,TOYOTA,PHEV,218
2025,12,TOYOTA,Petrol,86
2025,12,UEBRIGE (SIEHE TYP),BEV,3
2025,12,UEBRIGE (SIEHE TYP),Diesel,1
2025,12,UEBRIGE (SIEHE TYP),Petrol,2
2025,12,VOLVO,BEV,569
2025,12,VOLVO,Hybrid (Petrol),221
2025,12,VOLVO,PHEV,332
2025,12,VOLVO,Petrol,1
2025,12,VOYAH,BEV,3
2025,12,VW,BEV,429
2025,12,VW,Diesel,607
2025,12,VW,Hybrid (Petrol),422
2025,12,VW,PHEV,330
2025,12,VW,Petrol,1548
2025,12,XPENG,BEV,31
2025,12,ZEEKR,BEV,45
2026,1,ABARTH,BEV,1
2026,1,ALFA ROMEO,BEV,6
2026,1,ALFA ROMEO,Diesel,1
2026,1,ALFA ROMEO,Hybrid (Petrol),34
2026,1,ALFA ROMEO,Petrol,14
2026,1,ALPINA,Petrol,5
2026,1,ALPINE,BEV,13
2026,1,ALPINE,Petrol,1
2026,1,ASTON MARTIN,Hybrid (Petrol),2
2026,1,ASTON MARTIN,Petrol,10
2026,1,AUDI,BEV,139
2026,1,AUDI,Diesel,9
2026,1,AUDI,Hybrid (Diesel),72
2026,1,AUDI,Hybrid (Petrol),179
2026,1,AUDI,PHEV,176
2026,1,AUDI,Petrol,327
2026,1,BAIC,Hybrid (Petrol),3
2026,1,BAIC,Petrol,3
2026,1,BENTLEY,Hybrid (Petrol),10
2026,1,BENTLEY,PHEV,2
2026,1,BENTLEY,Petrol,3
2026,1,BMW,BEV,166
2026,1,BMW,Diesel,81
2026,1,BMW,Hybrid (Diesel),423
2026,1,BMW,Hybrid (Petrol),264
2026,1,BMW,PHEV,316
2026,1,BMW,Petrol,148
2026,1,BUGATTI,Petrol,2
2026,1,BYD,BEV,73
2026,1,BYD,Hybrid (Petrol),5
2026,1,BYD,PHEV,68
2026,1,BYD,Petrol,1
2026,1,CADILLAC,BEV,1
2026,1,CHRYSLER,PHEV,1
2026,1,CITROEN,BEV,69
2026,1,CITROEN,Diesel,10
2026,1,CITROEN,Hybrid (Petrol),152
2026,1,CITROEN,PHEV,7
2026,1,CITROEN,Petrol,19
2026,1,CUPRA,BEV,48
2026,1,CUPRA,Hybrid (Petrol),48
2026,1,CUPRA,PHEV,28
2026,1,CUPRA,Petrol,195
2026,1,DACIA,BEV,22
2026,1,DACIA,Hybrid (Petrol),342
2026,1,DACIA,Petrol,191
2026,1,DONGFENG,BEV,1
2026,1,DS,BEV,8
2026,1,DS,Hybrid (Petrol),5
2026,1,DS,PHEV,10
2026,1,FERRARI,Hybrid (Petrol),6
2026,1,FERRARI,Petrol,33
2026,1,FIAT,BEV,22
2026,1,FIAT,Diesel,1
2026,1,FIAT,Hybrid (Petrol),116
2026,1,FIAT,Petrol,1
2026,1,FISKER,BEV,1
2026,1,FORD,BEV,67
2026,1,FORD,Diesel,92
2026,1,FORD,Hybrid (Petrol),133
2026,1,FORD,PHEV,27
2026,1,FORD,Petrol,29
2026,1,GENESIS,BEV,13
2026,1,HONDA,Hybrid (Petrol),110
2026,1,HONDA,PHEV,15
2026,1,HONDA,Petrol,15
2026,1,HYUNDAI,BEV,118
2026,1,HYUNDAI,Hybrid (Petrol),160
2026,1,HYUNDAI,PHEV,19
2026,1,HYUNDAI,Petrol,104
2026,1,INEOS,Diesel,5
2026,1,INEOS,Petrol,2
2026,1,JAC,BEV,9
2026,1,JEEP,BEV,1
2026,1,JEEP,Hybrid (Petrol),56
2026,1,JEEP,PHEV,3
2026,1,KG MOBILITY,BEV,1
2026,1,KG MOBILITY,Diesel,8
2026,1,KG MOBILITY,Hybrid (Petrol),3
2026,1,KG MOBILITY,Petrol,8
2026,1,KIA,BEV,215
2026,1,KIA,Diesel,5
2026,1,KIA,Hybrid (Petrol),149
2026,1,KIA,PHEV,23
2026,1,KIA,Petrol,116
2026,1,LAMBORGHINI,Hybrid (Petrol),12
2026,1,LAMBORGHINI,Petrol,3
2026,1,LAND ROVER,Diesel,1
2026,1,LAND ROVER,Hybrid (Diesel),49
2026,1,LAND ROVER,Hybrid (Petrol),103
2026,1,LAND ROVER,PHEV,20
2026,1,LAND ROVER,Petrol,5
2026,1,LEAPMOTOR,BEV,111
2026,1,LEAPMOTOR,PHEV,17
2026,1,LEXUS,BEV,15
2026,1,LEXUS,Hybrid (Petrol),24
2026,1,LEXUS,PHEV,19
2026,1,LOTUS,Petrol,1
2026,1,LUCID,BEV,5
2026,1,MAN,Diesel,3
2026,1,MASERATI,BEV,1
2026,1,MASERATI,Hybrid (Petrol),2
2026,1,MASERATI,Petrol,11
2026,1,MAZDA,BEV,12
2026,1,MAZDA,Hybrid (Diesel),13
2026,1,MAZDA,Hybrid (Petrol),112
2026,1,MAZDA,PHEV,7
2026,1,MAZDA,Petrol,3
2026,1,MC LAREN,Hybrid (Petrol),1
2026,1,MC LAREN,Petrol,3
2026,1,MERCEDES-AMG,PHEV,2
2026,1,MERCEDES-AMG,Petrol,8
2026,1,MERCEDES-BENZ,BEV,100
2026,1,MERCEDES-BENZ,Diesel,202
2026,1,MERCEDES-BENZ,Diesel PHEV,31
2026,1,MERCEDES-BENZ,Hybrid (Diesel),216
2026,1,MERCEDES-BENZ,Hybrid (Petrol),389
2026,1,MERCEDES-BENZ,PHEV,114
2026,1,MERCEDES-BENZ,Petrol,17
2026,1,MG,BEV,29
2026,1,MG,Hybrid (Petrol),139
2026,1,MG,PHEV,10
2026,1,MG,Petrol,16
2026,1,MINI,BEV,65
2026,1,MINI,Hybrid (Petrol),31
2026,1,MINI,Petrol,95
2026,1,MITSUBISHI,BEV,4
2026,1,MITSUBISHI,Hybrid (Petrol),32
2026,1,MITSUBISHI,PHEV,42
2026,1,MITSUBISHI,Petrol,12
2026,1,NISSAN,BEV,37
2026,1,NISSAN,Diesel,4
2026,1,NISSAN,Hybrid (Petrol),95
2026,1,NISSAN,Petrol,8
2026,1,OPEL,BEV,59
2026,1,OPEL,Diesel,7
2026,1,OPEL,Hybrid (Petrol),130
2026,1,OPEL,PHEV,5
2026,1,OPEL,Petrol,25
2026,1,PEUGEOT,BEV,71
2026,1,PEUGEOT,Diesel,28
2026,1,PEUGEOT,Hybrid (Petrol),259
2026,1,PEUGEOT,PHEV,11
2026,1,PEUGEOT,Petrol,5
2026,1,POLESTAR,BEV,61
2026,1,PORSCHE,BEV,123
2026,1,PORSCHE,Hybrid (Petrol),61
2026,1,PORSCHE,PHEV,78
2026,1,PORSCHE,Petrol,142
2026,1,RENAULT,BEV,121
2026,1,RENAULT,Diesel,6
2026,1,RENAULT,Hybrid (Petrol),376
2026,1,RENAULT,PHEV,23
2026,1,RENAULT,Petrol,23
2026,1,RIMAC,BEV,1
2026,1,ROLLS ROYCE,BEV,1
2026,1,ROLLS ROYCE,Petrol,1
2026,1,SEAT,Diesel,4
2026,1,SEAT,Hybrid (Petrol),46
2026,1,SEAT,PHEV,1
2026,1,SEAT,Petrol,98
2026,1,SERES,BEV,2
2026,1,SKODA,BEV,396
2026,1,SKODA,Diesel,152
2026,1,SKODA,Hybrid (Petrol),53
2026,1,SKODA,PHEV,40
2026,1,SKODA,Petrol,650
2026,1,SKYWELL,BEV,1
2026,1,SMART,BEV,65
2026,1,SUBARU,Hybrid (Petrol),28
2026,1,SUBARU,Petrol,10
2026,1,SUZUKI,BEV,4
2026,1,SUZUKI,Hybrid (Petrol),224
2026,1,SUZUKI,PHEV,3
2026,1,SWM,Hybrid (Petrol),1
2026,1,SWM,PHEV,1
2026,1,TESLA,BEV,83
2026,1,TOYOTA,BEV,114
2026,1,TOYOTA,Diesel,32
2026,1,TOYOTA,Hybrid (Diesel),11
2026,1,TOYOTA,Hybrid (Petrol),696
2026,1,TOYOTA,PHEV,104
2026,1,TOYOTA,Petrol,39
2026,1,VOLVO,BEV,286
2026,1,VOLVO,Hybrid (Petrol),163
2026,1,VOLVO,PHEV,198
2026,1,VOLVO,Petrol,1
2026,1,VOYAH,BEV,4
2026,1,VW,BEV,125
2026,1,VW,Diesel,235
2026,1,VW,Hybrid (Petrol),293
2026,1,VW,PHEV,124
2026,1,VW,Petrol,590
2026,1,XPENG,BEV,21
2026,1,ZEEKR,BEV,43
2026,2,ABARTH,BEV,3
2026,2,ALFA ROMEO,BEV,9
2026,2,ALFA ROMEO,Hybrid (Petrol),60
2026,2,ALFA ROMEO,PHEV,1
2026,2,ALFA ROMEO,Petrol,11
2026,2,ALPINA,Hybrid (Diesel),2
2026,2,ALPINA,Petrol,6
2026,2,ALPINE,BEV,19
2026,2,ALPINE,Petrol,2
2026,2,ASTON MARTIN,Hybrid (Petrol),1
2026,2,ASTON MARTIN,Petrol,10
2026,2,AUDI,BEV,182
2026,2,AUDI,Diesel,4
2026,2,AUDI,Hybrid (Diesel),73
2026,2,AUDI,Hybrid (Petrol),252
2026,2,AUDI,PHEV,156
2026,2,AUDI,Petrol,664
2026,2,BAIC,Hybrid (Petrol),1
2026,2,BAIC,Petrol,4
2026,2,BENTLEY,Hybrid (Petrol),3
2026,2,BENTLEY,PHEV,2
2026,2,BENTLEY,Petrol,5
2026,2,BMW,BEV,179
2026,2,BMW,Diesel,10
2026,2,BMW,Hybrid (Diesel),445
2026,2,BMW,Hybrid (Petrol),257
2026,2,BMW,PHEV,295
2026,2,BMW,Petrol,234
2026,2,BYD,BEV,78
2026,2,BYD,Hybrid (Petrol),58
2026,2,BYD,PHEV,61
2026,2,CADILLAC,BEV,2
2026,2,CADILLAC,Petrol,1
2026,2,CITROEN,BEV,32
2026,2,CITROEN,Diesel,21
2026,2,CITROEN,Hybrid (Petrol),158
2026,2,CITROEN,Petrol,24
2026,2,CUPRA,BEV,112
2026,2,CUPRA,Hybrid (Petrol),53
2026,2,CUPRA,PHEV,44
2026,2,CUPRA,Petrol,217
2026,2,DACIA,BEV,22
2026,2,DACIA,Hybrid (Petrol),305
2026,2,DACIA,Petrol,280
2026,2,DONGFENG,BEV,1
2026,2,DS,BEV,9
2026,2,DS,Hybrid (Petrol),7
2026,2,DS,PHEV,5
2026,2,FERRARI,Hybrid (Petrol),5
2026,2,FERRARI,Petrol,24
2026,2,FIAT,BEV,19
2026,2,FIAT,Diesel,4
2026,2,FIAT,Hybrid (Petrol),99
2026,2,FISKER,BEV,1
2026,2,FORD,BEV,86
2026,2,FORD,CNG,1
2026,2,FORD,Diesel,76
2026,2,FORD,Hybrid (Petrol),133
2026,2,FORD,PHEV,59
2026,2,FORD,Petrol,38
2026,2,GENESIS,BEV,55
2026,2,GENESIS,Hybrid (Petrol),5
2026,2,HONDA,Hybrid (Petrol),154
2026,2,HONDA,PHEV,9
2026,2,HONDA,Petrol,10
2026,2,HYUNDAI,BEV,106
2026,2,HYUNDAI,Hybrid (Petrol),188
2026,2,HYUNDAI,PHEV,17
2026,2,HYUNDAI,Petrol,141
2026,2,INEOS,Diesel,1
2026,2,INEOS,Petrol,1
2026,2,JAC,BEV,10
2026,2,JEEP,BEV,16
2026,2,JEEP,Hybrid (Petrol),115
2026,2,JEEP,PHEV,4
2026,2,JEEP,Petrol,2
2026,2,KG MOBILITY,BEV,3
2026,2,KG MOBILITY,Diesel,2
2026,2,KG MOBILITY,Hybrid (Petrol),5
2026,2,KG MOBILITY,Petrol,21
2026,2,KIA,BEV,143
2026,2,KIA,Diesel,11
2026,2,KIA,Hybrid (Petrol),158
2026,2,KIA,PHEV,39
2026,2,KIA,Petrol,90
2026,2,LAMBORGHINI,Hybrid (Petrol),22
2026,2,LAMBORGHINI,PHEV,2
2026,2,LAMBORGHINI,Petrol,1
2026,2,LAND ROVER,Hybrid (Diesel),49
2026,2,LAND ROVER,Hybrid (Petrol),104
2026,2,LAND ROVER,PHEV,5
2026,2,LAND ROVER,Petrol,10
2026,2,LEAPMOTOR,BEV,93
2026,2,LEAPMOTOR,PHEV,23
2026,2,LEXUS,BEV,15
2026,2,LEXUS,Hybrid (Petrol),27
2026,2,LEXUS,PHEV,28
2026,2,LOTUS,Petrol,2
2026,2,LUCID,BEV,5
2026,2,MAN,Diesel,3
2026,2,MASERATI,Hybrid (Petrol),5
2026,2,MASERATI,Petrol,5
2026,2,MAXUS,BEV,1
2026,2,MAZDA,BEV,10
2026,2,MAZDA,Hybrid (Diesel),22
2026,2,MAZDA,Hybrid (Petrol),141
2026,2,MAZDA,PHEV,18
2026,2,MAZDA,Petrol,5
2026,2,MC LAREN,Hybrid (Petrol),1
2026,2,MC LAREN,Petrol,1
2026,2,MERCEDES-AMG,Petrol,8
2026,2,MERCEDES-BENZ,BEV,97
2026,2,MERCEDES-BENZ,Diesel,157
2026,2,MERCEDES-BENZ,Diesel PHEV,51
2026,2,MERCEDES-BENZ,Hybrid (Diesel),97
2026,2,MERCEDES-BENZ,Hybrid (Petrol),316
2026,2,MERCEDES-BENZ,PHEV,108
2026,2,MERCEDES-BENZ,Petrol,11
2026,2,MG,BEV,60
2026,2,MG,Hybrid (Petrol),277
2026,2,MG,PHEV,13
2026,2,MG,Petrol,13
2026,2,MINI,BEV,88
2026,2,MINI,Hybrid (Petrol),33
2026,2,MINI,Petrol,90
2026,2,MITSUBISHI,BEV,3
2026,2,MITSUBISHI,Hybrid (Petrol),51
2026,2,MITSUBISHI,PHEV,16
2026,2,MITSUBISHI,Petrol,9
2026,2,NISSAN,BEV,27
2026,2,NISSAN,Diesel,3
2026,2,NISSAN,Hybrid (Petrol),17
2026,2,NISSAN,Petrol,7
2026,2,OMODA,Hybrid (Petrol),1
2026,2,OPEL,BEV,37
2026,2,OPEL,Diesel,8
2026,2,OPEL,Hybrid (Petrol),226
2026,2,OPEL,PHEV,8
2026,2,OPEL,Petrol,12
2026,2,PEUGEOT,BEV,46
2026,2,PEUGEOT,Diesel,18
2026,2,PEUGEOT,Hybrid (Petrol),385
2026,2,PEUGEOT,PHEV,8
2026,2,PEUGEOT,Petrol,3
2026,2,POLESTAR,BEV,51
2026,2,PORSCHE,BEV,79
2026,2,PORSCHE,Hybrid (Petrol),69
2026,2,PORSCHE,PHEV,71
2026,2,PORSCHE,Petrol,95
2026,2,RENAULT,BEV,156
2026,2,RENAULT,Diesel,8
2026,2,RENAULT,Hybrid (Petrol),251
2026,2,RENAULT,PHEV,31
2026,2,RENAULT,Petrol,20
2026,2,ROLLS ROYCE,Petrol,7
2026,2,SEAT,Diesel,5
2026,2,SEAT,Hybrid (Petrol),21
2026,2,SEAT,PHEV,2
2026,2,SEAT,Petrol,148
2026,2,SERES,BEV,2
2026,2,SKODA,BEV,494
2026,2,SKODA,Diesel,237
2026,2,SKODA,Hybrid (Petrol),70
2026,2,SKODA,PHEV,57
2026,2,SKODA,Petrol,760
2026,2,SMART,BEV,40
2026,2,SSANGYONG,Petrol,3
2026,2,SUBARU,BEV,45
2026,2,SUBARU,Hybrid (Petrol),48
2026,2,SUBARU,Petrol,6
2026,2,SUZUKI,BEV,5
2026,2,SUZUKI,Hybrid (Petrol),189
2026,2,SUZUKI,PHEV,1
2026,2,TESLA,BEV,227
2026,2,TOYOTA,BEV,72
2026,2,TOYOTA,Diesel,22
2026,2,TOYOTA,Hybrid (Diesel),13
2026,2,TOYOTA,Hybrid (Petrol),625
2026,2,TOYOTA,PHEV,65
2026,2,TOYOTA,Petrol,25
2026,2,UEBRIGE (SIEHE TYP),Petrol,2
2026,2,VOLVO,BEV,157
2026,2,VOLVO,Hybrid (Petrol),194
2026,2,VOLVO,PHEV,221
2026,2,VOYAH,BEV,2
2026,2,VW,BEV,171
2026,2,VW,Diesel,339
2026,2,VW,Hybrid (Petrol),463
2026,2,VW,PHEV,177
2026,2,VW,Petrol,840
2026,2,XPENG,BEV,22
2026,2,ZEEKR,BEV,43
2026,3,ABARTH,BEV,10
2026,3,AIWAYS,BEV,1
2026,3,ALFA ROMEO,BEV,3
2026,3,ALFA ROMEO,Diesel,1
2026,3,ALFA ROMEO,Hybrid (Petrol),86
2026,3,ALFA ROMEO,Petrol,16
2026,3,ALPINA,Hybrid (Diesel),1
2026,3,ALPINA,Petrol,7
2026,3,ALPINE,BEV,23
2026,3,ALPINE,Petrol,6
2026,3,ASTON MARTIN,Hybrid (Petrol),1
2026,3,ASTON MARTIN,Petrol,26
2026,3,AUDI,BEV,417
2026,3,AUDI,Diesel,7
2026,3,AUDI,Hybrid (Diesel),114
2026,3,AUDI,Hybrid (Petrol),307
2026,3,AUDI,PHEV,244
2026,3,AUDI,Petrol,601
2026,3,BAIC,Hybrid (Petrol),5
2026,3,BAIC,Petrol,14
2026,3,BENTLEY,Hybrid (Petrol),8
2026,3,BENTLEY,Petrol,3
2026,3,BMW,BEV,469
2026,3,BMW,Diesel,21
2026,3,BMW,Hybrid (Diesel),491
2026,3,BMW,Hybrid (Petrol),457
2026,3,BMW,PHEV,478
2026,3,BMW,Petrol,272
2026,3,BYD,BEV,143
2026,3,BYD,Hybrid (Petrol),248
2026,3,BYD,PHEV,69
2026,3,CADILLAC,BEV,6
2026,3,CADILLAC,Petrol,1
2026,3,CATERHAM,Petrol,1
2026,3,CITROEN,BEV,39
2026,3,CITROEN,Diesel,38
2026,3,CITROEN,Hybrid (Petrol),207
2026,3,CITROEN,Petrol,53
2026,3,CLUB CAR,BEV,2
2026,3,CUPRA,BEV,158
2026,3,CUPRA,Hybrid (Petrol),46
2026,3,CUPRA,PHEV,49
2026,3,CUPRA,Petrol,288
2026,3,DACIA,BEV,32
2026,3,DACIA,Hybrid (Petrol),395
2026,3,DACIA,Petrol,315
2026,3,DALLARA,Petrol,2
2026,3,DFM,Hybrid (Petrol),1
2026,3,DODGE,Petrol,2
2026,3,DONGFENG,BEV,4
2026,3,DONGFENG,Diesel,1
2026,3,DONGFENG,Hybrid (Petrol),1
2026,3,DONGFENG,Petrol,1
2026,3,DS,BEV,6
2026,3,DS,Hybrid (Petrol),11
2026,3,DS,PHEV,9
2026,3,FERRARI,Hybrid (Petrol),21
2026,3,FERRARI,Petrol,36
2026,3,FIAT,BEV,54
2026,3,FIAT,Diesel,4
2026,3,FIAT,Hybrid (Petrol),135
2026,3,FIAT,Petrol,2
2026,3,FISKER,BEV,1
2026,3,FORD,BEV,95
2026,3,FORD,Diesel,71
2026,3,FORD,Hybrid (Petrol),139
2026,3,FORD,PHEV,56
2026,3,FORD,Petrol,69
2026,3,GENESIS,BEV,15
2026,3,GENESIS,Hybrid (Petrol),1
2026,3,HONDA,Hybrid (Petrol),250
2026,3,HONDA,PHEV,7
2026,3,HONDA,Petrol,15
2026,3,HYUNDAI,BEV,156
2026,3,HYUNDAI,Hybrid (Petrol),269
2026,3,HYUNDAI,PHEV,27
2026,3,HYUNDAI,Petrol,218
2026,3,INEOS,Diesel,2
2026,3,INEOS,Petrol,1
2026,3,JAC,BEV,32
2026,3,JAGUAR,Hybrid (Petrol),1
2026,3,JEEP,BEV,18
2026,3,JEEP,Hybrid (Petrol),129
2026,3,JEEP,PHEV,4
2026,3,JEEP,Petrol,2
2026,3,JUMBOLINO,BEV,1
2026,3,KG MOBILITY,BEV,6
2026,3,KG MOBILITY,Diesel,13
2026,3,KG MOBILITY,Hybrid (Petrol),16
2026,3,KG MOBILITY,Petrol,37
2026,3,KIA,BEV,176
2026,3,KIA,Diesel,20
2026,3,KIA,Hybrid (Petrol),202
2026,3,KIA,PHEV,38
2026,3,KIA,Petrol,146
2026,3,LAMBORGHINI,Hybrid (Petrol),30
2026,3,LAMBORGHINI,Petrol,1
2026,3,LAND ROVER,Hybrid (Diesel),58
2026,3,LAND ROVER,Hybrid (Petrol),190
2026,3,LAND ROVER,PHEV,11
2026,3,LAND ROVER,Petrol,8
2026,3,LEAPMOTOR,BEV,109
2026,3,LEAPMOTOR,PHEV,16
2026,3,LEXUS,BEV,7
2026,3,LEXUS,Hybrid (Petrol),26
2026,3,LEXUS,PHEV,19
2026,3,LOTUS,BEV,1
2026,3,LOTUS,Petrol,3
2026,3,LUCID,BEV,3
2026,3,LYNK&CO,PHEV,6
2026,3,MAN,Diesel,3
2026,3,MASERATI,BEV,4
2026,3,MASERATI,Hybrid (Petrol),4
2026,3,MASERATI,Petrol,15
2026,3,MAZDA,BEV,18
2026,3,MAZDA,Hybrid (Diesel),83
2026,3,MAZDA,Hybrid (Petrol),487
2026,3,MAZDA,PHEV,45
2026,3,MAZDA,Petrol,14
2026,3,MC LAREN,Hybrid (Petrol),1
2026,3,MC LAREN,Petrol,2
2026,3,MERCEDES-AMG,Hybrid (Petrol),1
2026,3,MERCEDES-AMG,Petrol,8
2026,3,MERCEDES-BENZ,BEV,232
2026,3,MERCEDES-BENZ,Diesel,241
2026,3,MERCEDES-BENZ,Diesel PHEV,51
2026,3,MERCEDES-BENZ,Hybrid (Diesel),271
2026,3,MERCEDES-BENZ,Hybrid (Petrol),607
2026,3,MERCEDES-BENZ,PHEV,227
2026,3,MERCEDES-BENZ,Petrol,24
2026,3,MG,BEV,146
2026,3,MG,Hybrid (Petrol),334
2026,3,MG,PHEV,24
2026,3,MG,Petrol,22
2026,3,MINI,BEV,90
2026,3,MINI,Hybrid (Petrol),31
2026,3,MINI,Petrol,147
2026,3,MITSUBISHI,BEV,10
2026,3,MITSUBISHI,Hybrid (Petrol),141
2026,3,MITSUBISHI,PHEV,27
2026,3,MITSUBISHI,Petrol,15
2026,3,MORGAN,Petrol,4
2026,3,NISSAN,BEV,49
2026,3,NISSAN,Diesel,5
2026,3,NISSAN,Hybrid (Petrol),192
2026,3,NISSAN,Petrol,23
2026,3,OPEL,BEV,70
2026,3,OPEL,Diesel,16
2026,3,OPEL,Hybrid (Petrol),347
2026,3,OPEL,PHEV,2
2026,3,OPEL,Petrol,6
2026,3,PEUGEOT,BEV,61
2026,3,PEUGEOT,Diesel,44
2026,3,PEUGEOT,Hybrid (Petrol),295
2026,3,PEUGEOT,PHEV,14
2026,3,PEUGEOT,Petrol,4
2026,3,POLESTAR,BEV,127
2026,3,PORSCHE,BEV,123
2026,3,PORSCHE,Hybrid (Petrol),123
2026,3,PORSCHE,PHEV,80
2026,3,PORSCHE,Petrol,172
2026,3,RENAULT,BEV,227
2026,3,RENAULT,Diesel,9
2026,3,RENAULT,Hybrid (Petrol),455
2026,3,RENAULT,PHEV,104
2026,3,RENAULT,Petrol,39
2026,3,ROLLS ROYCE,BEV,2
2026,3,ROLLS ROYCE,Petrol,2
2026,3,SEAT,Diesel,14
2026,3,SEAT,Hybrid (Petrol),24
2026,3,SEAT,Petrol,134
2026,3,SERES,BEV,2
2026,3,SKODA,BEV,652
2026,3,SKODA,Diesel,274
2026,3,SKODA,Hybrid (Petrol),97
2026,3,SKODA,PHEV,66
2026,3,SKODA,Petrol,969
2026,3,SMART,BEV,72
2026,3,STIMBO,BEV,1
2026,3,SUBARU,BEV,30
2026,3,SUBARU,Hybrid (Petrol),58
2026,3,SUBARU,Petrol,23
2026,3,SUZUKI,BEV,15
2026,3,SUZUKI,Hybrid (Petrol),324
2026,3,TESLA,BEV,685
2026,3,TOYOTA,BEV,174
2026,3,TOYOTA,Diesel,29
2026,3,TOYOTA,Hybrid (Diesel),21
2026,3,TOYOTA,Hybrid (Petrol),933
2026,3,TOYOTA,PHEV,65
2026,3,TOYOTA,Petrol,19
2026,3,UEBRIGE (SIEHE TYP),Hybrid (Petrol),2
2026,3,VOLVO,BEV,265
2026,3,VOLVO,Hybrid (Petrol),155
2026,3,VOLVO,PHEV,328
2026,3,VOLVO,Petrol,1
2026,3,VOYAH,BEV,2
2026,3,VW,BEV,248
2026,3,VW,Diesel,390
2026,3,VW,Hybrid (Petrol),650
2026,3,VW,PHEV,234
2026,3,VW,Petrol,1097
2026,3,XPENG,BEV,38
2026,3,ZEEKR,BEV,78
2026,4,ABARTH,BEV,3
2026,4,ABT,Petrol,1
2026,4,ALFA ROMEO,BEV,5
2026,4,ALFA ROMEO,Hybrid (Petrol),39
2026,4,ALFA ROMEO,Petrol,5
2026,4,ALPINA,Petrol,5
2026,4,ALPINE,BEV,39
2026,4,ALPINE,Petrol,9
2026,4,ASTON MARTIN,Hybrid (Petrol),2
2026,4,ASTON MARTIN,Petrol,17
2026,4,AUDI,BEV,241
2026,4,AUDI,Diesel,2
2026,4,AUDI,Hybrid (Diesel),69
2026,4,AUDI,Hybrid (Petrol),197
2026,4,AUDI,PHEV,236
2026,4,AUDI,Petrol,447
2026,4,BAIC,Hybrid (Petrol),2
2026,4,BAIC,Petrol,9
2026,4,BENTLEY,Hybrid (Petrol),14
2026,4,BENTLEY,PHEV,2
2026,4,BENTLEY,Petrol,2
2026,4,BMW,BEV,364
2026,4,BMW,Diesel,32
2026,4,BMW,Hybrid (Diesel),323
2026,4,BMW,Hybrid (Petrol),286
2026,4,BMW,PHEV,306
2026,4,BMW,Petrol,246
2026,4,BUGATTI,Petrol,2
2026,4,BYD,BEV,232
2026,4,BYD,Hybrid (Petrol),114
2026,4,BYD,PHEV,208
2026,4,CATERHAM,Petrol,4
2026,4,CHEVROLET,Hybrid (Petrol),1
2026,4,CHEVROLET,Petrol,1
2026,4,CITROEN,BEV,37
2026,4,CITROEN,Diesel,25
2026,4,CITROEN,Hybrid (Petrol),144
2026,4,CITROEN,Petrol,45
2026,4,CUPRA,BEV,95
2026,4,CUPRA,Hybrid (Petrol),70
2026,4,CUPRA,PHEV,35
2026,4,CUPRA,Petrol,336
2026,4,DACIA,BEV,33
2026,4,DACIA,Hybrid (Petrol),300
2026,4,DACIA,Petrol,194
2026,4,DODGE,Petrol,2
2026,4,DS,BEV,1
2026,4,DS,Diesel,4
2026,4,DS,Hybrid (Petrol),11
2026,4,DS,PHEV,9
2026,4,FERRARI,Hybrid (Petrol),15
2026,4,FERRARI,Petrol,42
2026,4,FIAT,BEV,46
2026,4,FIAT,Diesel,1
2026,4,FIAT,Hybrid (Petrol),88
2026,4,FIAT,Petrol,4
2026,4,FORD,BEV,102
2026,4,FORD,Diesel,72
2026,4,FORD,Hybrid (Petrol),159
2026,4,FORD,PHEV,50
2026,4,FORD,Petrol,52
2026,4,GENESIS,BEV,28
2026,4,HONDA,Hybrid (Petrol),192
2026,4,HONDA,PHEV,10
2026,4,HONDA,Petrol,12
2026,4,HYUNDAI,BEV,146
2026,4,HYUNDAI,Hybrid (Petrol),324
2026,4,HYUNDAI,PHEV,16
2026,4,HYUNDAI,Petrol,170
2026,4,INEOS,Diesel,5
2026,4,INEOS,Petrol,1
2026,4,JAC,BEV,43
2026,4,JAGUAR,Diesel,1
2026,4,JEEP,BEV,13
2026,4,JEEP,Hybrid (Petrol),60
2026,4,JEEP,PHEV,8
2026,4,KG MOBILITY,BEV,3
2026,4,KG MOBILITY,Diesel,4
2026,4,KG MOBILITY,Hybrid (Petrol),7
2026,4,KG MOBILITY,Petrol,19
2026,4,KIA,BEV,156
2026,4,KIA,Diesel,8
2026,4,KIA,Hybrid (Petrol),78
2026,4,KIA,PHEV,15
2026,4,KIA,Petrol,120
2026,4,LAMBORGHINI,Hybrid (Petrol),12
2026,4,LAMBORGHINI,Petrol,6
2026,4,LAND ROVER,Diesel,1
2026,4,LAND ROVER,Hybrid (Diesel),55
2026,4,LAND ROVER,Hybrid (Petrol),129
2026,4,LAND ROVER,PHEV,2
2026,4,LAND ROVER,Petrol,8
2026,4,LEAPMOTOR,BEV,113
2026,4,LEAPMOTOR,PHEV,27
2026,4,LEXUS,BEV,5
2026,4,LEXUS,Hybrid (Petrol),23
2026,4,LEXUS,PHEV,14
2026,4,LOTUS,BEV,2
2026,4,LOTUS,Petrol,2
2026,4,LUCID,BEV,5
2026,4,LYNK&CO,BEV,7
2026,4,LYNK&CO,PHEV,15
2026,4,MAN,Diesel,10
2026,4,MASERATI,Hybrid (Petrol),7
2026,4,MASERATI,Petrol,9
2026,4,MAZDA,BEV,13
2026,4,MAZDA,Hybrid (Diesel),26
2026,4,MAZDA,Hybrid (Petrol),226
2026,4,MAZDA,PHEV,28
2026,4,MAZDA,Petrol,13
2026,4,MC LAREN,Petrol,2
2026,4,MERCEDES-AMG,Petrol,10
2026,4,MERCEDES-BENZ,BEV,353
2026,4,MERCEDES-BENZ,Diesel,204
2026,4,MERCEDES-BENZ,Diesel PHEV,44
2026,4,MERCEDES-BENZ,Hybrid (Diesel),230
2026,4,MERCEDES-BENZ,Hybrid (Petrol),551
2026,4,MERCEDES-BENZ,PHEV,172
2026,4,MERCEDES-BENZ,Petrol,21
2026,4,MG,BEV,87
2026,4,MG,Hybrid (Petrol),209
2026,4,MG,PHEV,25
2026,4,MG,Petrol,12
2026,4,MINI,BEV,92
2026,4,MINI,Hybrid (Petrol),16
2026,4,MINI,Petrol,161
2026,4,MITSUBISHI,BEV,5
2026,4,MITSUBISHI,Hybrid (Petrol),85
2026,4,MITSUBISHI,PHEV,16
2026,4,MITSUBISHI,Petrol,8
2026,4,MORGAN,Petrol,6
2026,4,NISSAN,BEV,12
2026,4,NISSAN,Diesel,1
2026,4,NISSAN,Hybrid (Petrol),25
2026,4,NISSAN,Petrol,6
2026,4,OPEL,BEV,58
2026,4,OPEL,Diesel,12
2026,4,OPEL,Hybrid (Petrol),196
2026,4,OPEL,PHEV,3
2026,4,OPEL,Petrol,5
2026,4,PEUGEOT,BEV,60
2026,4,PEUGEOT,Diesel,35
2026,4,PEUGEOT,Hybrid (Petrol),247
2026,4,PEUGEOT,PHEV,12
2026,4,PEUGEOT,Petrol,4
2026,4,POLESTAR,BEV,81
2026,4,PORSCHE,BEV,56
2026,4,PORSCHE,Hybrid (Petrol),139
2026,4,PORSCHE,PHEV,50
2026,4,PORSCHE,Petrol,126
2026,4,RENAULT,BEV,197
2026,4,RENAULT,Diesel,13
2026,4,RENAULT,Hybrid (Petrol),412
2026,4,RENAULT,PHEV,99
2026,4,RENAULT,Petrol,30
2026,4,ROLLS ROYCE,Petrol,2
2026,4,SEAT,Diesel,7
2026,4,SEAT,Hybrid (Petrol),26
2026,4,SEAT,PHEV,3
2026,4,SEAT,Petrol,120
2026,4,SERES,BEV,1
2026,4,SKODA,BEV,734
2026,4,SKODA,Diesel,255
2026,4,SKODA,Hybrid (Petrol),74
2026,4,SKODA,PHEV,58
2026,4,SKODA,Petrol,949
2026,4,SMART,BEV,69
2026,4,SUBARU,BEV,23
2026,4,SUBARU,Hybrid (Petrol),71
2026,4,SUBARU,Petrol,15
2026,4,SUZUKI,BEV,62
2026,4,SUZUKI,Hybrid (Petrol),276
2026,4,TESLA,BEV,252
2026,4,TOYOTA,BEV,118
2026,4,TOYOTA,Diesel,19
2026,4,TOYOTA,Hybrid (Diesel),24
2026,4,TOYOTA,Hybrid (Petrol),779
2026,4,TOYOTA,Hydrogen,1
2026,4,TOYOTA,PHEV,67
2026,4,TOYOTA,Petrol,14
2026,4,UEBRIGE (SIEHE TYP),Petrol,1
2026,4,VOLVO,BEV,321
2026,4,VOLVO,Hybrid (Petrol),133
2026,4,VOLVO,PHEV,221
2026,4,VOLVO,Petrol,1
2026,4,VOYAH,BEV,1
2026,4,VW,BEV,240
2026,4,VW,Diesel,271
2026,4,VW,Hybrid (Petrol),448
2026,4,VW,PHEV,222
2026,4,VW,Petrol,744
2026,4,XPENG,BEV,34
2026,4,ZEEKR,BEV,86
2026,5,ABARTH,BEV,1
2026,5,ALFA ROMEO,BEV,4
2026,5,ALFA ROMEO,Hybrid (Petrol),20
2026,5,ALFA ROMEO,Petrol,1
2026,5,ALPINE,BEV,3
2026,5,ALPINE,Petrol,3
2026,5,ASTON MARTIN,Petrol,5
2026,5,AUDI,BEV,106
2026,5,AUDI,Diesel,2
2026,5,AUDI,Hybrid (Diesel),30
2026,5,AUDI,Hybrid (Petrol),83
2026,5,AUDI,PHEV,85
2026,5,AUDI,Petrol,177
2026,5,BENTLEY,Hybrid (Petrol),1
2026,5,BENTLEY,Petrol,3
2026,5,BMW,BEV,181
2026,5,BMW,Diesel,15
2026,5,BMW,Hybrid (Diesel),128
2026,5,BMW,Hybrid (Petrol),148
2026,5,BMW,PHEV,110
2026,5,BMW,Petrol,93
2026,5,BUGATTI,Petrol,1
2026,5,BYD,BEV,135
2026,5,BYD,Hybrid (Petrol),68
2026,5,BYD,PHEV,47
2026,5,CHEVROLET,Petrol,1
2026,5,CITROEN,BEV,12
2026,5,CITROEN,Diesel,7
2026,5,CITROEN,Hybrid (Petrol),55
2026,5,CITROEN,Petrol,12
2026,5,CUPRA,BEV,46
2026,5,CUPRA,Hybrid (Petrol),28
2026,5,CUPRA,PHEV,21
2026,5,CUPRA,Petrol,135
2026,5,DACIA,BEV,9
2026,5,DACIA,Hybrid (Petrol),88
2026,5,DACIA,Petrol,58
2026,5,DS,BEV,3
2026,5,DS,Hybrid (Petrol),2
2026,5,DS,PHEV,1
2026,5,FERRARI,Hybrid (Petrol),4
2026,5,FERRARI,Petrol,16
2026,5,FIAT,BEV,19
2026,5,FIAT,Hybrid (Petrol),48
2026,5,FIAT,Petrol,5
2026,5,FORD,BEV,32
2026,5,FORD,Diesel,31
2026,5,FORD,Hybrid (Petrol),35
2026,5,FORD,PHEV,28
2026,5,FORD,Petrol,26
2026,5,GMC,Petrol,1
2026,5,HONDA,Hybrid (Petrol),77
2026,5,HONDA,PHEV,1
2026,5,HONDA,Petrol,4
2026,5,HYUNDAI,BEV,81
2026,5,HYUNDAI,Hybrid (Petrol),141
2026,5,HYUNDAI,PHEV,8
2026,5,HYUNDAI,Petrol,74
2026,5,INEOS,Diesel,2
2026,5,INEOS,Petrol,1
2026,5,JAC,BEV,21
2026,5,JEEP,BEV,3
2026,5,JEEP,Hybrid (Petrol),35
2026,5,JEEP,Petrol,1
2026,5,JIAYUAN,BEV,1
2026,5,KG MOBILITY,BEV,2
2026,5,KG MOBILITY,Diesel,4
2026,5,KG MOBILITY,Hybrid (Petrol),4
2026,5,KG MOBILITY,Petrol,7
2026,5,KIA,BEV,77
2026,5,KIA,Diesel,6
2026,5,KIA,Hybrid (Petrol),34
2026,5,KIA,PHEV,3
2026,5,KIA,Petrol,35
2026,5,LAMBORGHINI,Hybrid (Petrol),10
2026,5,LAMBORGHINI,PHEV,1
2026,5,LAMBORGHINI,Petrol,1
2026,5,LAND ROVER,Hybrid (Diesel),24
2026,5,LAND ROVER,Hybrid (Petrol),48
2026,5,LAND ROVER,PHEV,1
2026,5,LAND ROVER,Petrol,1
2026,5,LEAPMOTOR,BEV,29
2026,5,LEAPMOTOR,PHEV,14
2026,5,LEXUS,BEV,6
2026,5,LEXUS,Hybrid (Petrol),7
2026,5,LEXUS,PHEV,5
2026,5,LUCID,BEV,1
2026,5,LYNK&CO,BEV,2
2026,5,LYNK&CO,PHEV,2
2026,5,MASERATI,BEV,1
2026,5,MASERATI,Hybrid (Petrol),1
2026,5,MASERATI,Petrol,2
2026,5,MAZDA,BEV,4
2026,5,MAZDA,Hybrid (Diesel),10
2026,5,MAZDA,Hybrid (Petrol),97
2026,5,MAZDA,PHEV,8
2026,5,MAZDA,Petrol,5
2026,5,MC LAREN,Petrol,1
2026,5,MERCEDES-AMG,Petrol,4
2026,5,MERCEDES-BENZ,BEV,120
2026,5,MERCEDES-BENZ,Diesel,100
2026,5,MERCEDES-BENZ,Diesel PHEV,21
2026,5,MERCEDES-BENZ,Hybrid (Diesel),135
2026,5,MERCEDES-BENZ,Hybrid (Petrol),203
2026,5,MERCEDES-BENZ,PHEV,89
2026,5,MERCEDES-BENZ,Petrol,10
2026,5,MG,BEV,21
2026,5,MG,Hybrid (Petrol),107
2026,5,MG,PHEV,2
2026,5,MG,Petrol,2
2026,5,MINI,BEV,66
2026,5,MINI,Hybrid (Petrol),11
2026,5,MINI,Petrol,127
2026,5,MITSUBISHI,Hybrid (Petrol),27
2026,5,MITSUBISHI,PHEV,1
2026,5,MITSUBISHI,Petrol,2
2026,5,MORGAN,Petrol,1
2026,5,NISSAN,BEV,4
2026,5,NISSAN,Diesel,1
2026,5,NISSAN,Hybrid (Petrol),7
2026,5,NISSAN,Petrol,3
2026,5,OPEL,BEV,24
2026,5,OPEL,Diesel,2
2026,5,OPEL,Hybrid (Petrol),53
2026,5,OPEL,Petrol,2
2026,5,PEUGEOT,BEV,15
2026,5,PEUGEOT,Diesel,2
2026,5,PEUGEOT,Hybrid (Petrol),34
2026,5,PEUGEOT,PHEV,3
2026,5,PEUGEOT,Petrol,2
2026,5,POLESTAR,BEV,35
2026,5,PORSCHE,BEV,30
2026,5,PORSCHE,Hybrid (Petrol),57
2026,5,PORSCHE,PHEV,22
2026,5,PORSCHE,Petrol,64
2026,5,RENAULT,BEV,80
2026,5,RENAULT,Diesel,32
2026,5,RENAULT,Hybrid (Petrol),178
2026,5,RENAULT,PHEV,16
2026,5,RENAULT,Petrol,59
2026,5,ROLLS ROYCE,BEV,1
2026,5,SEAT,Diesel,2
2026,5,SEAT,Hybrid (Petrol),17
2026,5,SEAT,Petrol,60
2026,5,SKODA,BEV,296
2026,5,SKODA,Diesel,104
2026,5,SKODA,Hybrid (Petrol),62
2026,5,SKODA,PHEV,28
2026,5,SKODA,Petrol,496
2026,5,SMART,BEV,51
2026,5,SUBARU,BEV,11
2026,5,SUBARU,Hybrid (Petrol),22
2026,5,SUBARU,Petrol,9
2026,5,SUZUKI,BEV,17
2026,5,SUZUKI,Hybrid (Petrol),136
2026,5,SUZUKI,PHEV,2
2026,5,TESLA,BEV,160
2026,5,TOYOTA,BEV,95
2026,5,TOYOTA,Diesel,5
2026,5,TOYOTA,Hybrid (Diesel),11
2026,5,TOYOTA,Hybrid (Petrol),318
2026,5,TOYOTA,PHEV,30
2026,5,TOYOTA,Petrol,7
2026,5,UEBRIGE (SIEHE TYP),Hybrid (Petrol),1
2026,5,UEBRIGE (SIEHE TYP),Petrol,1
2026,5,VOLVO,BEV,143
2026,5,VOLVO,Hybrid (Petrol),76
2026,5,VOLVO,PHEV,99
2026,5,VW,BEV,114
2026,5,VW,Diesel,137
2026,5,VW,Hybrid (Petrol),231
2026,5,VW,PHEV,121
2026,5,VW,Petrol,379
2026,5,XPENG,BEV,24
2026,5,ZEEKR,BEV,60
